ID,rodata,mandante,visitante,vencedor,mandante_Placar,visitante_Placar,rodada_origem
1,1.0,Barueri,Avaí,Empate,0,0,sintetica
2,1.0,CRB,Brasiliense,CRB,3,1,sintetica
3,1.0,Ceará,Coritiba,Empate,2,2,sintetica
4,1.0,Ipatinga,Ponte Preta,Ipatinga,3,1,sintetica
5,1.0,Ituano,Criciúma,Empate,1,1,sintetica
6,1.0,Paulista,Gama,Paulista,2,1,sintetica
7,1.0,Remo,Marília,Marília,1,3,sintetica
8,1.0,Santa Cruz,Portuguesa,Empate,2,2,sintetica
9,1.0,Santo André,Fortaleza,Empate,1,1,sintetica
10,1.0,Vitória,São Caetano,Vitória,3,2,sintetica
11,2.0,Avaí,Fortaleza,Fortaleza,0,2,sintetica
12,2.0,Brasiliense,Ituano,Brasiliense,5,1,sintetica
13,2.0,Ceará,Santa Cruz,Ceará,3,0,sintetica
14,2.0,Criciúma,Ponte Preta,Ponte Preta,0,2,sintetica
15,2.0,Gama,Remo,Gama,3,1,sintetica
16,2.0,Ipatinga,Coritiba,Ipatinga,1,0,sintetica
17,2.0,Marília,CRB,Empate,2,2,sintetica
18,2.0,Portuguesa,Santo André,Portuguesa,3,0,sintetica
19,2.0,São Caetano,Paulista,São Caetano,2,0,sintetica
20,2.0,Vitória,Barueri,Vitória,2,1,sintetica
21,3.0,Barueri,Paulista,Barueri,2,1,sintetica
22,3.0,CRB,Gama,Empate,1,1,sintetica
23,3.0,Ceará,Santo André,Santo André,1,2,sintetica
24,3.0,Criciúma,Coritiba,Criciúma,3,1,sintetica
25,3.0,Ipatinga,Santa Cruz,Ipatinga,2,1,sintetica
26,3.0,Marília,Brasiliense,Brasiliense,1,2,sintetica
27,3.0,Ponte Preta,Ituano,Ponte Preta,2,1,sintetica
28,3.0,Portuguesa,Avaí,Portuguesa,3,1,sintetica
29,3.0,Remo,São Caetano,São Caetano,0,1,sintetica
30,3.0,Vitória,Fortaleza,Vitória,6,0,sintetica
31,4.0,Ceará,Avaí,Ceará,1,0,sintetica
32,4.0,Criciúma,Santa Cruz,Criciúma,2,0,sintetica
33,4.0,Fortaleza,Paulista,Fortaleza,2,1,sintetica
34,4.0,Gama,Brasiliense,Brasiliense,1,2,sintetica
35,4.0,Ipatinga,Santo André,Ipatinga,2,1,sintetica
36,4.0,Ituano,Marília,Empate,1,1,sintetica
37,4.0,Ponte Preta,Coritiba,Empate,1,1,sintetica
38,4.0,Portuguesa,Vitória,Portuguesa,1,0,sintetica
39,4.0,Remo,Barueri,Barueri,1,2,sintetica
40,4.0,São Caetano,CRB,São Caetano,4,0,sintetica
41,5.0,Brasiliense,São Caetano,Empate,0,0,sintetica
42,5.0,CRB,Barueri,CRB,4,1,sintetica
43,5.0,Criciúma,Santo André,Santo André,0,2,sintetica
44,5.0,Fortaleza,Remo,Fortaleza,3,0,sintetica
45,5.0,Ipatinga,Avaí,Empate,2,2,sintetica
46,5.0,Ituano,Coritiba,Coritiba,0,1,sintetica
47,5.0,Marília,Gama,Marília,3,1,sintetica
48,5.0,Paulista,Portuguesa,Empate,2,2,sintetica
49,5.0,Ponte Preta,Santa Cruz,Ponte Preta,6,0,sintetica
50,5.0,Vitória,Ceará,Empate,2,2,sintetica
51,6.0,Avaí,Criciúma,Avaí,1,0,sintetica
52,6.0,Brasiliense,Barueri,Empate,0,0,sintetica
53,6.0,Fortaleza,CRB,CRB,1,2,sintetica
54,6.0,Gama,Ituano,Gama,3,1,sintetica
55,6.0,Marília,São Caetano,Marília,3,0,sintetica
56,6.0,Paulista,Ceará,Empate,0,0,sintetica
57,6.0,Ponte Preta,Santo André,Ponte Preta,2,1,sintetica
58,6.0,Portuguesa,Remo,Portuguesa,1,0,sintetica
59,6.0,Santa Cruz,Coritiba,Coritiba,2,3,sintetica
60,6.0,Vitória,Ipatinga,Vitória,4,0,sintetica
61,7.0,Coritiba,Santo André,Coritiba,2,1,sintetica
62,7.0,Criciúma,Vitória,Criciúma,2,0,sintetica
63,7.0,Fortaleza,Brasiliense,Brasiliense,0,1,sintetica
64,7.0,Gama,São Caetano,Gama,2,0,sintetica
65,7.0,Ipatinga,Paulista,Ipatinga,2,0,sintetica
66,7.0,Marília,Barueri,Marília,2,1,sintetica
67,7.0,Ponte Preta,Avaí,Empate,0,0,sintetica
68,7.0,Portuguesa,CRB,Empate,1,1,sintetica
69,7.0,Remo,Ceará,Remo,2,0,sintetica
70,7.0,Santa Cruz,Ituano,Santa Cruz,1,0,sintetica
71,8.0,Avaí,Coritiba,Avaí,1,0,sintetica
72,8.0,Brasiliense,Portuguesa,Empate,1,1,sintetica
73,8.0,Ceará,CRB,Ceará,2,1,sintetica
74,8.0,Fortaleza,Marília,Fortaleza,3,1,sintetica
75,8.0,Gama,Barueri,Gama,5,3,sintetica
76,8.0,Paulista,Criciúma,Paulista,3,1,sintetica
77,8.0,Ponte Preta,Vitória,Vitória,0,3,sintetica
78,8.0,Remo,Ipatinga,Remo,1,0,sintetica
79,8.0,Santo André,Santa Cruz,Santo André,3,0,sintetica
80,8.0,São Caetano,Ituano,Empate,2,2,sintetica
81,9.0,Avaí,Santa Cruz,Empate,0,0,sintetica
82,9.0,Barueri,São Caetano,São Caetano,0,2,sintetica
83,9.0,Brasiliense,Ceará,Brasiliense,3,2,sintetica
84,9.0,CRB,Ipatinga,Empate,0,0,sintetica
85,9.0,Coritiba,Vitória,Empate,2,2,sintetica
86,9.0,Gama,Fortaleza,Gama,3,1,sintetica
87,9.0,Marília,Portuguesa,Portuguesa,1,2,sintetica
88,9.0,Ponte Preta,Paulista,Empate,1,1,sintetica
89,9.0,Remo,Criciúma,Criciúma,1,2,sintetica
90,9.0,Santo André,Ituano,Santo André,3,0,sintetica
91,10.0,Avaí,Santo André,Avaí,1,0,sintetica
92,10.0,Ceará,Marília,Empate,1,1,sintetica
93,10.0,Coritiba,Paulista,Coritiba,3,1,sintetica
94,10.0,Criciúma,CRB,Criciúma,3,0,sintetica
95,10.0,Ipatinga,Brasiliense,Ipatinga,3,0,sintetica
96,10.0,Ituano,Barueri,Barueri,0,3,sintetica
97,10.0,Portuguesa,Gama,Portuguesa,1,0,sintetica
98,10.0,Remo,Ponte Preta,Ponte Preta,0,1,sintetica
99,10.0,Santa Cruz,Vitória,Vitória,1,3,sintetica
100,10.0,São Caetano,Fortaleza,São Caetano,1,0,sintetica
101,11.0,Barueri,Fortaleza,Barueri,2,1,sintetica
102,11.0,CRB,Ponte Preta,CRB,1,0,sintetica
103,11.0,Criciúma,Brasiliense,Criciúma,2,1,sintetica
104,11.0,Gama,Ceará,Gama,4,2,sintetica
105,11.0,Ipatinga,Marília,Ipatinga,3,2,sintetica
106,11.0,Ituano,Avaí,Empate,1,1,sintetica
107,11.0,Remo,Coritiba,Coritiba,1,2,sintetica
108,11.0,Santa Cruz,Paulista,Santa Cruz,1,0,sintetica
109,11.0,São Caetano,Portuguesa,Portuguesa,1,2,sintetica
110,11.0,Vitória,Santo André,Santo André,0,1,sintetica
111,12.0,Barueri,Portuguesa,Barueri,1,0,sintetica
112,12.0,CRB,Coritiba,CRB,1,0,sintetica
113,12.0,Ceará,São Caetano,São Caetano,2,3,sintetica
114,12.0,Ipatinga,Gama,Ipatinga,3,0,sintetica
115,12.0,Ituano,Fortaleza,Ituano,1,0,sintetica
116,12.0,Marília,Criciúma,Marília,1,0,sintetica
117,12.0,Ponte Preta,Brasiliense,Empate,2,2,sintetica
118,12.0,Remo,Santa Cruz,Remo,2,1,sintetica
119,12.0,Santo André,Paulista,Santo André,1,0,sintetica
120,12.0,Vitória,Avaí,Vitória,5,1,sintetica
121,13.0,Avaí,Paulista,Avaí,2,0,sintetica
122,13.0,Barueri,Ceará,Barueri,2,1,sintetica
123,13.0,Brasiliense,Coritiba,Coritiba,0,1,sintetica
124,13.0,CRB,Santa Cruz,Empate,2,2,sintetica
125,13.0,Gama,Criciúma,Criciúma,1,2,sintetica
126,13.0,Ipatinga,São Caetano,Ipatinga,1,0,sintetica
127,13.0,Ituano,Vitória,Ituano,3,1,sintetica
128,13.0,Ponte Preta,Marília,Marília,1,2,sintetica
129,13.0,Portuguesa,Fortaleza,Portuguesa,1,0,sintetica
130,13.0,Santo André,Remo,Santo André,4,3,sintetica
131,14.0,Ceará,Fortaleza,Fortaleza,0,1,sintetica
132,14.0,Coritiba,Marília,Marília,2,3,sintetica
133,14.0,Ipatinga,Barueri,Empate,0,0,sintetica
134,14.0,Paulista,Vitória,Paulista,3,0,sintetica
135,14.0,Ponte Preta,Gama,Ponte Preta,1,0,sintetica
136,14.0,Portuguesa,Ituano,Portuguesa,3,1,sintetica
137,14.0,Remo,Avaí,Empate,2,2,sintetica
138,14.0,Santa Cruz,Brasiliense,Santa Cruz,1,0,sintetica
139,14.0,Santo André,CRB,CRB,1,3,sintetica
140,14.0,São Caetano,Criciúma,São Caetano,1,0,sintetica
141,15.0,Avaí,CRB,Avaí,4,2,sintetica
142,15.0,Barueri,Criciúma,Barueri,2,1,sintetica
143,15.0,Brasiliense,Santo André,Empate,1,1,sintetica
144,15.0,Gama,Coritiba,Gama,1,0,sintetica
145,15.0,Ipatinga,Fortaleza,Empate,1,1,sintetica
146,15.0,Ituano,Paulista,Ituano,3,1,sintetica
147,15.0,Ponte Preta,São Caetano,Empate,1,1,sintetica
148,15.0,Portuguesa,Ceará,Ceará,1,2,sintetica
149,15.0,Remo,Vitória,Vitória,1,2,sintetica
150,15.0,Santa Cruz,Marília,Santa Cruz,1,0,sintetica
151,16.0,Brasiliense,Avaí,Brasiliense,3,1,sintetica
152,16.0,Ceará,Ituano,Ceará,3,0,sintetica
153,16.0,Criciúma,Fortaleza,Criciúma,2,0,sintetica
154,16.0,Paulista,Remo,Paulista,2,0,sintetica
155,16.0,Ponte Preta,Barueri,Empate,2,2,sintetica
156,16.0,Portuguesa,Ipatinga,Ipatinga,2,3,sintetica
157,16.0,Santa Cruz,Gama,Empate,1,1,sintetica
158,16.0,Santo André,Marília,Marília,1,2,sintetica
159,16.0,São Caetano,Coritiba,Empate,1,1,sintetica
160,16.0,Vitória,CRB,Vitória,4,1,sintetica
161,17.0,Ceará,Ipatinga,Ceará,2,0,sintetica
162,17.0,Coritiba,Barueri,Coritiba,4,1,sintetica
163,17.0,Criciúma,Portuguesa,Empate,2,2,sintetica
164,17.0,Fortaleza,Ponte Preta,Empate,1,1,sintetica
165,17.0,Gama,Santo André,Empate,1,1,sintetica
166,17.0,Ituano,Remo,Ituano,2,1,sintetica
167,17.0,Marília,Avaí,Marília,4,3,sintetica
168,17.0,Paulista,CRB,Empate,2,2,sintetica
169,17.0,Santa Cruz,São Caetano,Empate,2,2,sintetica
170,17.0,Vitória,Brasiliense,Vitória,1,0,sintetica
171,18.0,Brasiliense,Paulista,Brasiliense,4,1,sintetica
172,18.0,Coritiba,Fortaleza,Coritiba,1,0,sintetica
173,18.0,Criciúma,Ceará,Empate,0,0,sintetica
174,18.0,Gama,Avaí,Gama,4,2,sintetica
175,18.0,Ituano,Ipatinga,Empate,2,2,sintetica
176,18.0,Ponte Preta,Portuguesa,Portuguesa,2,4,sintetica
177,18.0,Remo,CRB,Remo,1,0,sintetica
178,18.0,Santa Cruz,Barueri,Santa Cruz,3,0,sintetica
179,18.0,Santo André,São Caetano,Empate,1,1,sintetica
180,18.0,Vitória,Marília,Vitória,4,1,sintetica
181,19.0,Avaí,São Caetano,Empate,1,1,sintetica
182,19.0,Barueri,Santo André,Empate,1,1,sintetica
183,19.0,CRB,Ituano,CRB,3,1,sintetica
184,19.0,Fortaleza,Santa Cruz,Fortaleza,2,1,sintetica
185,19.0,Gama,Vitória,Gama,1,0,sintetica
186,19.0,Ipatinga,Criciúma,Criciúma,0,2,sintetica
187,19.0,Paulista,Marília,Marília,0,2,sintetica
188,19.0,Ponte Preta,Ceará,Empate,1,1,sintetica
189,19.0,Portuguesa,Coritiba,Portuguesa,3,1,sintetica
190,19.0,Remo,Brasiliense,Remo,5,1,sintetica
191,20.0,Avaí,Barueri,Empate,1,1,sintetica
192,20.0,Brasiliense,CRB,Empate,1,1,sintetica
193,20.0,Coritiba,Ceará,Coritiba,2,0,sintetica
194,20.0,Criciúma,Ituano,Criciúma,3,0,sintetica
195,20.0,Fortaleza,Santo André,Fortaleza,2,0,sintetica
196,20.0,Gama,Paulista,Paulista,3,4,sintetica
197,20.0,Marília,Remo,Marília,2,1,sintetica
198,20.0,Ponte Preta,Ipatinga,Ponte Preta,5,1,sintetica
199,20.0,Portuguesa,Santa Cruz,Empate,2,2,sintetica
200,20.0,São Caetano,Vitória,São Caetano,2,0,sintetica
201,21.0,Barueri,Vitória,Barueri,3,1,sintetica
202,21.0,CRB,Marília,Marília,0,1,sintetica
203,21.0,Coritiba,Ipatinga,Coritiba,1,0,sintetica
204,21.0,Fortaleza,Avaí,Empate,3,3,sintetica
205,21.0,Ituano,Brasiliense,Ituano,3,0,sintetica
206,21.0,Paulista,São Caetano,São Caetano,0,1,sintetica
207,21.0,Ponte Preta,Criciúma,Ponte Preta,3,2,sintetica
208,21.0,Remo,Gama,Empate,3,3,sintetica
209,21.0,Santa Cruz,Ceará,Empate,1,1,sintetica
210,21.0,Santo André,Portuguesa,Empate,2,2,sintetica
211,22.0,Avaí,Portuguesa,Empate,1,1,sintetica
212,22.0,Brasiliense,Marília,Empate,2,2,sintetica
213,22.0,Coritiba,Criciúma,Coritiba,1,0,sintetica
214,22.0,Fortaleza,Vitória,Fortaleza,2,1,sintetica
215,22.0,Gama,CRB,Gama,1,0,sintetica
216,22.0,Ituano,Ponte Preta,Empate,1,1,sintetica
217,22.0,Paulista,Barueri,Paulista,7,0,sintetica
218,22.0,Santa Cruz,Ipatinga,Santa Cruz,2,1,sintetica
219,22.0,Santo André,Ceará,Santo André,5,2,sintetica
220,22.0,São Caetano,Remo,São Caetano,3,1,sintetica
221,23.0,Avaí,Ceará,Avaí,2,0,sintetica
222,23.0,Barueri,Remo,Barueri,2,1,sintetica
223,23.0,Brasiliense,Gama,Empate,0,0,sintetica
224,23.0,CRB,São Caetano,CRB,1,0,sintetica
225,23.0,Coritiba,Ponte Preta,Coritiba,2,1,sintetica
226,23.0,Marília,Ituano,Marília,4,3,sintetica
227,23.0,Paulista,Fortaleza,Paulista,1,0,sintetica
228,23.0,Santa Cruz,Criciúma,Santa Cruz,2,1,sintetica
229,23.0,Santo André,Ipatinga,Empate,0,0,sintetica
230,23.0,Vitória,Portuguesa,Portuguesa,2,3,sintetica
231,24.0,Avaí,Ipatinga,Avaí,1,0,sintetica
232,24.0,Barueri,CRB,CRB,2,3,sintetica
233,24.0,Ceará,Vitória,Vitória,0,3,sintetica
234,24.0,Coritiba,Ituano,Coritiba,2,0,sintetica
235,24.0,Gama,Marília,Gama,1,0,sintetica
236,24.0,Portuguesa,Paulista,Empate,1,1,sintetica
237,24.0,Remo,Fortaleza,Remo,3,2,sintetica
238,24.0,Santa Cruz,Ponte Preta,Empate,1,1,sintetica
239,24.0,Santo André,Criciúma,Empate,3,3,sintetica
240,24.0,São Caetano,Brasiliense,São Caetano,1,0,sintetica
241,25.0,Barueri,Brasiliense,Empate,2,2,sintetica
242,25.0,CRB,Fortaleza,Fortaleza,1,2,sintetica
243,25.0,Ceará,Paulista,Ceará,2,1,sintetica
244,25.0,Coritiba,Santa Cruz,Coritiba,2,0,sintetica
245,25.0,Criciúma,Avaí,Criciúma,2,1,sintetica
246,25.0,Ipatinga,Vitória,Ipatinga,1,0,sintetica
247,25.0,Ituano,Gama,Empate,1,1,sintetica
248,25.0,Remo,Portuguesa,Remo,1,0,sintetica
249,25.0,Santo André,Ponte Preta,Ponte Preta,0,2,sintetica
250,25.0,São Caetano,Marília,Empate,1,1,sintetica
251,26.0,Avaí,Ponte Preta,Ponte Preta,2,3,sintetica
252,26.0,Barueri,Marília,Barueri,4,3,sintetica
253,26.0,Brasiliense,Fortaleza,Fortaleza,1,3,sintetica
254,26.0,CRB,Portuguesa,CRB,1,0,sintetica
255,26.0,Ceará,Remo,Ceará,2,1,sintetica
256,26.0,Ituano,Santa Cruz,Santa Cruz,0,2,sintetica
257,26.0,Paulista,Ipatinga,Ipatinga,2,5,sintetica
258,26.0,Santo André,Coritiba,Empate,0,0,sintetica
259,26.0,São Caetano,Gama,Empate,0,0,sintetica
260,26.0,Vitória,Criciúma,Empate,0,0,sintetica
261,27.0,Barueri,Gama,Gama,0,2,sintetica
262,27.0,CRB,Ceará,Ceará,0,4,sintetica
263,27.0,Coritiba,Avaí,Coritiba,1,0,sintetica
264,27.0,Criciúma,Paulista,Paulista,1,2,sintetica
265,27.0,Ipatinga,Remo,Ipatinga,3,0,sintetica
266,27.0,Ituano,São Caetano,Ituano,2,1,sintetica
267,27.0,Marília,Fortaleza,Fortaleza,1,2,sintetica
268,27.0,Portuguesa,Brasiliense,Empate,1,1,sintetica
269,27.0,Santa Cruz,Santo André,Santo André,0,1,sintetica
270,27.0,Vitória,Ponte Preta,Vitória,4,0,sintetica
271,28.0,Ceará,Brasiliense,Brasiliense,1,3,sintetica
272,28.0,Criciúma,Remo,Empate,0,0,sintetica
273,28.0,Fortaleza,Gama,Gama,2,3,sintetica
274,28.0,Ipatinga,CRB,Ipatinga,4,0,sintetica
275,28.0,Ituano,Santo André,Empate,0,0,sintetica
276,28.0,Paulista,Ponte Preta,Empate,2,2,sintetica
277,28.0,Portuguesa,Marília,Portuguesa,2,0,sintetica
278,28.0,Santa Cruz,Avaí,Empate,2,2,sintetica
279,28.0,São Caetano,Barueri,Empate,1,1,sintetica
280,28.0,Vitória,Coritiba,Vitória,3,1,sintetica
281,29.0,Barueri,Ituano,Barueri,3,2,sintetica
282,29.0,Brasiliense,Ipatinga,Brasiliense,1,0,sintetica
283,29.0,CRB,Criciúma,CRB,2,0,sintetica
284,29.0,Fortaleza,São Caetano,São Caetano,0,1,sintetica
285,29.0,Gama,Portuguesa,Portuguesa,1,2,sintetica
286,29.0,Marília,Ceará,Empate,2,2,sintetica
287,29.0,Paulista,Coritiba,Paulista,3,2,sintetica
288,29.0,Ponte Preta,Remo,Empate,1,1,sintetica
289,29.0,Santo André,Avaí,Santo André,3,0,sintetica
290,29.0,Vitória,Santa Cruz,Vitória,1,0,sintetica
291,30.0,Avaí,Ituano,Avaí,4,0,sintetica
292,30.0,Brasiliense,Criciúma,Empate,1,1,sintetica
293,30.0,Ceará,Gama,Ceará,3,0,sintetica
294,30.0,Coritiba,Remo,Coritiba,2,1,sintetica
295,30.0,Fortaleza,Barueri,Fortaleza,2,0,sintetica
296,30.0,Marília,Ipatinga,Marília,2,1,sintetica
297,30.0,Paulista,Santa Cruz,Empate,2,2,sintetica
298,30.0,Ponte Preta,CRB,Ponte Preta,2,1,sintetica
299,30.0,Portuguesa,São Caetano,Empate,0,0,sintetica
300,30.0,Santo André,Vitória,Vitória,0,2,sintetica
301,31.0,Avaí,Vitória,Avaí,1,0,sintetica
302,31.0,Brasiliense,Ponte Preta,Brasiliense,1,0,sintetica
303,31.0,Coritiba,CRB,Coritiba,2,1,sintetica
304,31.0,Criciúma,Marília,Criciúma,2,1,sintetica
305,31.0,Fortaleza,Ituano,Fortaleza,2,0,sintetica
306,31.0,Gama,Ipatinga,Ipatinga,0,2,sintetica
307,31.0,Paulista,Santo André,Paulista,3,1,sintetica
308,31.0,Portuguesa,Barueri,Portuguesa,6,2,sintetica
309,31.0,Santa Cruz,Remo,Empate,4,4,sintetica
310,31.0,São Caetano,Ceará,Empate,3,3,sintetica
311,32.0,Ceará,Barueri,Ceará,2,1,sintetica
312,32.0,Coritiba,Brasiliense,Coritiba,2,1,sintetica
313,32.0,Criciúma,Gama,Criciúma,4,0,sintetica
314,32.0,Fortaleza,Portuguesa,Fortaleza,3,1,sintetica
315,32.0,Marília,Ponte Preta,Marília,3,2,sintetica
316,32.0,Paulista,Avaí,Avaí,0,1,sintetica
317,32.0,Remo,Santo André,Santo André,1,2,sintetica
318,32.0,Santa Cruz,CRB,Santa Cruz,4,1,sintetica
319,32.0,São Caetano,Ipatinga,Ipatinga,0,1,sintetica
320,32.0,Vitória,Ituano,Empate,0,0,sintetica
321,33.0,Avaí,Remo,Remo,2,3,sintetica
322,33.0,Barueri,Ipatinga,Barueri,4,2,sintetica
323,33.0,Brasiliense,Santa Cruz,Brasiliense,3,0,sintetica
324,33.0,CRB,Santo André,Santo André,1,2,sintetica
325,33.0,Criciúma,São Caetano,Criciúma,3,2,sintetica
326,33.0,Fortaleza,Ceará,Fortaleza,1,0,sintetica
327,33.0,Gama,Ponte Preta,Empate,1,1,sintetica
328,33.0,Ituano,Portuguesa,Ituano,2,1,sintetica
329,33.0,Marília,Coritiba,Coritiba,0,2,sintetica
330,33.0,Vitória,Paulista,Paulista,0,1,sintetica
331,34.0,CRB,Avaí,CRB,3,1,sintetica
332,34.0,Ceará,Portuguesa,Empate,0,0,sintetica
333,34.0,Coritiba,Gama,Empate,1,1,sintetica
334,34.0,Criciúma,Barueri,Criciúma,2,0,sintetica
335,34.0,Fortaleza,Ipatinga,Empate,0,0,sintetica
336,34.0,Marília,Santa Cruz,Marília,1,0,sintetica
337,34.0,Paulista,Ituano,Ituano,2,3,sintetica
338,34.0,Santo André,Brasiliense,Brasiliense,1,2,sintetica
339,34.0,São Caetano,Ponte Preta,Ponte Preta,0,1,sintetica
340,34.0,Vitória,Remo,Empate,1,1,sintetica
341,35.0,Avaí,Brasiliense,Avaí,4,2,sintetica
342,35.0,Barueri,Ponte Preta,Barueri,2,1,sintetica
343,35.0,CRB,Vitória,CRB,4,3,sintetica
344,35.0,Coritiba,São Caetano,São Caetano,0,1,sintetica
345,35.0,Fortaleza,Criciúma,Fortaleza,2,0,sintetica
346,35.0,Gama,Santa Cruz,Gama,2,1,sintetica
347,35.0,Ipatinga,Portuguesa,Ipatinga,1,0,sintetica
348,35.0,Ituano,Ceará,Ceará,2,3,sintetica
349,35.0,Marília,Santo André,Marília,4,2,sintetica
350,35.0,Remo,Paulista,Remo,3,2,sintetica
351,36.0,Avaí,Marília,Empate,1,1,sintetica
352,36.0,Barueri,Coritiba,Coritiba,0,1,sintetica
353,36.0,Brasiliense,Vitória,Brasiliense,6,0,sintetica
354,36.0,CRB,Paulista,Empate,1,1,sintetica
355,36.0,Ipatinga,Ceará,Ipatinga,4,1,sintetica
356,36.0,Ponte Preta,Fortaleza,Ponte Preta,2,0,sintetica
357,36.0,Portuguesa,Criciúma,Portuguesa,3,1,sintetica
358,36.0,Remo,Ituano,Remo,2,0,sintetica
359,36.0,Santo André,Gama,Santo André,1,0,sintetica
360,36.0,São Caetano,Santa Cruz,Empate,2,2,sintetica
361,37.0,Avaí,Gama,Avaí,1,0,sintetica
362,37.0,Barueri,Santa Cruz,Barueri,5,1,sintetica
363,37.0,CRB,Remo,CRB,3,1,sintetica
364,37.0,Ceará,Criciúma,Empate,1,1,sintetica
365,37.0,Fortaleza,Coritiba,Fortaleza,4,1,sintetica
366,37.0,Ipatinga,Ituano,Ipatinga,5,1,sintetica
367,37.0,Marília,Vitória,Vitória,1,2,sintetica
368,37.0,Paulista,Brasiliense,Paulista,2,0,sintetica
369,37.0,Portuguesa,Ponte Preta,Portuguesa,3,2,sintetica
370,37.0,São Caetano,Santo André,Empate,1,1,sintetica
371,38.0,Brasiliense,Remo,Brasiliense,3,2,sintetica
372,38.0,Ceará,Ponte Preta,Ceará,4,1,sintetica
373,38.0,Coritiba,Portuguesa,Coritiba,2,0,sintetica
374,38.0,Criciúma,Ipatinga,Ipatinga,0,1,sintetica
375,38.0,Ituano,CRB,CRB,0,1,sintetica
376,38.0,Marília,Paulista,Empate,2,2,sintetica
377,38.0,Santa Cruz,Fortaleza,Santa Cruz,1,0,sintetica
378,38.0,Santo André,Barueri,Empate,1,1,sintetica
379,38.0,São Caetano,Avaí,Avaí,0,1,sintetica
380,38.0,Vitória,Gama,Vitória,3,1,sintetica
381,1.0,Avaí,Bragantino,Avaí,3,1,sintetica
382,1.0,Barueri,Ceará,Barueri,4,3,sintetica
383,1.0,CRB,Brasiliense,CRB,2,1,sintetica
384,1.0,Corinthians,Bahia,Bahia,0,1,sintetica
385,1.0,Criciúma,Marília,Criciúma,3,2,sintetica
386,1.0,Fortaleza,Paraná,Fortaleza,4,1,sintetica
387,1.0,Juventude,São Caetano,São Caetano,3,4,sintetica
388,1.0,Ponte Preta,Gama,Gama,1,2,sintetica
389,1.0,Santo André,ABC,Santo André,4,2,sintetica
390,1.0,Vila Nova,América-RN,Vila Nova,3,2,sintetica
391,2.0,Bahia,ABC,Empate,1,1,sintetica
392,2.0,Bragantino,CRB,Bragantino,3,2,sintetica
393,2.0,Brasiliense,Juventude,Empate,2,2,sintetica
394,2.0,Ceará,Santo André,Santo André,2,3,sintetica
395,2.0,Corinthians,São Caetano,Corinthians,1,0,sintetica
396,2.0,Criciúma,Avaí,Empate,1,1,sintetica
397,2.0,Gama,Barueri,Barueri,0,2,sintetica
398,2.0,Paraná,Marília,Paraná,1,0,sintetica
399,2.0,Ponte Preta,América-RN,Ponte Preta,2,0,sintetica
400,2.0,Vila Nova,Fortaleza,Vila Nova,1,0,sintetica
401,3.0,América-RN,Barueri,América-RN,3,1,sintetica
402,3.0,Avaí,Paraná,Avaí,3,1,sintetica
403,3.0,Bragantino,Juventude,Juventude,0,1,sintetica
404,3.0,Brasiliense,Corinthians,Empate,1,1,sintetica
405,3.0,Criciúma,CRB,Criciúma,3,0,sintetica
406,3.0,Gama,Ceará,Gama,1,0,sintetica
407,3.0,Marília,Vila Nova,Marília,1,0,sintetica
408,3.0,Ponte Preta,Fortaleza,Empate,2,2,sintetica
409,3.0,Santo André,Bahia,Santo André,2,0,sintetica
410,3.0,São Caetano,ABC,ABC,0,4,sintetica
411,4.0,Avaí,Vila Nova,Avaí,4,1,sintetica
412,4.0,Barueri,Fortaleza,Barueri,1,0,sintetica
413,4.0,Bragantino,Corinthians,Empate,1,1,sintetica
414,4.0,Brasiliense,ABC,Brasiliense,1,0,sintetica
415,4.0,CRB,Paraná,CRB,3,0,sintetica
416,4.0,Ceará,Bahia,Empate,2,2,sintetica
417,4.0,Gama,América-RN,Empate,2,2,sintetica
418,4.0,Juventude,Criciúma,Juventude,1,0,sintetica
419,4.0,Ponte Preta,Marília,Ponte Preta,2,0,sintetica
420,4.0,São Caetano,Santo André,Empate,1,1,sintetica
421,5.0,Barueri,Marília,Barueri,1,0,sintetica
422,5.0,Bragantino,ABC,Empate,1,1,sintetica
423,5.0,CRB,Vila Nova,Vila Nova,1,2,sintetica
424,5.0,Ceará,América-RN,Ceará,2,0,sintetica
425,5.0,Corinthians,Criciúma,Empate,0,0,sintetica
426,5.0,Fortaleza,Gama,Fortaleza,5,1,sintetica
427,5.0,Paraná,Juventude,Juventude,1,2,sintetica
428,5.0,Ponte Preta,Avaí,Ponte Preta,3,2,sintetica
429,5.0,Santo André,Brasiliense,Brasiliense,1,3,sintetica
430,5.0,São Caetano,Bahia,São Caetano,3,1,sintetica
431,6.0,ABC,Criciúma,Empate,0,0,sintetica
432,6.0,América-RN,Fortaleza,Empate,1,1,sintetica
433,6.0,Avaí,Barueri,Avaí,3,0,sintetica
434,6.0,Bahia,Brasiliense,Bahia,1,0,sintetica
435,6.0,Bragantino,Santo André,Bragantino,1,0,sintetica
436,6.0,CRB,Ponte Preta,Ponte Preta,0,2,sintetica
437,6.0,Gama,Marília,Gama,2,1,sintetica
438,6.0,Juventude,Vila Nova,Juventude,4,3,sintetica
439,6.0,Paraná,Corinthians,Corinthians,0,2,sintetica
440,6.0,São Caetano,Ceará,Empate,2,2,sintetica
441,7.0,América-RN,Marília,América-RN,3,0,sintetica
442,7.0,Avaí,Gama,Avaí,2,0,sintetica
443,7.0,Bahia,Bragantino,Empate,2,2,sintetica
444,7.0,Brasiliense,São Caetano,Empate,2,2,sintetica
445,7.0,CRB,Barueri,Barueri,1,2,sintetica
446,7.0,Corinthians,Vila Nova,Corinthians,3,1,sintetica
447,7.0,Criciúma,Santo André,Empate,4,4,sintetica
448,7.0,Fortaleza,Ceará,Empate,2,2,sintetica
449,7.0,Juventude,Ponte Preta,Empate,1,1,sintetica
450,7.0,Paraná,ABC,Paraná,1,0,sintetica
451,8.0,ABC,Vila Nova,ABC,3,2,sintetica
452,8.0,Avaí,América-RN,Empate,1,1,sintetica
453,8.0,Bahia,Criciúma,Bahia,2,0,sintetica
454,8.0,Brasiliense,Ceará,Brasiliense,3,1,sintetica
455,8.0,CRB,Gama,Empate,2,2,sintetica
456,8.0,Corinthians,Ponte Preta,Corinthians,3,0,sintetica
457,8.0,Fortaleza,Marília,Marília,0,1,sintetica
458,8.0,Juventude,Barueri,Juventude,3,2,sintetica
459,8.0,Paraná,Santo André,Santo André,0,1,sintetica
460,8.0,São Caetano,Bragantino,São Caetano,2,0,sintetica
461,9.0,América-RN,CRB,Empate,0,0,sintetica
462,9.0,Avaí,Fortaleza,Avaí,2,1,sintetica
463,9.0,Bahia,Paraná,Empate,0,0,sintetica
464,9.0,Bragantino,Brasiliense,Bragantino,2,1,sintetica
465,9.0,Corinthians,Barueri,Corinthians,1,0,sintetica
466,9.0,Juventude,Gama,Juventude,3,2,sintetica
467,9.0,Marília,Ceará,Marília,2,1,sintetica
468,9.0,Ponte Preta,ABC,ABC,1,2,sintetica
469,9.0,Santo André,Vila Nova,Santo André,2,1,sintetica
470,9.0,São Caetano,Criciúma,Empate,0,0,sintetica
471,10.0,América-RN,Juventude,América-RN,2,0,sintetica
472,10.0,Bahia,Vila Nova,Bahia,3,2,sintetica
473,10.0,Barueri,ABC,Barueri,3,2,sintetica
474,10.0,Bragantino,Ceará,Empate,1,1,sintetica
475,10.0,Criciúma,Brasiliense,Criciúma,3,1,sintetica
476,10.0,Fortaleza,CRB,Empate,2,2,sintetica
477,10.0,Gama,Corinthians,Corinthians,1,3,sintetica
478,10.0,Marília,Avaí,Empate,1,1,sintetica
479,10.0,Paraná,São Caetano,São Caetano,2,3,sintetica
480,10.0,Ponte Preta,Santo André,Ponte Preta,2,1,sintetica
481,11.0,ABC,Gama,ABC,4,1,sintetica
482,11.0,América-RN,Corinthians,América-RN,2,0,sintetica
483,11.0,Avaí,Ceará,Avaí,2,1,sintetica
484,11.0,Brasiliense,Paraná,Paraná,1,2,sintetica
485,11.0,Criciúma,Bragantino,Criciúma,1,0,sintetica
486,11.0,Juventude,Fortaleza,Empate,1,1,sintetica
487,11.0,Marília,CRB,Empate,0,0,sintetica
488,11.0,Ponte Preta,Bahia,Ponte Preta,1,0,sintetica
489,11.0,Santo André,Barueri,Santo André,2,1,sintetica
490,11.0,Vila Nova,São Caetano,Vila Nova,2,1,sintetica
491,12.0,América-RN,ABC,América-RN,3,2,sintetica
492,12.0,Avaí,CRB,Avaí,5,1,sintetica
493,12.0,Bahia,Barueri,Barueri,0,1,sintetica
494,12.0,Corinthians,Fortaleza,Corinthians,2,0,sintetica
495,12.0,Criciúma,Ceará,Criciúma,2,0,sintetica
496,12.0,Gama,Santo André,Santo André,0,4,sintetica
497,12.0,Marília,Juventude,Marília,1,0,sintetica
498,12.0,Paraná,Bragantino,Empate,2,2,sintetica
499,12.0,São Caetano,Ponte Preta,São Caetano,3,0,sintetica
500,12.0,Vila Nova,Brasiliense,Vila Nova,2,0,sintetica
501,13.0,Barueri,São Caetano,São Caetano,1,2,sintetica
502,13.0,Bragantino,Vila Nova,Bragantino,2,1,sintetica
503,13.0,Brasiliense,Ponte Preta,Brasiliense,2,0,sintetica
504,13.0,CRB,Ceará,CRB,1,0,sintetica
505,13.0,Fortaleza,ABC,ABC,2,3,sintetica
506,13.0,Gama,Bahia,Empate,0,0,sintetica
507,13.0,Juventude,Avaí,Juventude,1,0,sintetica
508,13.0,Marília,Corinthians,Empate,1,1,sintetica
509,13.0,Paraná,Criciúma,Paraná,3,1,sintetica
510,13.0,Santo André,América-RN,Empate,1,1,sintetica
511,14.0,Bahia,América-RN,Bahia,3,0,sintetica
512,14.0,Bragantino,Ponte Preta,Bragantino,2,0,sintetica
513,14.0,Brasiliense,Barueri,Barueri,0,1,sintetica
514,14.0,CRB,Juventude,Juventude,0,2,sintetica
515,14.0,Corinthians,Avaí,Corinthians,3,2,sintetica
516,14.0,Criciúma,Vila Nova,Empate,1,1,sintetica
517,14.0,Marília,ABC,Marília,2,1,sintetica
518,14.0,Paraná,Ceará,Empate,2,2,sintetica
519,14.0,Santo André,Fortaleza,Santo André,3,0,sintetica
520,14.0,São Caetano,Gama,São Caetano,3,1,sintetica
521,15.0,ABC,Avaí,Empate,1,1,sintetica
522,15.0,América-RN,São Caetano,Empate,1,1,sintetica
523,15.0,Barueri,Bragantino,Barueri,2,1,sintetica
524,15.0,CRB,Corinthians,Corinthians,1,2,sintetica
525,15.0,Criciúma,Ponte Preta,Ponte Preta,0,3,sintetica
526,15.0,Fortaleza,Bahia,Fortaleza,5,1,sintetica
527,15.0,Gama,Brasiliense,Gama,1,0,sintetica
528,15.0,Juventude,Ceará,Empate,0,0,sintetica
529,15.0,Marília,Santo André,Marília,2,0,sintetica
530,15.0,Vila Nova,Paraná,Paraná,0,2,sintetica
531,16.0,Brasiliense,América-RN,Brasiliense,1,0,sintetica
532,16.0,CRB,ABC,ABC,1,3,sintetica
533,16.0,Ceará,Vila Nova,Vila Nova,1,2,sintetica
534,16.0,Criciúma,Barueri,Empate,2,2,sintetica
535,16.0,Fortaleza,São Caetano,Fortaleza,1,0,sintetica
536,16.0,Gama,Bragantino,Bragantino,0,1,sintetica
537,16.0,Juventude,Corinthians,Corinthians,1,2,sintetica
538,16.0,Marília,Bahia,Marília,3,1,sintetica
539,16.0,Ponte Preta,Paraná,Ponte Preta,3,1,sintetica
540,16.0,Santo André,Avaí,Santo André,1,0,sintetica
541,17.0,Bahia,Avaí,Bahia,2,1,sintetica
542,17.0,Bragantino,América-RN,Bragantino,1,0,sintetica
543,17.0,CRB,Santo André,Empate,0,0,sintetica
544,17.0,Ceará,Corinthians,Empate,2,2,sintetica
545,17.0,Criciúma,Gama,Criciúma,2,0,sintetica
546,17.0,Fortaleza,Brasiliense,Fortaleza,3,0,sintetica
547,17.0,Juventude,ABC,Juventude,3,0,sintetica
548,17.0,Paraná,Barueri,Paraná,1,0,sintetica
549,17.0,Ponte Preta,Vila Nova,Ponte Preta,2,0,sintetica
550,17.0,São Caetano,Marília,São Caetano,1,0,sintetica
551,18.0,Barueri,Vila Nova,Vila Nova,0,1,sintetica
552,18.0,Brasiliense,Marília,Empate,2,2,sintetica
553,18.0,CRB,Bahia,Bahia,1,2,sintetica
554,18.0,Ceará,Ponte Preta,Ceará,2,0,sintetica
555,18.0,Corinthians,ABC,Corinthians,4,0,sintetica
556,18.0,Criciúma,América-RN,Criciúma,1,0,sintetica
557,18.0,Fortaleza,Bragantino,Bragantino,1,2,sintetica
558,18.0,Gama,Paraná,Paraná,1,2,sintetica
559,18.0,Juventude,Santo André,Juventude,2,1,sintetica
560,18.0,São Caetano,Avaí,Empate,3,3,sintetica
561,19.0,ABC,Ceará,ABC,3,1,sintetica
562,19.0,América-RN,Paraná,América-RN,3,2,sintetica
563,19.0,Bragantino,Marília,Bragantino,1,0,sintetica
564,19.0,Brasiliense,Avaí,Avaí,0,1,sintetica
565,19.0,CRB,São Caetano,Empate,1,1,sintetica
566,19.0,Criciúma,Fortaleza,Criciúma,2,1,sintetica
567,19.0,Juventude,Bahia,Juventude,4,1,sintetica
568,19.0,Ponte Preta,Barueri,Ponte Preta,3,0,sintetica
569,19.0,Santo André,Corinthians,Empate,1,1,sintetica
570,19.0,Vila Nova,Gama,Empate,1,1,sintetica
571,20.0,ABC,Santo André,Santo André,1,3,sintetica
572,20.0,América-RN,Vila Nova,América-RN,5,1,sintetica
573,20.0,Bahia,Corinthians,Corinthians,0,3,sintetica
574,20.0,Bragantino,Avaí,Bragantino,3,2,sintetica
575,20.0,Brasiliense,CRB,Brasiliense,6,3,sintetica
576,20.0,Ceará,Barueri,Ceará,1,0,sintetica
577,20.0,Gama,Ponte Preta,Empate,1,1,sintetica
578,20.0,Marília,Criciúma,Empate,3,3,sintetica
579,20.0,Paraná,Fortaleza,Paraná,3,1,sintetica
580,20.0,São Caetano,Juventude,São Caetano,2,1,sintetica
581,21.0,ABC,Bahia,ABC,5,1,sintetica
582,21.0,América-RN,Ponte Preta,América-RN,2,1,sintetica
583,21.0,Avaí,Criciúma,Avaí,3,0,sintetica
584,21.0,Barueri,Gama,Barueri,2,0,sintetica
585,21.0,CRB,Bragantino,Bragantino,0,2,sintetica
586,21.0,Fortaleza,Vila Nova,Vila Nova,1,2,sintetica
587,21.0,Juventude,Brasiliense,Juventude,2,0,sintetica
588,21.0,Marília,Paraná,Empate,0,0,sintetica
589,21.0,Santo André,Ceará,Santo André,3,2,sintetica
590,21.0,São Caetano,Corinthians,Empate,2,2,sintetica
591,22.0,ABC,São Caetano,ABC,2,1,sintetica
592,22.0,Bahia,Santo André,Santo André,1,4,sintetica
593,22.0,Barueri,América-RN,Barueri,3,0,sintetica
594,22.0,CRB,Criciúma,CRB,1,0,sintetica
595,22.0,Ceará,Gama,Ceará,1,0,sintetica
596,22.0,Corinthians,Brasiliense,Corinthians,4,1,sintetica
597,22.0,Fortaleza,Ponte Preta,Ponte Preta,0,3,sintetica
598,22.0,Juventude,Bragantino,Bragantino,2,3,sintetica
599,22.0,Paraná,Avaí,Avaí,0,1,sintetica
600,22.0,Vila Nova,Marília,Vila Nova,4,0,sintetica
601,23.0,ABC,Brasiliense,Empate,2,2,sintetica
602,23.0,América-RN,Gama,América-RN,2,0,sintetica
603,23.0,Bahia,Ceará,Empate,1,1,sintetica
604,23.0,Corinthians,Bragantino,Corinthians,2,0,sintetica
605,23.0,Criciúma,Juventude,Juventude,0,1,sintetica
606,23.0,Fortaleza,Barueri,Fortaleza,2,1,sintetica
607,23.0,Marília,Ponte Preta,Marília,3,1,sintetica
608,23.0,Paraná,CRB,Paraná,4,0,sintetica
609,23.0,Santo André,São Caetano,Empate,0,0,sintetica
610,23.0,Vila Nova,Avaí,Vila Nova,1,0,sintetica
611,24.0,ABC,Bragantino,Empate,0,0,sintetica
612,24.0,América-RN,Ceará,Empate,0,0,sintetica
613,24.0,Avaí,Ponte Preta,Avaí,2,1,sintetica
614,24.0,Bahia,São Caetano,Empate,1,1,sintetica
615,24.0,Brasiliense,Santo André,Empate,1,1,sintetica
616,24.0,Criciúma,Corinthians,Corinthians,0,2,sintetica
617,24.0,Gama,Fortaleza,Gama,2,0,sintetica
618,24.0,Juventude,Paraná,Empate,1,1,sintetica
619,24.0,Marília,Barueri,Empate,2,2,sintetica
620,24.0,Vila Nova,CRB,Vila Nova,2,1,sintetica
621,25.0,Barueri,Avaí,Empate,2,2,sintetica
622,25.0,Brasiliense,Bahia,Bahia,2,3,sintetica
623,25.0,Ceará,São Caetano,Ceará,1,0,sintetica
624,25.0,Corinthians,Paraná,Corinthians,2,1,sintetica
625,25.0,Criciúma,ABC,Criciúma,2,0,sintetica
626,25.0,Fortaleza,América-RN,Fortaleza,2,1,sintetica
627,25.0,Marília,Gama,Empate,2,2,sintetica
628,25.0,Ponte Preta,CRB,Ponte Preta,1,0,sintetica
629,25.0,Santo André,Bragantino,Santo André,1,0,sintetica
630,25.0,Vila Nova,Juventude,Empate,1,1,sintetica
631,26.0,ABC,Paraná,ABC,1,0,sintetica
632,26.0,Barueri,CRB,Barueri,1,0,sintetica
633,26.0,Bragantino,Bahia,Bragantino,4,0,sintetica
634,26.0,Ceará,Fortaleza,Ceará,1,0,sintetica
635,26.0,Gama,Avaí,Avaí,0,3,sintetica
636,26.0,Marília,América-RN,Marília,2,1,sintetica
637,26.0,Ponte Preta,Juventude,Ponte Preta,1,0,sintetica
638,26.0,Santo André,Criciúma,Santo André,1,0,sintetica
639,26.0,São Caetano,Brasiliense,São Caetano,4,1,sintetica
640,26.0,Vila Nova,Corinthians,Vila Nova,2,1,sintetica
641,27.0,América-RN,Avaí,Avaí,1,5,sintetica
642,27.0,Barueri,Juventude,Barueri,4,0,sintetica
643,27.0,Bragantino,São Caetano,Bragantino,2,1,sintetica
644,27.0,Ceará,Brasiliense,Ceará,3,0,sintetica
645,27.0,Criciúma,Bahia,Bahia,1,2,sintetica
646,27.0,Gama,CRB,Gama,1,0,sintetica
647,27.0,Marília,Fortaleza,Marília,4,2,sintetica
648,27.0,Ponte Preta,Corinthians,Empate,1,1,sintetica
649,27.0,Santo André,Paraná,Santo André,3,1,sintetica
650,27.0,Vila Nova,ABC,Vila Nova,3,1,sintetica
651,28.0,ABC,Ponte Preta,Empate,1,1,sintetica
652,28.0,Barueri,Corinthians,Corinthians,1,4,sintetica
653,28.0,Brasiliense,Bragantino,Brasiliense,3,1,sintetica
654,28.0,CRB,América-RN,Empate,1,1,sintetica
655,28.0,Ceará,Marília,Ceará,3,2,sintetica
656,28.0,Criciúma,São Caetano,Criciúma,2,1,sintetica
657,28.0,Fortaleza,Avaí,Empate,2,2,sintetica
658,28.0,Gama,Juventude,Gama,2,0,sintetica
659,28.0,Paraná,Bahia,Paraná,3,0,sintetica
660,28.0,Vila Nova,Santo André,Empate,2,2,sintetica
661,29.0,ABC,Barueri,ABC,3,0,sintetica
662,29.0,Avaí,Marília,Avaí,3,1,sintetica
663,29.0,Brasiliense,Criciúma,Brasiliense,2,1,sintetica
664,29.0,CRB,Fortaleza,Fortaleza,0,3,sintetica
665,29.0,Ceará,Bragantino,Empate,0,0,sintetica
666,29.0,Corinthians,Gama,Corinthians,5,0,sintetica
667,29.0,Juventude,América-RN,Juventude,1,0,sintetica
668,29.0,Santo André,Ponte Preta,Ponte Preta,1,3,sintetica
669,29.0,São Caetano,Paraná,São Caetano,3,1,sintetica
670,29.0,Vila Nova,Bahia,Empate,1,1,sintetica
671,30.0,Bahia,Ponte Preta,Bahia,2,1,sintetica
672,30.0,Barueri,Santo André,Santo André,1,5,sintetica
673,30.0,Bragantino,Criciúma,Criciúma,0,2,sintetica
674,30.0,CRB,Marília,Empate,2,2,sintetica
675,30.0,Ceará,Avaí,Empate,0,0,sintetica
676,30.0,Corinthians,América-RN,Corinthians,2,0,sintetica
677,30.0,Fortaleza,Juventude,Empate,0,0,sintetica
678,30.0,Gama,ABC,ABC,0,2,sintetica
679,30.0,Paraná,Brasiliense,Brasiliense,1,3,sintetica
680,30.0,São Caetano,Vila Nova,São Caetano,1,0,sintetica
681,31.0,ABC,América-RN,Empate,0,0,sintetica
682,31.0,Barueri,Bahia,Barueri,3,2,sintetica
683,31.0,Bragantino,Paraná,Bragantino,3,0,sintetica
684,31.0,Brasiliense,Vila Nova,Brasiliense,2,1,sintetica
685,31.0,CRB,Avaí,Empate,1,1,sintetica
686,31.0,Ceará,Criciúma,Ceará,3,1,sintetica
687,31.0,Fortaleza,Corinthians,Corinthians,1,3,sintetica
688,31.0,Juventude,Marília,Juventude,2,0,sintetica
689,31.0,Ponte Preta,São Caetano,Empate,1,1,sintetica
690,31.0,Santo André,Gama,Santo André,2,0,sintetica
691,32.0,ABC,Fortaleza,Fortaleza,1,4,sintetica
692,32.0,América-RN,Santo André,América-RN,2,1,sintetica
693,32.0,Avaí,Juventude,Avaí,1,0,sintetica
694,32.0,Bahia,Gama,Empate,2,2,sintetica
695,32.0,Ceará,CRB,Ceará,1,0,sintetica
696,32.0,Corinthians,Marília,Corinthians,5,0,sintetica
697,32.0,Criciúma,Paraná,Paraná,0,3,sintetica
698,32.0,Ponte Preta,Brasiliense,Empate,2,2,sintetica
699,32.0,São Caetano,Barueri,Barueri,1,3,sintetica
700,32.0,Vila Nova,Bragantino,Vila Nova,2,0,sintetica
701,33.0,ABC,Marília,Empate,1,1,sintetica
702,33.0,América-RN,Bahia,Bahia,0,1,sintetica
703,33.0,Avaí,Corinthians,Empate,1,1,sintetica
704,33.0,Barueri,Brasiliense,Barueri,3,1,sintetica
705,33.0,Ceará,Paraná,Empate,1,1,sintetica
706,33.0,Fortaleza,Santo André,Fortaleza,2,0,sintetica
707,33.0,Gama,São Caetano,São Caetano,1,2,sintetica
708,33.0,Juventude,CRB,Juventude,4,0,sintetica
709,33.0,Ponte Preta,Bragantino,Ponte Preta,1,0,sintetica
710,33.0,Vila Nova,Criciúma,Vila Nova,2,0,sintetica
711,34.0,Avaí,ABC,Empate,0,0,sintetica
712,34.0,Bahia,Fortaleza,Empate,1,1,sintetica
713,34.0,Bragantino,Barueri,Barueri,0,2,sintetica
714,34.0,Brasiliense,Gama,Brasiliense,3,2,sintetica
715,34.0,Ceará,Juventude,Ceará,2,1,sintetica
716,34.0,Corinthians,CRB,Corinthians,3,2,sintetica
717,34.0,Paraná,Vila Nova,Empate,0,0,sintetica
718,34.0,Ponte Preta,Criciúma,Ponte Preta,3,1,sintetica
719,34.0,Santo André,Marília,Empate,2,2,sintetica
720,34.0,São Caetano,América-RN,América-RN,1,2,sintetica
721,35.0,ABC,CRB,ABC,1,0,sintetica
722,35.0,América-RN,Brasiliense,Brasiliense,3,4,sintetica
723,35.0,Avaí,Santo André,Empate,1,1,sintetica
724,35.0,Bahia,Marília,Bahia,2,1,sintetica
725,35.0,Barueri,Criciúma,Barueri,1,0,sintetica
726,35.0,Bragantino,Gama,Bragantino,4,0,sintetica
727,35.0,Corinthians,Juventude,Corinthians,2,0,sintetica
728,35.0,Paraná,Ponte Preta,Paraná,1,0,sintetica
729,35.0,São Caetano,Fortaleza,São Caetano,3,1,sintetica
730,35.0,Vila Nova,Ceará,Vila Nova,1,0,sintetica
731,36.0,ABC,Juventude,Empate,1,1,sintetica
732,36.0,América-RN,Bragantino,Empate,0,0,sintetica
733,36.0,Avaí,Bahia,Avaí,4,1,sintetica
734,36.0,Barueri,Paraná,Paraná,1,2,sintetica
735,36.0,Brasiliense,Fortaleza,Empate,0,0,sintetica
736,36.0,Corinthians,Ceará,Corinthians,2,0,sintetica
737,36.0,Gama,Criciúma,Gama,2,0,sintetica
738,36.0,Marília,São Caetano,Marília,2,1,sintetica
739,36.0,Santo André,CRB,Santo André,3,1,sintetica
740,36.0,Vila Nova,Ponte Preta,Vila Nova,2,1,sintetica
741,37.0,ABC,Corinthians,Corinthians,0,1,sintetica
742,37.0,América-RN,Criciúma,América-RN,1,0,sintetica
743,37.0,Avaí,São Caetano,Empate,2,2,sintetica
744,37.0,Bahia,CRB,Bahia,2,0,sintetica
745,37.0,Bragantino,Fortaleza,Fortaleza,0,1,sintetica
746,37.0,Marília,Brasiliense,Brasiliense,0,2,sintetica
747,37.0,Paraná,Gama,Gama,1,2,sintetica
748,37.0,Ponte Preta,Ceará,Ponte Preta,3,2,sintetica
749,37.0,Santo André,Juventude,Santo André,4,0,sintetica
750,37.0,Vila Nova,Barueri,Barueri,2,3,sintetica
751,38.0,Avaí,Brasiliense,Avaí,1,0,sintetica
752,38.0,Bahia,Juventude,Bahia,1,0,sintetica
753,38.0,Barueri,Ponte Preta,Barueri,1,0,sintetica
754,38.0,Ceará,ABC,Ceará,3,1,sintetica
755,38.0,Corinthians,Santo André,Empate,2,2,sintetica
756,38.0,Fortaleza,Criciúma,Fortaleza,2,1,sintetica
757,38.0,Gama,Vila Nova,Empate,2,2,sintetica
758,38.0,Marília,Bragantino,Empate,1,1,sintetica
759,38.0,Paraná,América-RN,Paraná,2,1,sintetica
760,38.0,São Caetano,CRB,CRB,2,4,sintetica
761,1.0,América-RN,ABC,América-RN,1,0,sintetica
762,1.0,Atlético-GO,Ponte Preta,Empate,1,1,sintetica
763,1.0,Ceará,Brasiliense,Ceará,2,1,sintetica
764,1.0,Duque de Caxias,Campinense,Campinense,1,4,sintetica
765,1.0,Figueirense,Bahia,Figueirense,2,0,sintetica
766,1.0,Guarani,Juventude,Guarani,2,1,sintetica
767,1.0,Ipatinga,Fortaleza,Fortaleza,0,1,sintetica
768,1.0,Portuguesa,Paraná,Portuguesa,1,0,sintetica
769,1.0,Vasco da Gama,São Caetano,Empate,0,0,sintetica
770,1.0,Vila Nova,Bragantino,Bragantino,1,2,sintetica
771,2.0,Atlético-GO,ABC,Atlético-GO,2,0,sintetica
772,2.0,Bahia,Paraná,Bahia,2,0,sintetica
773,2.0,Campinense,Brasiliense,Campinense,1,0,sintetica
774,2.0,Ceará,América-RN,Empate,0,0,sintetica
775,2.0,Guarani,Fortaleza,Guarani,2,1,sintetica
776,2.0,Juventude,Duque de Caxias,Empate,0,0,sintetica
777,2.0,Ponte Preta,Bragantino,Ponte Preta,2,1,sintetica
778,2.0,Portuguesa,Vila Nova,Vila Nova,1,2,sintetica
779,2.0,São Caetano,Ipatinga,Empate,0,0,sintetica
780,2.0,Vasco da Gama,Figueirense,Figueirense,1,2,sintetica
781,3.0,ABC,Bragantino,Bragantino,0,1,sintetica
782,3.0,Brasiliense,América-RN,Empate,0,0,sintetica
783,3.0,Ceará,Atlético-GO,Ceará,1,0,sintetica
784,3.0,Duque de Caxias,Fortaleza,Duque de Caxias,4,3,sintetica
785,3.0,Figueirense,Ipatinga,Figueirense,3,0,sintetica
786,3.0,Guarani,São Caetano,Guarani,1,0,sintetica
787,3.0,Juventude,Campinense,Campinense,0,1,sintetica
788,3.0,Portuguesa,Ponte Preta,Empate,1,1,sintetica
789,3.0,Vasco da Gama,Paraná,Vasco da Gama,2,1,sintetica
790,3.0,Vila Nova,Bahia,Vila Nova,1,0,sintetica
791,4.0,Atlético-GO,Brasiliense,Atlético-GO,5,1,sintetica
792,4.0,Bragantino,Ceará,Empate,1,1,sintetica
793,4.0,Campinense,América-RN,América-RN,0,1,sintetica
794,4.0,Duque de Caxias,São Caetano,Duque de Caxias,2,1,sintetica
795,4.0,Figueirense,Guarani,Guarani,0,1,sintetica
796,4.0,Fortaleza,Juventude,Fortaleza,3,2,sintetica
797,4.0,Ipatinga,Paraná,Empate,1,1,sintetica
798,4.0,Ponte Preta,Bahia,Bahia,1,3,sintetica
799,4.0,Portuguesa,ABC,Portuguesa,2,1,sintetica
800,4.0,Vasco da Gama,Vila Nova,Vasco da Gama,4,1,sintetica
801,5.0,América-RN,Atlético-GO,Atlético-GO,1,2,sintetica
802,5.0,Bahia,ABC,Bahia,4,0,sintetica
803,5.0,Bragantino,Brasiliense,Brasiliense,1,2,sintetica
804,5.0,Ceará,Portuguesa,Ceará,2,0,sintetica
805,5.0,Figueirense,Duque de Caxias,Duque de Caxias,1,2,sintetica
806,5.0,Fortaleza,Campinense,Fortaleza,3,0,sintetica
807,5.0,Guarani,Paraná,Paraná,1,2,sintetica
808,5.0,Ipatinga,Vila Nova,Ipatinga,4,0,sintetica
809,5.0,Juventude,São Caetano,São Caetano,1,2,sintetica
810,5.0,Ponte Preta,Vasco da Gama,Empate,1,1,sintetica
811,6.0,ABC,Vasco da Gama,Vasco da Gama,2,3,sintetica
812,6.0,Bragantino,América-RN,Bragantino,2,1,sintetica
813,6.0,Campinense,Atlético-GO,Campinense,2,1,sintetica
814,6.0,Ceará,Bahia,Ceará,2,1,sintetica
815,6.0,Duque de Caxias,Paraná,Duque de Caxias,2,1,sintetica
816,6.0,Fortaleza,São Caetano,São Caetano,1,2,sintetica
817,6.0,Guarani,Vila Nova,Empate,1,1,sintetica
818,6.0,Ipatinga,Ponte Preta,Empate,0,0,sintetica
819,6.0,Juventude,Figueirense,Juventude,2,0,sintetica
820,6.0,Portuguesa,Brasiliense,Brasiliense,0,1,sintetica
821,7.0,ABC,Ipatinga,Empate,1,1,sintetica
822,7.0,Bragantino,Atlético-GO,Empate,2,2,sintetica
823,7.0,Brasiliense,Bahia,Brasiliense,3,0,sintetica
824,7.0,Ceará,Vasco da Gama,Vasco da Gama,0,2,sintetica
825,7.0,Fortaleza,Figueirense,Fortaleza,3,1,sintetica
826,7.0,Guarani,Ponte Preta,Guarani,2,1,sintetica
827,7.0,Juventude,Paraná,Paraná,0,1,sintetica
828,7.0,Portuguesa,América-RN,Portuguesa,2,1,sintetica
829,7.0,São Caetano,Campinense,São Caetano,4,1,sintetica
830,7.0,Vila Nova,Duque de Caxias,Vila Nova,3,2,sintetica
831,8.0,Atlético-GO,Portuguesa,Portuguesa,0,1,sintetica
832,8.0,Bahia,América-RN,Empate,3,3,sintetica
833,8.0,Campinense,Bragantino,Campinense,2,0,sintetica
834,8.0,Ceará,Ipatinga,Ceará,2,0,sintetica
835,8.0,Guarani,ABC,Guarani,1,0,sintetica
836,8.0,Juventude,Vila Nova,Empate,1,1,sintetica
837,8.0,Paraná,Fortaleza,Empate,1,1,sintetica
838,8.0,Ponte Preta,Duque de Caxias,Ponte Preta,4,1,sintetica
839,8.0,São Caetano,Figueirense,São Caetano,2,1,sintetica
840,8.0,Vasco da Gama,Brasiliense,Vasco da Gama,1,0,sintetica
841,9.0,ABC,Duque de Caxias,Duque de Caxias,1,2,sintetica
842,9.0,América-RN,Vasco da Gama,Empate,2,2,sintetica
843,9.0,Atlético-GO,Bahia,Bahia,0,3,sintetica
844,9.0,Bragantino,Portuguesa,Portuguesa,1,2,sintetica
845,9.0,Ceará,Guarani,Empate,2,2,sintetica
846,9.0,Figueirense,Campinense,Figueirense,3,1,sintetica
847,9.0,Ipatinga,Brasiliense,Ipatinga,5,2,sintetica
848,9.0,Ponte Preta,Juventude,Ponte Preta,3,0,sintetica
849,9.0,São Caetano,Paraná,Paraná,1,2,sintetica
850,9.0,Vila Nova,Fortaleza,Vila Nova,2,1,sintetica
851,10.0,ABC,Juventude,ABC,2,1,sintetica
852,10.0,Bahia,Bragantino,Empate,1,1,sintetica
853,10.0,Brasiliense,Guarani,Guarani,1,2,sintetica
854,10.0,Campinense,Portuguesa,Empate,3,3,sintetica
855,10.0,Ceará,Duque de Caxias,Ceará,1,0,sintetica
856,10.0,Figueirense,Paraná,Figueirense,1,0,sintetica
857,10.0,Ipatinga,América-RN,Empate,2,2,sintetica
858,10.0,Ponte Preta,Fortaleza,Empate,1,1,sintetica
859,10.0,Vasco da Gama,Atlético-GO,Vasco da Gama,3,0,sintetica
860,10.0,Vila Nova,São Caetano,Vila Nova,1,0,sintetica
861,11.0,ABC,Fortaleza,ABC,2,1,sintetica
862,11.0,América-RN,Guarani,América-RN,3,1,sintetica
863,11.0,Bahia,Portuguesa,Portuguesa,1,4,sintetica
864,11.0,Bragantino,Vasco da Gama,Empate,0,0,sintetica
865,11.0,Campinense,Paraná,Empate,2,2,sintetica
866,11.0,Duque de Caxias,Brasiliense,Empate,0,0,sintetica
867,11.0,Figueirense,Vila Nova,Figueirense,3,1,sintetica
868,11.0,Ipatinga,Atlético-GO,Ipatinga,1,0,sintetica
869,11.0,Juventude,Ceará,Empate,2,2,sintetica
870,11.0,Ponte Preta,São Caetano,São Caetano,1,3,sintetica
871,12.0,ABC,São Caetano,São Caetano,0,4,sintetica
872,12.0,Bahia,Campinense,Bahia,3,0,sintetica
873,12.0,Brasiliense,Juventude,Brasiliense,2,0,sintetica
874,12.0,Duque de Caxias,América-RN,Duque de Caxias,4,1,sintetica
875,12.0,Figueirense,Ponte Preta,Ponte Preta,1,2,sintetica
876,12.0,Fortaleza,Ceará,Empate,0,0,sintetica
877,12.0,Guarani,Atlético-GO,Atlético-GO,1,3,sintetica
878,12.0,Ipatinga,Bragantino,Ipatinga,2,0,sintetica
879,12.0,Paraná,Vila Nova,Paraná,3,0,sintetica
880,12.0,Portuguesa,Vasco da Gama,Vasco da Gama,1,3,sintetica
881,13.0,ABC,Figueirense,Figueirense,1,3,sintetica
882,13.0,Brasiliense,Fortaleza,Brasiliense,1,0,sintetica
883,13.0,Campinense,Vila Nova,Vila Nova,2,3,sintetica
884,13.0,Duque de Caxias,Atlético-GO,Duque de Caxias,5,1,sintetica
885,13.0,Guarani,Bragantino,Guarani,3,2,sintetica
886,13.0,Ipatinga,Portuguesa,Portuguesa,0,3,sintetica
887,13.0,Juventude,América-RN,Juventude,2,1,sintetica
888,13.0,Ponte Preta,Paraná,Empate,3,3,sintetica
889,13.0,São Caetano,Ceará,Empate,0,0,sintetica
890,13.0,Vasco da Gama,Bahia,Vasco da Gama,2,1,sintetica
891,14.0,ABC,Paraná,Empate,1,1,sintetica
892,14.0,América-RN,Fortaleza,América-RN,2,1,sintetica
893,14.0,Bahia,Ipatinga,Empate,1,1,sintetica
894,14.0,Brasiliense,São Caetano,Empate,2,2,sintetica
895,14.0,Campinense,Vasco da Gama,Vasco da Gama,0,1,sintetica
896,14.0,Duque de Caxias,Bragantino,Bragantino,0,1,sintetica
897,14.0,Figueirense,Ceará,Figueirense,2,1,sintetica
898,14.0,Juventude,Atlético-GO,Atlético-GO,1,3,sintetica
899,14.0,Ponte Preta,Vila Nova,Ponte Preta,3,1,sintetica
900,14.0,Portuguesa,Guarani,Portuguesa,4,3,sintetica
901,15.0,ABC,Vila Nova,ABC,1,0,sintetica
902,15.0,América-RN,São Caetano,Empate,0,0,sintetica
903,15.0,Atlético-GO,Fortaleza,Atlético-GO,3,1,sintetica
904,15.0,Bahia,Guarani,Bahia,2,0,sintetica
905,15.0,Bragantino,Juventude,Bragantino,3,2,sintetica
906,15.0,Figueirense,Brasiliense,Figueirense,3,1,sintetica
907,15.0,Ipatinga,Vasco da Gama,Ipatinga,2,0,sintetica
908,15.0,Paraná,Ceará,Empate,3,3,sintetica
909,15.0,Ponte Preta,Campinense,Ponte Preta,3,0,sintetica
910,15.0,Portuguesa,Duque de Caxias,Empate,1,1,sintetica
911,16.0,ABC,Ponte Preta,ABC,2,1,sintetica
912,16.0,Atlético-GO,São Caetano,Atlético-GO,2,0,sintetica
913,16.0,Bahia,Duque de Caxias,Duque de Caxias,1,2,sintetica
914,16.0,Brasiliense,Paraná,Paraná,0,1,sintetica
915,16.0,Ceará,Vila Nova,Ceará,2,0,sintetica
916,16.0,Figueirense,América-RN,América-RN,0,1,sintetica
917,16.0,Fortaleza,Bragantino,Bragantino,1,2,sintetica
918,16.0,Ipatinga,Campinense,Ipatinga,5,1,sintetica
919,16.0,Portuguesa,Juventude,Juventude,0,1,sintetica
920,16.0,Vasco da Gama,Guarani,Vasco da Gama,1,0,sintetica
921,17.0,América-RN,Paraná,América-RN,3,1,sintetica
922,17.0,Atlético-GO,Figueirense,Atlético-GO,3,2,sintetica
923,17.0,Bragantino,São Caetano,Bragantino,2,0,sintetica
924,17.0,Brasiliense,Vila Nova,Brasiliense,2,1,sintetica
925,17.0,Campinense,ABC,Campinense,3,1,sintetica
926,17.0,Guarani,Ipatinga,Guarani,3,1,sintetica
927,17.0,Juventude,Bahia,Bahia,0,1,sintetica
928,17.0,Ponte Preta,Ceará,Ceará,1,2,sintetica
929,17.0,Portuguesa,Fortaleza,Portuguesa,2,1,sintetica
930,17.0,Vasco da Gama,Duque de Caxias,Empate,0,0,sintetica
931,18.0,ABC,Ceará,Ceará,1,3,sintetica
932,18.0,Bragantino,Figueirense,Bragantino,1,0,sintetica
933,18.0,Brasiliense,Ponte Preta,Brasiliense,3,0,sintetica
934,18.0,Campinense,Guarani,Guarani,1,2,sintetica
935,18.0,Fortaleza,Bahia,Fortaleza,3,2,sintetica
936,18.0,Ipatinga,Duque de Caxias,Ipatinga,1,0,sintetica
937,18.0,Paraná,Atlético-GO,Paraná,2,1,sintetica
938,18.0,São Caetano,Portuguesa,Empate,1,1,sintetica
939,18.0,Vasco da Gama,Juventude,Vasco da Gama,2,1,sintetica
940,18.0,Vila Nova,América-RN,Vila Nova,2,1,sintetica
941,19.0,América-RN,Ponte Preta,Ponte Preta,1,2,sintetica
942,19.0,Bahia,São Caetano,Bahia,3,1,sintetica
943,19.0,Bragantino,Paraná,Empate,2,2,sintetica
944,19.0,Brasiliense,ABC,Empate,1,1,sintetica
945,19.0,Ceará,Campinense,Ceará,2,0,sintetica
946,19.0,Guarani,Duque de Caxias,Guarani,2,1,sintetica
947,19.0,Juventude,Ipatinga,Empate,2,2,sintetica
948,19.0,Portuguesa,Figueirense,Portuguesa,3,1,sintetica
949,19.0,Vasco da Gama,Fortaleza,Vasco da Gama,2,1,sintetica
950,19.0,Vila Nova,Atlético-GO,Atlético-GO,2,3,sintetica
951,20.0,ABC,América-RN,ABC,1,0,sintetica
952,20.0,Bahia,Figueirense,Figueirense,0,1,sintetica
953,20.0,Bragantino,Vila Nova,Bragantino,2,1,sintetica
954,20.0,Brasiliense,Ceará,Ceará,0,1,sintetica
955,20.0,Campinense,Duque de Caxias,Duque de Caxias,1,2,sintetica
956,20.0,Fortaleza,Ipatinga,Fortaleza,1,0,sintetica
957,20.0,Juventude,Guarani,Juventude,4,1,sintetica
958,20.0,Paraná,Portuguesa,Portuguesa,0,2,sintetica
959,20.0,Ponte Preta,Atlético-GO,Ponte Preta,3,1,sintetica
960,20.0,São Caetano,Vasco da Gama,Vasco da Gama,0,1,sintetica
961,21.0,ABC,Atlético-GO,ABC,2,1,sintetica
962,21.0,América-RN,Ceará,Ceará,1,5,sintetica
963,21.0,Bragantino,Ponte Preta,Empate,1,1,sintetica
964,21.0,Brasiliense,Campinense,Brasiliense,2,1,sintetica
965,21.0,Duque de Caxias,Juventude,Duque de Caxias,4,2,sintetica
966,21.0,Figueirense,Vasco da Gama,Empate,1,1,sintetica
967,21.0,Fortaleza,Guarani,Guarani,2,4,sintetica
968,21.0,Ipatinga,São Caetano,São Caetano,0,2,sintetica
969,21.0,Paraná,Bahia,Bahia,1,2,sintetica
970,21.0,Vila Nova,Portuguesa,Empate,0,0,sintetica
971,22.0,América-RN,Brasiliense,América-RN,2,1,sintetica
972,22.0,Atlético-GO,Ceará,Atlético-GO,4,1,sintetica
973,22.0,Bahia,Vila Nova,Bahia,1,0,sintetica
974,22.0,Bragantino,ABC,Bragantino,3,0,sintetica
975,22.0,Campinense,Juventude,Campinense,1,0,sintetica
976,22.0,Fortaleza,Duque de Caxias,Empate,1,1,sintetica
977,22.0,Ipatinga,Figueirense,Empate,2,2,sintetica
978,22.0,Paraná,Vasco da Gama,Paraná,3,1,sintetica
979,22.0,Ponte Preta,Portuguesa,Ponte Preta,5,2,sintetica
980,22.0,São Caetano,Guarani,Guarani,1,2,sintetica
981,23.0,ABC,Portuguesa,ABC,1,0,sintetica
982,23.0,América-RN,Campinense,Empate,4,4,sintetica
983,23.0,Bahia,Ponte Preta,Empate,2,2,sintetica
984,23.0,Brasiliense,Atlético-GO,Atlético-GO,0,1,sintetica
985,23.0,Ceará,Bragantino,Ceará,2,0,sintetica
986,23.0,Guarani,Figueirense,Guarani,3,2,sintetica
987,23.0,Juventude,Fortaleza,Juventude,2,0,sintetica
988,23.0,Paraná,Ipatinga,Paraná,2,0,sintetica
989,23.0,São Caetano,Duque de Caxias,São Caetano,4,0,sintetica
990,23.0,Vila Nova,Vasco da Gama,Vasco da Gama,0,2,sintetica
991,24.0,ABC,Bahia,ABC,3,0,sintetica
992,24.0,Atlético-GO,América-RN,Atlético-GO,4,1,sintetica
993,24.0,Brasiliense,Bragantino,Brasiliense,2,1,sintetica
994,24.0,Campinense,Fortaleza,Fortaleza,2,4,sintetica
995,24.0,Duque de Caxias,Figueirense,Figueirense,2,3,sintetica
996,24.0,Paraná,Guarani,Paraná,2,0,sintetica
997,24.0,Portuguesa,Ceará,Portuguesa,1,0,sintetica
998,24.0,São Caetano,Juventude,Empate,0,0,sintetica
999,24.0,Vasco da Gama,Ponte Preta,Vasco da Gama,3,0,sintetica
1000,24.0,Vila Nova,Ipatinga,Ipatinga,0,2,sintetica
1001,25.0,América-RN,Bragantino,Bragantino,1,4,sintetica
1002,25.0,Atlético-GO,Campinense,Atlético-GO,1,0,sintetica
1003,25.0,Bahia,Ceará,Bahia,1,0,sintetica
1004,25.0,Brasiliense,Portuguesa,Brasiliense,3,2,sintetica
1005,25.0,Figueirense,Juventude,Figueirense,3,1,sintetica
1006,25.0,Paraná,Duque de Caxias,Empate,1,1,sintetica
1007,25.0,Ponte Preta,Ipatinga,Ipatinga,1,2,sintetica
1008,25.0,São Caetano,Fortaleza,São Caetano,2,0,sintetica
1009,25.0,Vasco da Gama,ABC,Vasco da Gama,3,0,sintetica
1010,25.0,Vila Nova,Guarani,Empate,0,0,sintetica
1011,26.0,América-RN,Portuguesa,América-RN,4,0,sintetica
1012,26.0,Atlético-GO,Bragantino,Atlético-GO,3,1,sintetica
1013,26.0,Bahia,Brasiliense,Brasiliense,1,2,sintetica
1014,26.0,Campinense,São Caetano,Campinense,2,1,sintetica
1015,26.0,Duque de Caxias,Vila Nova,Vila Nova,1,2,sintetica
1016,26.0,Figueirense,Fortaleza,Figueirense,3,1,sintetica
1017,26.0,Ipatinga,ABC,Ipatinga,2,1,sintetica
1018,26.0,Paraná,Juventude,Empate,1,1,sintetica
1019,26.0,Ponte Preta,Guarani,Guarani,0,1,sintetica
1020,26.0,Vasco da Gama,Ceará,Ceará,0,2,sintetica
1021,27.0,ABC,Guarani,Empate,1,1,sintetica
1022,27.0,América-RN,Bahia,América-RN,4,1,sintetica
1023,27.0,Bragantino,Campinense,Bragantino,3,2,sintetica
1024,27.0,Brasiliense,Vasco da Gama,Vasco da Gama,0,1,sintetica
1025,27.0,Duque de Caxias,Ponte Preta,Duque de Caxias,4,1,sintetica
1026,27.0,Figueirense,São Caetano,São Caetano,0,2,sintetica
1027,27.0,Fortaleza,Paraná,Fortaleza,4,0,sintetica
1028,27.0,Ipatinga,Ceará,Empate,0,0,sintetica
1029,27.0,Portuguesa,Atlético-GO,Portuguesa,2,1,sintetica
1030,27.0,Vila Nova,Juventude,Vila Nova,1,0,sintetica
1031,28.0,Bahia,Atlético-GO,Bahia,2,1,sintetica
1032,28.0,Brasiliense,Ipatinga,Brasiliense,2,0,sintetica
1033,28.0,Campinense,Figueirense,Campinense,4,2,sintetica
1034,28.0,Duque de Caxias,ABC,Duque de Caxias,2,1,sintetica
1035,28.0,Fortaleza,Vila Nova,Empate,2,2,sintetica
1036,28.0,Guarani,Ceará,Guarani,2,1,sintetica
1037,28.0,Juventude,Ponte Preta,Juventude,3,1,sintetica
1038,28.0,Paraná,São Caetano,Paraná,1,0,sintetica
1039,28.0,Portuguesa,Bragantino,Portuguesa,2,0,sintetica
1040,28.0,Vasco da Gama,América-RN,Vasco da Gama,2,1,sintetica
1041,29.0,América-RN,Ipatinga,América-RN,1,0,sintetica
1042,29.0,Atlético-GO,Vasco da Gama,Empate,2,2,sintetica
1043,29.0,Bragantino,Bahia,Bragantino,3,0,sintetica
1044,29.0,Duque de Caxias,Ceará,Ceará,1,2,sintetica
1045,29.0,Fortaleza,Ponte Preta,Fortaleza,2,1,sintetica
1046,29.0,Guarani,Brasiliense,Guarani,2,1,sintetica
1047,29.0,Juventude,ABC,Juventude,2,0,sintetica
1048,29.0,Paraná,Figueirense,Figueirense,0,4,sintetica
1049,29.0,Portuguesa,Campinense,Empate,1,1,sintetica
1050,29.0,São Caetano,Vila Nova,São Caetano,3,1,sintetica
1051,30.0,Atlético-GO,Ipatinga,Empate,2,2,sintetica
1052,30.0,Brasiliense,Duque de Caxias,Empate,1,1,sintetica
1053,30.0,Ceará,Juventude,Empate,1,1,sintetica
1054,30.0,Fortaleza,ABC,Empate,3,3,sintetica
1055,30.0,Guarani,América-RN,Guarani,1,0,sintetica
1056,30.0,Paraná,Campinense,Paraná,3,0,sintetica
1057,30.0,Portuguesa,Bahia,Empate,0,0,sintetica
1058,30.0,São Caetano,Ponte Preta,Ponte Preta,0,2,sintetica
1059,30.0,Vasco da Gama,Bragantino,Empate,0,0,sintetica
1060,30.0,Vila Nova,Figueirense,Vila Nova,2,1,sintetica
1061,31.0,América-RN,Duque de Caxias,Duque de Caxias,0,1,sintetica
1062,31.0,Atlético-GO,Guarani,Atlético-GO,4,1,sintetica
1063,31.0,Bragantino,Ipatinga,Empate,1,1,sintetica
1064,31.0,Campinense,Bahia,Bahia,1,2,sintetica
1065,31.0,Ceará,Fortaleza,Ceará,1,0,sintetica
1066,31.0,Juventude,Brasiliense,Juventude,2,0,sintetica
1067,31.0,Ponte Preta,Figueirense,Figueirense,0,1,sintetica
1068,31.0,São Caetano,ABC,São Caetano,3,0,sintetica
1069,31.0,Vasco da Gama,Portuguesa,Portuguesa,0,1,sintetica
1070,31.0,Vila Nova,Paraná,Empate,2,2,sintetica
1071,32.0,América-RN,Juventude,Juventude,0,2,sintetica
1072,32.0,Atlético-GO,Duque de Caxias,Atlético-GO,3,0,sintetica
1073,32.0,Bahia,Vasco da Gama,Bahia,2,1,sintetica
1074,32.0,Bragantino,Guarani,Guarani,0,1,sintetica
1075,32.0,Ceará,São Caetano,Ceará,2,1,sintetica
1076,32.0,Figueirense,ABC,Figueirense,1,0,sintetica
1077,32.0,Fortaleza,Brasiliense,Brasiliense,2,3,sintetica
1078,32.0,Paraná,Ponte Preta,Empate,0,0,sintetica
1079,32.0,Portuguesa,Ipatinga,Ipatinga,0,1,sintetica
1080,32.0,Vila Nova,Campinense,Vila Nova,2,1,sintetica
1081,33.0,Atlético-GO,Juventude,Atlético-GO,2,1,sintetica
1082,33.0,Bragantino,Duque de Caxias,Bragantino,2,0,sintetica
1083,33.0,Ceará,Figueirense,Empate,2,2,sintetica
1084,33.0,Fortaleza,América-RN,Fortaleza,3,0,sintetica
1085,33.0,Guarani,Portuguesa,Portuguesa,0,3,sintetica
1086,33.0,Ipatinga,Bahia,Empate,0,0,sintetica
1087,33.0,Paraná,ABC,ABC,1,3,sintetica
1088,33.0,São Caetano,Brasiliense,São Caetano,2,1,sintetica
1089,33.0,Vasco da Gama,Campinense,Vasco da Gama,3,0,sintetica
1090,33.0,Vila Nova,Ponte Preta,Vila Nova,3,2,sintetica
1091,34.0,Brasiliense,Figueirense,Figueirense,0,4,sintetica
1092,34.0,Campinense,Ponte Preta,Ponte Preta,2,3,sintetica
1093,34.0,Ceará,Paraná,Paraná,0,1,sintetica
1094,34.0,Duque de Caxias,Portuguesa,Duque de Caxias,2,1,sintetica
1095,34.0,Fortaleza,Atlético-GO,Atlético-GO,0,1,sintetica
1096,34.0,Guarani,Bahia,Guarani,2,1,sintetica
1097,34.0,Juventude,Bragantino,Juventude,1,0,sintetica
1098,34.0,São Caetano,América-RN,América-RN,0,1,sintetica
1099,34.0,Vasco da Gama,Ipatinga,Vasco da Gama,4,0,sintetica
1100,34.0,Vila Nova,ABC,Vila Nova,1,0,sintetica
1101,35.0,América-RN,Figueirense,América-RN,1,0,sintetica
1102,35.0,Bragantino,Fortaleza,Bragantino,4,1,sintetica
1103,35.0,Campinense,Ipatinga,Campinense,5,1,sintetica
1104,35.0,Duque de Caxias,Bahia,Empate,0,0,sintetica
1105,35.0,Guarani,Vasco da Gama,Empate,0,0,sintetica
1106,35.0,Juventude,Portuguesa,Juventude,1,0,sintetica
1107,35.0,Paraná,Brasiliense,Brasiliense,0,2,sintetica
1108,35.0,Ponte Preta,ABC,Ponte Preta,2,0,sintetica
1109,35.0,São Caetano,Atlético-GO,Empate,2,2,sintetica
1110,35.0,Vila Nova,Ceará,Vila Nova,1,0,sintetica
1111,36.0,ABC,Campinense,Campinense,1,2,sintetica
1112,36.0,Bahia,Juventude,Empate,2,2,sintetica
1113,36.0,Ceará,Ponte Preta,Empate,1,1,sintetica
1114,36.0,Duque de Caxias,Vasco da Gama,Vasco da Gama,0,1,sintetica
1115,36.0,Figueirense,Atlético-GO,Figueirense,2,1,sintetica
1116,36.0,Fortaleza,Portuguesa,Portuguesa,0,1,sintetica
1117,36.0,Ipatinga,Guarani,Ipatinga,1,0,sintetica
1118,36.0,Paraná,América-RN,Paraná,2,1,sintetica
1119,36.0,São Caetano,Bragantino,São Caetano,3,0,sintetica
1120,36.0,Vila Nova,Brasiliense,Empate,0,0,sintetica
1121,37.0,América-RN,Vila Nova,América-RN,2,0,sintetica
1122,37.0,Atlético-GO,Paraná,Atlético-GO,5,0,sintetica
1123,37.0,Bahia,Fortaleza,Empate,2,2,sintetica
1124,37.0,Ceará,ABC,Ceará,2,0,sintetica
1125,37.0,Duque de Caxias,Ipatinga,Duque de Caxias,3,1,sintetica
1126,37.0,Figueirense,Bragantino,Figueirense,2,1,sintetica
1127,37.0,Guarani,Campinense,Guarani,3,0,sintetica
1128,37.0,Juventude,Vasco da Gama,Vasco da Gama,1,2,sintetica
1129,37.0,Ponte Preta,Brasiliense,Ponte Preta,2,0,sintetica
1130,37.0,Portuguesa,São Caetano,Empate,1,1,sintetica
1131,38.0,ABC,Brasiliense,ABC,6,2,sintetica
1132,38.0,Atlético-GO,Vila Nova,Atlético-GO,2,1,sintetica
1133,38.0,Campinense,Ceará,Ceará,1,3,sintetica
1134,38.0,Duque de Caxias,Guarani,Empate,1,1,sintetica
1135,38.0,Figueirense,Portuguesa,Portuguesa,1,2,sintetica
1136,38.0,Fortaleza,Vasco da Gama,Empate,1,1,sintetica
1137,38.0,Ipatinga,Juventude,Juventude,0,1,sintetica
1138,38.0,Paraná,Bragantino,Paraná,4,1,sintetica
1139,38.0,Ponte Preta,América-RN,Ponte Preta,4,0,sintetica
1140,38.0,São Caetano,Bahia,São Caetano,2,1,sintetica
1141,1.0,América-MG,Ponte Preta,Ponte Preta,1,3,sintetica
1142,1.0,América-RN,Bragantino,Empate,0,0,sintetica
1143,1.0,Duque de Caxias,Guaratinguetá,Guaratinguetá,1,2,sintetica
1144,1.0,Icasa,Bahia,Icasa,4,0,sintetica
1145,1.0,Ipatinga,Figueirense,Figueirense,0,2,sintetica
1146,1.0,Náutico,Vila Nova,Náutico,4,1,sintetica
1147,1.0,Paraná,Coritiba,Coritiba,0,1,sintetica
1148,1.0,Portuguesa,ASA,Portuguesa,2,0,sintetica
1149,1.0,Sport,Brasiliense,Sport,3,0,sintetica
1150,1.0,São Caetano,Santo André,São Caetano,3,2,sintetica
1151,2.0,ASA,Duque de Caxias,Duque de Caxias,0,2,sintetica
1152,2.0,América-MG,Sport,América-MG,2,1,sintetica
1153,2.0,Coritiba,Bahia,Coritiba,2,0,sintetica
1154,2.0,Icasa,Figueirense,Icasa,3,1,sintetica
1155,2.0,Ipatinga,Náutico,Ipatinga,2,1,sintetica
1156,2.0,Paraná,Brasiliense,Paraná,2,0,sintetica
1157,2.0,Ponte Preta,Bragantino,Bragantino,0,1,sintetica
1158,2.0,Portuguesa,América-RN,América-RN,1,2,sintetica
1159,2.0,Santo André,Guaratinguetá,Empate,1,1,sintetica
1160,2.0,Vila Nova,São Caetano,Vila Nova,2,1,sintetica
1161,3.0,ASA,Santo André,ASA,2,0,sintetica
1162,3.0,Bragantino,Sport,Empate,0,0,sintetica
1163,3.0,Brasiliense,Bahia,Brasiliense,3,2,sintetica
1164,3.0,Duque de Caxias,Portuguesa,Duque de Caxias,3,2,sintetica
1165,3.0,Figueirense,Coritiba,Figueirense,2,0,sintetica
1166,3.0,Guaratinguetá,Vila Nova,Guaratinguetá,2,1,sintetica
1167,3.0,Icasa,Náutico,Icasa,3,1,sintetica
1168,3.0,Ipatinga,São Caetano,Ipatinga,4,1,sintetica
1169,3.0,Paraná,América-MG,Paraná,1,0,sintetica
1170,3.0,Ponte Preta,América-RN,Ponte Preta,3,0,sintetica
1171,4.0,ASA,Vila Nova,ASA,2,1,sintetica
1172,4.0,América-MG,Bahia,Bahia,0,1,sintetica
1173,4.0,Bragantino,Paraná,Bragantino,1,0,sintetica
1174,4.0,Brasiliense,Figueirense,Empate,1,1,sintetica
1175,4.0,Coritiba,Náutico,Coritiba,3,1,sintetica
1176,4.0,Duque de Caxias,América-RN,América-RN,0,1,sintetica
1177,4.0,Icasa,São Caetano,Empate,1,1,sintetica
1178,4.0,Ipatinga,Guaratinguetá,Ipatinga,3,0,sintetica
1179,4.0,Ponte Preta,Sport,Ponte Preta,3,1,sintetica
1180,4.0,Santo André,Portuguesa,Portuguesa,3,4,sintetica
1181,5.0,ASA,Ipatinga,ASA,2,1,sintetica
1182,5.0,Bragantino,Bahia,Bragantino,2,0,sintetica
1183,5.0,Brasiliense,Náutico,Náutico,0,1,sintetica
1184,5.0,Coritiba,São Caetano,São Caetano,1,2,sintetica
1185,5.0,Figueirense,América-MG,América-MG,0,1,sintetica
1186,5.0,Icasa,Guaratinguetá,Empate,0,0,sintetica
1187,5.0,Ponte Preta,Paraná,Ponte Preta,1,0,sintetica
1188,5.0,Santo André,Duque de Caxias,Santo André,4,1,sintetica
1189,5.0,Sport,América-RN,Sport,3,0,sintetica
1190,5.0,Vila Nova,Portuguesa,Vila Nova,2,1,sintetica
1191,6.0,ASA,Icasa,ASA,3,0,sintetica
1192,6.0,Bahia,Ponte Preta,Empate,1,1,sintetica
1193,6.0,Bragantino,Figueirense,Figueirense,0,2,sintetica
1194,6.0,Brasiliense,São Caetano,Empate,1,1,sintetica
1195,6.0,Coritiba,Guaratinguetá,Guaratinguetá,2,3,sintetica
1196,6.0,Duque de Caxias,Vila Nova,Duque de Caxias,1,0,sintetica
1197,6.0,Ipatinga,Portuguesa,Empate,0,0,sintetica
1198,6.0,Náutico,América-MG,Náutico,2,1,sintetica
1199,6.0,Paraná,Sport,Sport,0,2,sintetica
1200,6.0,Santo André,América-RN,Empate,1,1,sintetica
1201,7.0,ASA,Coritiba,Coritiba,1,2,sintetica
1202,7.0,América-MG,São Caetano,América-MG,2,0,sintetica
1203,7.0,Brasiliense,Guaratinguetá,Empate,2,2,sintetica
1204,7.0,Duque de Caxias,Ipatinga,Empate,1,1,sintetica
1205,7.0,Figueirense,Ponte Preta,Figueirense,4,2,sintetica
1206,7.0,Icasa,Portuguesa,Icasa,3,1,sintetica
1207,7.0,Náutico,Bragantino,Empate,1,1,sintetica
1208,7.0,Paraná,América-RN,América-RN,0,1,sintetica
1209,7.0,Santo André,Vila Nova,Empate,0,0,sintetica
1210,7.0,Sport,Bahia,Bahia,1,2,sintetica
1211,8.0,América-RN,Vila Nova,Vila Nova,1,2,sintetica
1212,8.0,Bahia,Paraná,Bahia,2,1,sintetica
1213,8.0,Brasiliense,ASA,ASA,2,3,sintetica
1214,8.0,Duque de Caxias,Icasa,Duque de Caxias,1,0,sintetica
1215,8.0,Figueirense,Sport,Empate,0,0,sintetica
1216,8.0,Guaratinguetá,América-MG,América-MG,1,3,sintetica
1217,8.0,Ponte Preta,Náutico,Ponte Preta,2,0,sintetica
1218,8.0,Portuguesa,Coritiba,Empate,2,2,sintetica
1219,8.0,Santo André,Ipatinga,Empate,2,2,sintetica
1220,8.0,São Caetano,Bragantino,Empate,0,0,sintetica
1221,9.0,América-MG,ASA,ASA,1,3,sintetica
1222,9.0,Bahia,América-RN,Bahia,1,0,sintetica
1223,9.0,Duque de Caxias,Coritiba,Coritiba,2,3,sintetica
1224,9.0,Figueirense,Paraná,Figueirense,4,2,sintetica
1225,9.0,Guaratinguetá,Bragantino,Empate,2,2,sintetica
1226,9.0,Icasa,Santo André,Santo André,1,2,sintetica
1227,9.0,Ipatinga,Vila Nova,Ipatinga,2,0,sintetica
1228,9.0,Náutico,Sport,Empate,1,1,sintetica
1229,9.0,Ponte Preta,São Caetano,São Caetano,1,2,sintetica
1230,9.0,Portuguesa,Brasiliense,Portuguesa,3,1,sintetica
1231,10.0,ASA,Bragantino,ASA,2,0,sintetica
1232,10.0,América-MG,Portuguesa,Portuguesa,2,3,sintetica
1233,10.0,Bahia,Figueirense,Empate,2,2,sintetica
1234,10.0,Brasiliense,Duque de Caxias,Brasiliense,2,0,sintetica
1235,10.0,Coritiba,Santo André,Coritiba,3,2,sintetica
1236,10.0,Guaratinguetá,Ponte Preta,Ponte Preta,2,3,sintetica
1237,10.0,Ipatinga,América-RN,Empate,1,1,sintetica
1238,10.0,Náutico,Paraná,Paraná,1,4,sintetica
1239,10.0,Sport,São Caetano,Sport,4,1,sintetica
1240,10.0,Vila Nova,Icasa,Vila Nova,1,0,sintetica
1241,11.0,ASA,Ponte Preta,Empate,1,1,sintetica
1242,11.0,América-RN,Figueirense,Figueirense,1,3,sintetica
1243,11.0,Bahia,Náutico,Bahia,3,0,sintetica
1244,11.0,Bragantino,Portuguesa,Bragantino,2,0,sintetica
1245,11.0,Brasiliense,Santo André,Brasiliense,1,0,sintetica
1246,11.0,Duque de Caxias,América-MG,Duque de Caxias,1,0,sintetica
1247,11.0,Ipatinga,Icasa,Empate,2,2,sintetica
1248,11.0,Sport,Guaratinguetá,Empate,1,1,sintetica
1249,11.0,São Caetano,Paraná,Empate,2,2,sintetica
1250,11.0,Vila Nova,Coritiba,Coritiba,0,1,sintetica
1251,12.0,ASA,Sport,ASA,4,1,sintetica
1252,12.0,América-MG,Santo André,América-MG,4,1,sintetica
1253,12.0,América-RN,Icasa,América-RN,2,0,sintetica
1254,12.0,Brasiliense,Vila Nova,Brasiliense,3,0,sintetica
1255,12.0,Coritiba,Ipatinga,Coritiba,3,0,sintetica
1256,12.0,Duque de Caxias,Bragantino,Duque de Caxias,2,1,sintetica
1257,12.0,Náutico,Figueirense,Empate,1,1,sintetica
1258,12.0,Paraná,Guaratinguetá,Empate,1,1,sintetica
1259,12.0,Ponte Preta,Portuguesa,Portuguesa,0,2,sintetica
1260,12.0,São Caetano,Bahia,Empate,1,1,sintetica
1261,13.0,ASA,Paraná,Paraná,0,1,sintetica
1262,13.0,Bragantino,Santo André,Bragantino,3,1,sintetica
1263,13.0,Brasiliense,Ipatinga,Brasiliense,1,0,sintetica
1264,13.0,Duque de Caxias,Ponte Preta,Duque de Caxias,3,2,sintetica
1265,13.0,Figueirense,São Caetano,Figueirense,1,0,sintetica
1266,13.0,Guaratinguetá,Bahia,Guaratinguetá,4,2,sintetica
1267,13.0,Icasa,Coritiba,Empate,2,2,sintetica
1268,13.0,Náutico,América-RN,Empate,2,2,sintetica
1269,13.0,Sport,Portuguesa,Portuguesa,1,2,sintetica
1270,13.0,Vila Nova,América-MG,América-MG,2,4,sintetica
1271,14.0,Bahia,ASA,Bahia,5,1,sintetica
1272,14.0,Bragantino,Vila Nova,Bragantino,5,1,sintetica
1273,14.0,Brasiliense,Icasa,Brasiliense,2,0,sintetica
1274,14.0,Coritiba,América-RN,Coritiba,5,1,sintetica
1275,14.0,Duque de Caxias,Sport,Sport,1,3,sintetica
1276,14.0,Guaratinguetá,Figueirense,Empate,2,2,sintetica
1277,14.0,Ipatinga,América-MG,América-MG,1,2,sintetica
1278,14.0,Náutico,São Caetano,São Caetano,1,2,sintetica
1279,14.0,Portuguesa,Paraná,Portuguesa,6,1,sintetica
1280,14.0,Santo André,Ponte Preta,Santo André,2,0,sintetica
1281,15.0,América-MG,Icasa,América-MG,2,0,sintetica
1282,15.0,América-RN,São Caetano,Empate,3,3,sintetica
1283,15.0,Brasiliense,Coritiba,Coritiba,0,1,sintetica
1284,15.0,Duque de Caxias,Paraná,Paraná,1,5,sintetica
1285,15.0,Figueirense,ASA,Figueirense,6,0,sintetica
1286,15.0,Ipatinga,Bragantino,Ipatinga,2,1,sintetica
1287,15.0,Náutico,Guaratinguetá,Guaratinguetá,0,1,sintetica
1288,15.0,Ponte Preta,Vila Nova,Empate,2,2,sintetica
1289,15.0,Portuguesa,Bahia,Bahia,2,4,sintetica
1290,15.0,Sport,Santo André,Empate,1,1,sintetica
1291,16.0,América-MG,Coritiba,Empate,1,1,sintetica
1292,16.0,América-RN,Brasiliense,Brasiliense,1,2,sintetica
1293,16.0,Bahia,Duque de Caxias,Duque de Caxias,0,1,sintetica
1294,16.0,Figueirense,Portuguesa,Figueirense,2,1,sintetica
1295,16.0,Guaratinguetá,São Caetano,Empate,0,0,sintetica
1296,16.0,Icasa,Bragantino,Icasa,2,1,sintetica
1297,16.0,Náutico,ASA,Náutico,2,1,sintetica
1298,16.0,Paraná,Santo André,Paraná,3,0,sintetica
1299,16.0,Ponte Preta,Ipatinga,Empate,1,1,sintetica
1300,16.0,Sport,Vila Nova,Empate,0,0,sintetica
1301,17.0,ASA,São Caetano,ASA,3,1,sintetica
1302,17.0,América-MG,Brasiliense,América-MG,2,1,sintetica
1303,17.0,América-RN,Guaratinguetá,América-RN,5,2,sintetica
1304,17.0,Bahia,Santo André,Santo André,1,2,sintetica
1305,17.0,Coritiba,Bragantino,Empate,0,0,sintetica
1306,17.0,Figueirense,Duque de Caxias,Empate,0,0,sintetica
1307,17.0,Icasa,Ponte Preta,Icasa,2,0,sintetica
1308,17.0,Ipatinga,Sport,Sport,1,3,sintetica
1309,17.0,Náutico,Portuguesa,Náutico,1,0,sintetica
1310,17.0,Vila Nova,Paraná,Empate,2,2,sintetica
1311,18.0,América-MG,América-RN,América-MG,4,1,sintetica
1312,18.0,Brasiliense,Bragantino,Bragantino,0,4,sintetica
1313,18.0,Coritiba,Ponte Preta,Coritiba,2,1,sintetica
1314,18.0,Duque de Caxias,Náutico,Náutico,1,2,sintetica
1315,18.0,Figueirense,Santo André,Empate,2,2,sintetica
1316,18.0,Guaratinguetá,ASA,ASA,0,2,sintetica
1317,18.0,Icasa,Sport,Empate,0,0,sintetica
1318,18.0,Ipatinga,Paraná,Paraná,1,2,sintetica
1319,18.0,São Caetano,Portuguesa,Portuguesa,1,3,sintetica
1320,18.0,Vila Nova,Bahia,Bahia,0,4,sintetica
1321,19.0,América-RN,ASA,América-RN,1,0,sintetica
1322,19.0,Bragantino,América-MG,América-MG,1,2,sintetica
1323,19.0,Duque de Caxias,São Caetano,Duque de Caxias,1,0,sintetica
1324,19.0,Figueirense,Vila Nova,Figueirense,2,0,sintetica
1325,19.0,Icasa,Paraná,Icasa,3,0,sintetica
1326,19.0,Ipatinga,Bahia,Bahia,1,2,sintetica
1327,19.0,Ponte Preta,Brasiliense,Ponte Preta,2,0,sintetica
1328,19.0,Portuguesa,Guaratinguetá,Portuguesa,3,0,sintetica
1329,19.0,Santo André,Náutico,Santo André,1,0,sintetica
1330,19.0,Sport,Coritiba,Sport,3,2,sintetica
1331,20.0,ASA,Portuguesa,Empate,1,1,sintetica
1332,20.0,Bahia,Icasa,Icasa,2,4,sintetica
1333,20.0,Bragantino,América-RN,Bragantino,5,0,sintetica
1334,20.0,Brasiliense,Sport,Brasiliense,2,1,sintetica
1335,20.0,Coritiba,Paraná,Empate,0,0,sintetica
1336,20.0,Figueirense,Ipatinga,Figueirense,5,0,sintetica
1337,20.0,Guaratinguetá,Duque de Caxias,Guaratinguetá,3,1,sintetica
1338,20.0,Ponte Preta,América-MG,Empate,0,0,sintetica
1339,20.0,Santo André,São Caetano,Santo André,1,0,sintetica
1340,20.0,Vila Nova,Náutico,Vila Nova,2,1,sintetica
1341,21.0,América-RN,Portuguesa,Portuguesa,1,3,sintetica
1342,21.0,Bahia,Coritiba,Empate,1,1,sintetica
1343,21.0,Bragantino,Ponte Preta,Ponte Preta,0,2,sintetica
1344,21.0,Brasiliense,Paraná,Brasiliense,3,0,sintetica
1345,21.0,Duque de Caxias,ASA,Empate,1,1,sintetica
1346,21.0,Figueirense,Icasa,Figueirense,5,1,sintetica
1347,21.0,Guaratinguetá,Santo André,Guaratinguetá,3,1,sintetica
1348,21.0,Náutico,Ipatinga,Náutico,2,0,sintetica
1349,21.0,Sport,América-MG,Sport,1,0,sintetica
1350,21.0,São Caetano,Vila Nova,Vila Nova,1,2,sintetica
1351,22.0,América-MG,Paraná,América-MG,1,0,sintetica
1352,22.0,América-RN,Ponte Preta,Empate,1,1,sintetica
1353,22.0,Bahia,Brasiliense,Empate,1,1,sintetica
1354,22.0,Coritiba,Figueirense,Coritiba,2,1,sintetica
1355,22.0,Náutico,Icasa,Náutico,1,0,sintetica
1356,22.0,Portuguesa,Duque de Caxias,Duque de Caxias,0,2,sintetica
1357,22.0,Santo André,ASA,Santo André,3,0,sintetica
1358,22.0,Sport,Bragantino,Sport,2,0,sintetica
1359,22.0,São Caetano,Ipatinga,São Caetano,2,1,sintetica
1360,22.0,Vila Nova,Guaratinguetá,Vila Nova,1,0,sintetica
1361,23.0,América-RN,Duque de Caxias,América-RN,2,1,sintetica
1362,23.0,Bahia,América-MG,Bahia,3,0,sintetica
1363,23.0,Figueirense,Brasiliense,Figueirense,1,0,sintetica
1364,23.0,Guaratinguetá,Ipatinga,Guaratinguetá,2,1,sintetica
1365,23.0,Náutico,Coritiba,Náutico,3,1,sintetica
1366,23.0,Paraná,Bragantino,Empate,0,0,sintetica
1367,23.0,Portuguesa,Santo André,Portuguesa,3,2,sintetica
1368,23.0,Sport,Ponte Preta,Empate,1,1,sintetica
1369,23.0,São Caetano,Icasa,São Caetano,2,1,sintetica
1370,23.0,Vila Nova,ASA,ASA,2,3,sintetica
1371,24.0,América-MG,Figueirense,América-MG,1,0,sintetica
1372,24.0,América-RN,Sport,Sport,0,5,sintetica
1373,24.0,Bahia,Bragantino,Empate,1,1,sintetica
1374,24.0,Duque de Caxias,Santo André,Duque de Caxias,3,2,sintetica
1375,24.0,Guaratinguetá,Icasa,Empate,1,1,sintetica
1376,24.0,Ipatinga,ASA,ASA,1,2,sintetica
1377,24.0,Náutico,Brasiliense,Empate,0,0,sintetica
1378,24.0,Paraná,Ponte Preta,Empate,2,2,sintetica
1379,24.0,Portuguesa,Vila Nova,Portuguesa,4,1,sintetica
1380,24.0,São Caetano,Coritiba,São Caetano,3,1,sintetica
1381,25.0,América-MG,Náutico,Náutico,1,2,sintetica
1382,25.0,América-RN,Santo André,América-RN,2,0,sintetica
1383,25.0,Figueirense,Bragantino,Empate,0,0,sintetica
1384,25.0,Guaratinguetá,Coritiba,Guaratinguetá,1,0,sintetica
1385,25.0,Icasa,ASA,ASA,0,1,sintetica
1386,25.0,Ponte Preta,Bahia,Bahia,1,2,sintetica
1387,25.0,Portuguesa,Ipatinga,Portuguesa,2,1,sintetica
1388,25.0,Sport,Paraná,Sport,1,0,sintetica
1389,25.0,São Caetano,Brasiliense,Empate,1,1,sintetica
1390,25.0,Vila Nova,Duque de Caxias,Vila Nova,3,1,sintetica
1391,26.0,América-RN,Paraná,América-RN,1,0,sintetica
1392,26.0,Bahia,Sport,Bahia,2,0,sintetica
1393,26.0,Bragantino,Náutico,Bragantino,3,0,sintetica
1394,26.0,Coritiba,ASA,Coritiba,2,0,sintetica
1395,26.0,Guaratinguetá,Brasiliense,Brasiliense,0,1,sintetica
1396,26.0,Ipatinga,Duque de Caxias,Ipatinga,2,0,sintetica
1397,26.0,Ponte Preta,Figueirense,Figueirense,1,2,sintetica
1398,26.0,Portuguesa,Icasa,Portuguesa,3,1,sintetica
1399,26.0,São Caetano,América-MG,Empate,0,0,sintetica
1400,26.0,Vila Nova,Santo André,Santo André,0,3,sintetica
1401,27.0,ASA,Brasiliense,ASA,6,1,sintetica
1402,27.0,América-MG,Guaratinguetá,América-MG,3,1,sintetica
1403,27.0,Bragantino,São Caetano,Empate,1,1,sintetica
1404,27.0,Coritiba,Portuguesa,Coritiba,2,0,sintetica
1405,27.0,Icasa,Duque de Caxias,Icasa,3,1,sintetica
1406,27.0,Ipatinga,Santo André,Empate,1,1,sintetica
1407,27.0,Náutico,Ponte Preta,Empate,1,1,sintetica
1408,27.0,Paraná,Bahia,Bahia,0,1,sintetica
1409,27.0,Sport,Figueirense,Sport,2,1,sintetica
1410,27.0,Vila Nova,América-RN,Vila Nova,2,1,sintetica
1411,28.0,ASA,América-MG,ASA,2,1,sintetica
1412,28.0,América-RN,Bahia,Bahia,0,2,sintetica
1413,28.0,Bragantino,Guaratinguetá,Empate,1,1,sintetica
1414,28.0,Brasiliense,Portuguesa,Empate,1,1,sintetica
1415,28.0,Coritiba,Duque de Caxias,Duque de Caxias,0,2,sintetica
1416,28.0,Paraná,Figueirense,Empate,1,1,sintetica
1417,28.0,Santo André,Icasa,Empate,1,1,sintetica
1418,28.0,Sport,Náutico,Empate,1,1,sintetica
1419,28.0,São Caetano,Ponte Preta,São Caetano,3,1,sintetica
1420,28.0,Vila Nova,Ipatinga,Empate,2,2,sintetica
1421,29.0,América-RN,Ipatinga,Ipatinga,0,1,sintetica
1422,29.0,Bragantino,ASA,Bragantino,2,1,sintetica
1423,29.0,Duque de Caxias,Brasiliense,Duque de Caxias,3,0,sintetica
1424,29.0,Figueirense,Bahia,Figueirense,1,0,sintetica
1425,29.0,Icasa,Vila Nova,Vila Nova,1,4,sintetica
1426,29.0,Paraná,Náutico,Paraná,4,0,sintetica
1427,29.0,Ponte Preta,Guaratinguetá,Empate,1,1,sintetica
1428,29.0,Portuguesa,América-MG,Portuguesa,1,0,sintetica
1429,29.0,Santo André,Coritiba,Coritiba,1,3,sintetica
1430,29.0,São Caetano,Sport,São Caetano,2,1,sintetica
1431,30.0,América-MG,Duque de Caxias,América-MG,2,1,sintetica
1432,30.0,Coritiba,Vila Nova,Coritiba,5,1,sintetica
1433,30.0,Figueirense,América-RN,Figueirense,4,0,sintetica
1434,30.0,Guaratinguetá,Sport,Sport,0,1,sintetica
1435,30.0,Icasa,Ipatinga,Icasa,2,0,sintetica
1436,30.0,Náutico,Bahia,Náutico,3,2,sintetica
1437,30.0,Paraná,São Caetano,Paraná,1,0,sintetica
1438,30.0,Ponte Preta,ASA,Empate,0,0,sintetica
1439,30.0,Portuguesa,Bragantino,Portuguesa,2,0,sintetica
1440,30.0,Santo André,Brasiliense,Empate,1,1,sintetica
1441,31.0,Bahia,São Caetano,Bahia,3,0,sintetica
1442,31.0,Bragantino,Duque de Caxias,Bragantino,4,1,sintetica
1443,31.0,Figueirense,Náutico,Náutico,1,2,sintetica
1444,31.0,Guaratinguetá,Paraná,Paraná,0,2,sintetica
1445,31.0,Icasa,América-RN,Empate,2,2,sintetica
1446,31.0,Ipatinga,Coritiba,Ipatinga,5,1,sintetica
1447,31.0,Portuguesa,Ponte Preta,Ponte Preta,0,1,sintetica
1448,31.0,Santo André,América-MG,Santo André,3,0,sintetica
1449,31.0,Sport,ASA,Sport,2,0,sintetica
1450,31.0,Vila Nova,Brasiliense,Vila Nova,4,0,sintetica
1451,32.0,América-MG,Vila Nova,América-MG,2,0,sintetica
1452,32.0,América-RN,Náutico,América-RN,2,1,sintetica
1453,32.0,Bahia,Guaratinguetá,Bahia,2,1,sintetica
1454,32.0,Coritiba,Icasa,Coritiba,3,0,sintetica
1455,32.0,Ipatinga,Brasiliense,Ipatinga,3,1,sintetica
1456,32.0,Paraná,ASA,Paraná,2,1,sintetica
1457,32.0,Ponte Preta,Duque de Caxias,Ponte Preta,1,0,sintetica
1458,32.0,Portuguesa,Sport,Sport,1,2,sintetica
1459,32.0,Santo André,Bragantino,Bragantino,1,3,sintetica
1460,32.0,São Caetano,Figueirense,Figueirense,0,1,sintetica
1461,33.0,ASA,Bahia,Bahia,0,1,sintetica
1462,33.0,América-MG,Ipatinga,América-MG,4,0,sintetica
1463,33.0,América-RN,Coritiba,Coritiba,1,2,sintetica
1464,33.0,Figueirense,Guaratinguetá,Empate,2,2,sintetica
1465,33.0,Icasa,Brasiliense,Icasa,3,0,sintetica
1466,33.0,Paraná,Portuguesa,Paraná,2,1,sintetica
1467,33.0,Ponte Preta,Santo André,Ponte Preta,2,0,sintetica
1468,33.0,Sport,Duque de Caxias,Duque de Caxias,1,2,sintetica
1469,33.0,São Caetano,Náutico,São Caetano,5,0,sintetica
1470,33.0,Vila Nova,Bragantino,Vila Nova,3,1,sintetica
1471,34.0,ASA,Figueirense,Figueirense,1,2,sintetica
1472,34.0,Bahia,Portuguesa,Bahia,3,0,sintetica
1473,34.0,Bragantino,Ipatinga,Bragantino,2,0,sintetica
1474,34.0,Coritiba,Brasiliense,Coritiba,2,1,sintetica
1475,34.0,Guaratinguetá,Náutico,Guaratinguetá,1,0,sintetica
1476,34.0,Icasa,América-MG,América-MG,2,3,sintetica
1477,34.0,Paraná,Duque de Caxias,Paraná,1,0,sintetica
1478,34.0,Santo André,Sport,Empate,2,2,sintetica
1479,34.0,São Caetano,América-RN,São Caetano,1,0,sintetica
1480,34.0,Vila Nova,Ponte Preta,Ponte Preta,1,2,sintetica
1481,35.0,ASA,Náutico,ASA,2,0,sintetica
1482,35.0,Bragantino,Icasa,Empate,0,0,sintetica
1483,35.0,Brasiliense,América-RN,Brasiliense,1,0,sintetica
1484,35.0,Coritiba,América-MG,Empate,1,1,sintetica
1485,35.0,Duque de Caxias,Bahia,Empate,0,0,sintetica
1486,35.0,Ipatinga,Ponte Preta,Ipatinga,2,1,sintetica
1487,35.0,Portuguesa,Figueirense,Portuguesa,1,0,sintetica
1488,35.0,Santo André,Paraná,Santo André,3,1,sintetica
1489,35.0,São Caetano,Guaratinguetá,São Caetano,3,1,sintetica
1490,35.0,Vila Nova,Sport,Empate,1,1,sintetica
1491,36.0,Bragantino,Coritiba,Coritiba,2,3,sintetica
1492,36.0,Brasiliense,América-MG,Empate,1,1,sintetica
1493,36.0,Duque de Caxias,Figueirense,Empate,2,2,sintetica
1494,36.0,Guaratinguetá,América-RN,Empate,1,1,sintetica
1495,36.0,Paraná,Vila Nova,Paraná,1,0,sintetica
1496,36.0,Ponte Preta,Icasa,Icasa,0,1,sintetica
1497,36.0,Portuguesa,Náutico,Portuguesa,3,1,sintetica
1498,36.0,Santo André,Bahia,Santo André,1,0,sintetica
1499,36.0,Sport,Ipatinga,Ipatinga,0,1,sintetica
1500,36.0,São Caetano,ASA,São Caetano,2,0,sintetica
1501,37.0,ASA,Guaratinguetá,Guaratinguetá,1,2,sintetica
1502,37.0,América-RN,América-MG,América-MG,0,2,sintetica
1503,37.0,Bahia,Vila Nova,Empate,1,1,sintetica
1504,37.0,Bragantino,Brasiliense,Empate,2,2,sintetica
1505,37.0,Náutico,Duque de Caxias,Duque de Caxias,0,2,sintetica
1506,37.0,Paraná,Ipatinga,Paraná,3,0,sintetica
1507,37.0,Ponte Preta,Coritiba,Empate,2,2,sintetica
1508,37.0,Portuguesa,São Caetano,Portuguesa,3,1,sintetica
1509,37.0,Santo André,Figueirense,Figueirense,0,2,sintetica
1510,37.0,Sport,Icasa,Icasa,1,2,sintetica
1511,38.0,ASA,América-RN,América-RN,1,2,sintetica
1512,38.0,América-MG,Bragantino,Empate,0,0,sintetica
1513,38.0,Bahia,Ipatinga,Bahia,3,1,sintetica
1514,38.0,Brasiliense,Ponte Preta,Brasiliense,2,1,sintetica
1515,38.0,Coritiba,Sport,Coritiba,2,1,sintetica
1516,38.0,Guaratinguetá,Portuguesa,Empate,1,1,sintetica
1517,38.0,Náutico,Santo André,Náutico,1,0,sintetica
1518,38.0,Paraná,Icasa,Empate,0,0,sintetica
1519,38.0,São Caetano,Duque de Caxias,São Caetano,1,0,sintetica
1520,38.0,Vila Nova,Figueirense,Vila Nova,3,1,sintetica
1521,1.0,Americana,São Caetano,Americana,1,0,sintetica
1522,1.0,Barueri,Salgueiro,Barueri,2,1,sintetica
1523,1.0,Bragantino,Criciúma,Empate,2,2,sintetica
1524,1.0,Guarani,ASA,ASA,0,1,sintetica
1525,1.0,Icasa,Goiás,Icasa,4,2,sintetica
1526,1.0,Náutico,ABC,Náutico,2,0,sintetica
1527,1.0,Paraná,Boa Esporte,Paraná,2,0,sintetica
1528,1.0,Portuguesa,Ponte Preta,Portuguesa,2,1,sintetica
1529,1.0,Vila Nova,Duque de Caxias,Empate,1,1,sintetica
1530,1.0,Vitória,Sport,Vitória,2,0,sintetica
1531,2.0,Americana,Guarani,Guarani,1,2,sintetica
1532,2.0,Barueri,Portuguesa,Empate,1,1,sintetica
1533,2.0,Boa Esporte,ASA,Boa Esporte,2,1,sintetica
1534,2.0,Criciúma,ABC,Criciúma,3,1,sintetica
1535,2.0,Duque de Caxias,Sport,Empate,1,1,sintetica
1536,2.0,Goiás,Ponte Preta,Goiás,2,1,sintetica
1537,2.0,Náutico,Salgueiro,Náutico,1,0,sintetica
1538,2.0,Paraná,Icasa,Paraná,2,0,sintetica
1539,2.0,Vila Nova,Bragantino,Bragantino,1,2,sintetica
1540,2.0,Vitória,São Caetano,São Caetano,1,2,sintetica
1541,3.0,ASA,Icasa,ASA,2,1,sintetica
1542,3.0,Americana,Boa Esporte,Americana,2,1,sintetica
1543,3.0,Barueri,Goiás,Barueri,2,0,sintetica
1544,3.0,Bragantino,Sport,Bragantino,3,2,sintetica
1545,3.0,Duque de Caxias,Vitória,Vitória,2,3,sintetica
1546,3.0,Guarani,São Caetano,Guarani,1,0,sintetica
1547,3.0,Ponte Preta,Paraná,Ponte Preta,4,3,sintetica
1548,3.0,Portuguesa,Náutico,Portuguesa,4,0,sintetica
1549,3.0,Salgueiro,Criciúma,Salgueiro,2,1,sintetica
1550,3.0,Vila Nova,ABC,Empate,2,2,sintetica
1551,4.0,ASA,Ponte Preta,Ponte Preta,1,2,sintetica
1552,4.0,Americana,Icasa,Americana,1,0,sintetica
1553,4.0,Boa Esporte,São Caetano,Boa Esporte,4,1,sintetica
1554,4.0,Duque de Caxias,Bragantino,Bragantino,2,6,sintetica
1555,4.0,Goiás,Náutico,Náutico,1,2,sintetica
1556,4.0,Paraná,Barueri,Barueri,1,3,sintetica
1557,4.0,Portuguesa,Criciúma,Portuguesa,2,0,sintetica
1558,4.0,Salgueiro,Vila Nova,Empate,1,1,sintetica
1559,4.0,Sport,ABC,Sport,2,0,sintetica
1560,4.0,Vitória,Guarani,Guarani,0,1,sintetica
1561,5.0,ABC,Duque de Caxias,ABC,3,0,sintetica
1562,5.0,ASA,Barueri,Empate,1,1,sintetica
1563,5.0,Americana,Ponte Preta,Ponte Preta,0,2,sintetica
1564,5.0,Goiás,Criciúma,Goiás,1,0,sintetica
1565,5.0,Guarani,Boa Esporte,Guarani,2,0,sintetica
1566,5.0,Icasa,São Caetano,Empate,0,0,sintetica
1567,5.0,Paraná,Náutico,Paraná,2,0,sintetica
1568,5.0,Portuguesa,Vila Nova,Vila Nova,0,1,sintetica
1569,5.0,Salgueiro,Sport,Sport,0,1,sintetica
1570,5.0,Vitória,Bragantino,Vitória,4,1,sintetica
1571,6.0,ASA,Náutico,Náutico,1,2,sintetica
1572,6.0,Americana,Barueri,Americana,1,0,sintetica
1573,6.0,Bragantino,ABC,Empate,1,1,sintetica
1574,6.0,Criciúma,Paraná,Paraná,1,2,sintetica
1575,6.0,Goiás,Vila Nova,Empate,1,1,sintetica
1576,6.0,Guarani,Icasa,Icasa,0,1,sintetica
1577,6.0,Portuguesa,Sport,Empate,2,2,sintetica
1578,6.0,Salgueiro,Duque de Caxias,Salgueiro,2,0,sintetica
1579,6.0,São Caetano,Ponte Preta,Empate,1,1,sintetica
1580,6.0,Vitória,Boa Esporte,Boa Esporte,0,1,sintetica
1581,7.0,ABC,Vitória,Empate,0,0,sintetica
1582,7.0,Barueri,São Caetano,São Caetano,0,3,sintetica
1583,7.0,Boa Esporte,Icasa,Boa Esporte,1,0,sintetica
1584,7.0,Bragantino,Salgueiro,Bragantino,5,3,sintetica
1585,7.0,Criciúma,ASA,Criciúma,1,0,sintetica
1586,7.0,Guarani,Ponte Preta,Ponte Preta,0,3,sintetica
1587,7.0,Náutico,Americana,Náutico,3,2,sintetica
1588,7.0,Portuguesa,Duque de Caxias,Portuguesa,4,0,sintetica
1589,7.0,Sport,Goiás,Goiás,0,1,sintetica
1590,7.0,Vila Nova,Paraná,Paraná,0,1,sintetica
1591,8.0,Americana,Criciúma,Empate,0,0,sintetica
1592,8.0,Barueri,Guarani,Guarani,1,3,sintetica
1593,8.0,Bragantino,Portuguesa,Empate,1,1,sintetica
1594,8.0,Goiás,Duque de Caxias,Goiás,4,1,sintetica
1595,8.0,Icasa,Vitória,Icasa,3,1,sintetica
1596,8.0,Paraná,Sport,Sport,1,2,sintetica
1597,8.0,Ponte Preta,Boa Esporte,Boa Esporte,1,2,sintetica
1598,8.0,Salgueiro,ABC,ABC,0,1,sintetica
1599,8.0,São Caetano,Náutico,Empate,0,0,sintetica
1600,8.0,Vila Nova,ASA,Empate,1,1,sintetica
1601,9.0,Barueri,Boa Esporte,Empate,2,2,sintetica
1602,9.0,Bragantino,Goiás,Bragantino,4,0,sintetica
1603,9.0,Criciúma,São Caetano,Empate,1,1,sintetica
1604,9.0,Duque de Caxias,Paraná,Empate,0,0,sintetica
1605,9.0,Guarani,Náutico,Guarani,3,1,sintetica
1606,9.0,Icasa,Ponte Preta,Empate,1,1,sintetica
1607,9.0,Portuguesa,ABC,ABC,2,3,sintetica
1608,9.0,Sport,ASA,Sport,3,0,sintetica
1609,9.0,Vila Nova,Americana,Americana,1,3,sintetica
1610,9.0,Vitória,Salgueiro,Vitória,5,1,sintetica
1611,10.0,ABC,Goiás,ABC,2,0,sintetica
1612,10.0,ASA,Duque de Caxias,ASA,2,0,sintetica
1613,10.0,Boa Esporte,Náutico,Boa Esporte,2,1,sintetica
1614,10.0,Guarani,Criciúma,Guarani,4,2,sintetica
1615,10.0,Icasa,Barueri,Barueri,0,1,sintetica
1616,10.0,Paraná,Bragantino,Paraná,1,0,sintetica
1617,10.0,Ponte Preta,Vitória,Empate,0,0,sintetica
1618,10.0,Salgueiro,Portuguesa,Portuguesa,1,2,sintetica
1619,10.0,Sport,Americana,Sport,4,0,sintetica
1620,10.0,São Caetano,Vila Nova,São Caetano,3,0,sintetica
1621,11.0,Americana,Duque de Caxias,Empate,1,1,sintetica
1622,11.0,Barueri,Ponte Preta,Barueri,2,1,sintetica
1623,11.0,Boa Esporte,Criciúma,Boa Esporte,2,0,sintetica
1624,11.0,Bragantino,ASA,ASA,0,1,sintetica
1625,11.0,Goiás,Salgueiro,Salgueiro,0,1,sintetica
1626,11.0,Guarani,Vila Nova,Vila Nova,0,1,sintetica
1627,11.0,Náutico,Icasa,Empate,2,2,sintetica
1628,11.0,Paraná,ABC,Paraná,1,0,sintetica
1629,11.0,São Caetano,Sport,Empate,3,3,sintetica
1630,11.0,Vitória,Portuguesa,Portuguesa,0,2,sintetica
1631,12.0,ASA,ABC,ASA,4,3,sintetica
1632,12.0,Americana,Bragantino,Empate,1,1,sintetica
1633,12.0,Guarani,Sport,Empate,1,1,sintetica
1634,12.0,Icasa,Criciúma,Criciúma,0,1,sintetica
1635,12.0,Náutico,Ponte Preta,Empate,2,2,sintetica
1636,12.0,Paraná,Salgueiro,Paraná,1,0,sintetica
1637,12.0,Portuguesa,Goiás,Portuguesa,3,0,sintetica
1638,12.0,São Caetano,Duque de Caxias,São Caetano,4,2,sintetica
1639,12.0,Vila Nova,Boa Esporte,Boa Esporte,1,2,sintetica
1640,12.0,Vitória,Barueri,Barueri,1,2,sintetica
1641,13.0,ABC,Americana,ABC,3,1,sintetica
1642,13.0,ASA,Salgueiro,Salgueiro,0,1,sintetica
1643,13.0,Barueri,Náutico,Empate,0,0,sintetica
1644,13.0,Duque de Caxias,Guarani,Guarani,0,2,sintetica
1645,13.0,Icasa,Vila Nova,Icasa,1,0,sintetica
1646,13.0,Paraná,Portuguesa,Empate,1,1,sintetica
1647,13.0,Ponte Preta,Criciúma,Ponte Preta,3,0,sintetica
1648,13.0,Sport,Boa Esporte,Sport,4,1,sintetica
1649,13.0,São Caetano,Bragantino,Bragantino,0,2,sintetica
1650,13.0,Vitória,Goiás,Vitória,3,2,sintetica
1651,14.0,ABC,São Caetano,Empate,2,2,sintetica
1652,14.0,ASA,Portuguesa,ASA,2,0,sintetica
1653,14.0,Americana,Salgueiro,Americana,1,0,sintetica
1654,14.0,Criciúma,Barueri,Barueri,1,2,sintetica
1655,14.0,Duque de Caxias,Boa Esporte,Empate,2,2,sintetica
1656,14.0,Goiás,Paraná,Paraná,0,3,sintetica
1657,14.0,Guarani,Bragantino,Guarani,3,1,sintetica
1658,14.0,Icasa,Sport,Empate,2,2,sintetica
1659,14.0,Náutico,Vitória,Náutico,2,0,sintetica
1660,14.0,Ponte Preta,Vila Nova,Empate,1,1,sintetica
1661,15.0,ABC,Guarani,ABC,2,1,sintetica
1662,15.0,Americana,Portuguesa,Portuguesa,2,3,sintetica
1663,15.0,Barueri,Vila Nova,Barueri,1,0,sintetica
1664,15.0,Bragantino,Boa Esporte,Boa Esporte,1,2,sintetica
1665,15.0,Duque de Caxias,Icasa,Empate,1,1,sintetica
1666,15.0,Goiás,ASA,Goiás,4,1,sintetica
1667,15.0,Náutico,Criciúma,Náutico,2,1,sintetica
1668,15.0,Ponte Preta,Sport,Empate,1,1,sintetica
1669,15.0,Salgueiro,São Caetano,Empate,1,1,sintetica
1670,15.0,Vitória,Paraná,Vitória,1,0,sintetica
1671,16.0,Barueri,Sport,Sport,2,3,sintetica
1672,16.0,Boa Esporte,ABC,Empate,0,0,sintetica
1673,16.0,Bragantino,Icasa,Empate,1,1,sintetica
1674,16.0,Goiás,Americana,Goiás,3,1,sintetica
1675,16.0,Guarani,Salgueiro,Salgueiro,1,2,sintetica
1676,16.0,Paraná,ASA,Paraná,3,1,sintetica
1677,16.0,Ponte Preta,Duque de Caxias,Ponte Preta,2,1,sintetica
1678,16.0,São Caetano,Portuguesa,Empate,3,3,sintetica
1679,16.0,Vila Nova,Náutico,Empate,0,0,sintetica
1680,16.0,Vitória,Criciúma,Vitória,3,1,sintetica
1681,17.0,ABC,Icasa,Empate,1,1,sintetica
1682,17.0,Americana,Paraná,Americana,1,0,sintetica
1683,17.0,Barueri,Duque de Caxias,Barueri,2,1,sintetica
1684,17.0,Boa Esporte,Salgueiro,Empate,0,0,sintetica
1685,17.0,Bragantino,Ponte Preta,Empate,1,1,sintetica
1686,17.0,Guarani,Portuguesa,Portuguesa,0,2,sintetica
1687,17.0,Náutico,Sport,Náutico,2,0,sintetica
1688,17.0,São Caetano,Goiás,São Caetano,2,1,sintetica
1689,17.0,Vila Nova,Criciúma,Vila Nova,2,0,sintetica
1690,17.0,Vitória,ASA,Vitória,1,0,sintetica
1691,18.0,ABC,Ponte Preta,Empate,1,1,sintetica
1692,18.0,Americana,ASA,Empate,1,1,sintetica
1693,18.0,Bragantino,Barueri,Bragantino,2,1,sintetica
1694,18.0,Criciúma,Sport,Criciúma,1,0,sintetica
1695,18.0,Duque de Caxias,Náutico,Empate,0,0,sintetica
1696,18.0,Goiás,Guarani,Goiás,3,0,sintetica
1697,18.0,Icasa,Salgueiro,Icasa,1,0,sintetica
1698,18.0,Paraná,São Caetano,Empate,2,2,sintetica
1699,18.0,Portuguesa,Boa Esporte,Empate,1,1,sintetica
1700,18.0,Vila Nova,Vitória,Vitória,0,3,sintetica
1701,19.0,ASA,São Caetano,Empate,0,0,sintetica
1702,19.0,Barueri,ABC,ABC,1,3,sintetica
1703,19.0,Bragantino,Náutico,Bragantino,2,1,sintetica
1704,19.0,Duque de Caxias,Criciúma,Criciúma,1,2,sintetica
1705,19.0,Goiás,Boa Esporte,Goiás,2,0,sintetica
1706,19.0,Guarani,Paraná,Empate,1,1,sintetica
1707,19.0,Ponte Preta,Salgueiro,Ponte Preta,1,0,sintetica
1708,19.0,Portuguesa,Icasa,Empate,3,3,sintetica
1709,19.0,Vila Nova,Sport,Sport,0,1,sintetica
1710,19.0,Vitória,Americana,Vitória,5,2,sintetica
1711,20.0,ABC,Náutico,ABC,1,0,sintetica
1712,20.0,ASA,Guarani,ASA,3,2,sintetica
1713,20.0,Boa Esporte,Paraná,Paraná,1,2,sintetica
1714,20.0,Criciúma,Bragantino,Criciúma,1,0,sintetica
1715,20.0,Duque de Caxias,Vila Nova,Empate,1,1,sintetica
1716,20.0,Goiás,Icasa,Empate,0,0,sintetica
1717,20.0,Ponte Preta,Portuguesa,Portuguesa,0,3,sintetica
1718,20.0,Salgueiro,Barueri,Barueri,1,4,sintetica
1719,20.0,Sport,Vitória,Sport,4,0,sintetica
1720,20.0,São Caetano,Americana,Empate,1,1,sintetica
1721,21.0,ABC,Criciúma,Empate,1,1,sintetica
1722,21.0,ASA,Boa Esporte,ASA,2,1,sintetica
1723,21.0,Bragantino,Vila Nova,Bragantino,1,0,sintetica
1724,21.0,Guarani,Americana,Americana,1,2,sintetica
1725,21.0,Icasa,Paraná,Icasa,3,1,sintetica
1726,21.0,Ponte Preta,Goiás,Ponte Preta,2,1,sintetica
1727,21.0,Portuguesa,Barueri,Portuguesa,4,2,sintetica
1728,21.0,Salgueiro,Náutico,Náutico,0,2,sintetica
1729,21.0,Sport,Duque de Caxias,Empate,1,1,sintetica
1730,21.0,São Caetano,Vitória,Empate,2,2,sintetica
1731,22.0,ABC,Vila Nova,Vila Nova,1,2,sintetica
1732,22.0,Boa Esporte,Americana,Empate,0,0,sintetica
1733,22.0,Criciúma,Salgueiro,Criciúma,3,0,sintetica
1734,22.0,Goiás,Barueri,Goiás,1,0,sintetica
1735,22.0,Icasa,ASA,Empate,1,1,sintetica
1736,22.0,Náutico,Portuguesa,Empate,0,0,sintetica
1737,22.0,Paraná,Ponte Preta,Ponte Preta,0,1,sintetica
1738,22.0,Sport,Bragantino,Empate,1,1,sintetica
1739,22.0,São Caetano,Guarani,Guarani,1,2,sintetica
1740,22.0,Vitória,Duque de Caxias,Vitória,5,1,sintetica
1741,23.0,ABC,Sport,ABC,3,0,sintetica
1742,23.0,Barueri,Paraná,Barueri,1,0,sintetica
1743,23.0,Bragantino,Duque de Caxias,Bragantino,3,0,sintetica
1744,23.0,Criciúma,Portuguesa,Empate,1,1,sintetica
1745,23.0,Guarani,Vitória,Empate,0,0,sintetica
1746,23.0,Icasa,Americana,Empate,2,2,sintetica
1747,23.0,Náutico,Goiás,Náutico,1,0,sintetica
1748,23.0,Ponte Preta,ASA,Ponte Preta,5,0,sintetica
1749,23.0,São Caetano,Boa Esporte,Boa Esporte,0,2,sintetica
1750,23.0,Vila Nova,Salgueiro,Vila Nova,1,0,sintetica
1751,24.0,Barueri,ASA,Barueri,1,0,sintetica
1752,24.0,Boa Esporte,Guarani,Guarani,0,1,sintetica
1753,24.0,Bragantino,Vitória,Empate,2,2,sintetica
1754,24.0,Criciúma,Goiás,Criciúma,2,0,sintetica
1755,24.0,Duque de Caxias,ABC,Duque de Caxias,1,0,sintetica
1756,24.0,Náutico,Paraná,Empate,1,1,sintetica
1757,24.0,Ponte Preta,Americana,Empate,0,0,sintetica
1758,24.0,Sport,Salgueiro,Sport,3,0,sintetica
1759,24.0,São Caetano,Icasa,Empate,2,2,sintetica
1760,24.0,Vila Nova,Portuguesa,Portuguesa,1,3,sintetica
1761,25.0,ABC,Bragantino,Bragantino,0,5,sintetica
1762,25.0,Barueri,Americana,Americana,0,1,sintetica
1763,25.0,Boa Esporte,Vitória,Vitória,1,2,sintetica
1764,25.0,Duque de Caxias,Salgueiro,Salgueiro,1,2,sintetica
1765,25.0,Icasa,Guarani,Empate,1,1,sintetica
1766,25.0,Náutico,ASA,Náutico,1,0,sintetica
1767,25.0,Paraná,Criciúma,Empate,0,0,sintetica
1768,25.0,Ponte Preta,São Caetano,Ponte Preta,1,0,sintetica
1769,25.0,Sport,Portuguesa,Portuguesa,2,3,sintetica
1770,25.0,Vila Nova,Goiás,Goiás,2,3,sintetica
1771,26.0,ASA,Criciúma,ASA,3,1,sintetica
1772,26.0,Americana,Náutico,Empate,0,0,sintetica
1773,26.0,Duque de Caxias,Portuguesa,Empate,0,0,sintetica
1774,26.0,Goiás,Sport,Goiás,2,1,sintetica
1775,26.0,Icasa,Boa Esporte,Boa Esporte,0,1,sintetica
1776,26.0,Paraná,Vila Nova,Paraná,2,1,sintetica
1777,26.0,Ponte Preta,Guarani,Ponte Preta,2,0,sintetica
1778,26.0,Salgueiro,Bragantino,Bragantino,0,1,sintetica
1779,26.0,São Caetano,Barueri,Empate,1,1,sintetica
1780,26.0,Vitória,ABC,Empate,1,1,sintetica
1781,27.0,ABC,Salgueiro,Empate,1,1,sintetica
1782,27.0,ASA,Vila Nova,ASA,1,0,sintetica
1783,27.0,Boa Esporte,Ponte Preta,Empate,1,1,sintetica
1784,27.0,Criciúma,Americana,Criciúma,1,0,sintetica
1785,27.0,Duque de Caxias,Goiás,Goiás,2,3,sintetica
1786,27.0,Guarani,Barueri,Guarani,3,0,sintetica
1787,27.0,Náutico,São Caetano,Náutico,2,1,sintetica
1788,27.0,Portuguesa,Bragantino,Portuguesa,5,0,sintetica
1789,27.0,Sport,Paraná,Sport,3,0,sintetica
1790,27.0,Vitória,Icasa,Empate,1,1,sintetica
1791,28.0,ABC,Portuguesa,Empate,1,1,sintetica
1792,28.0,ASA,Sport,Empate,1,1,sintetica
1793,28.0,Americana,Vila Nova,Americana,2,1,sintetica
1794,28.0,Boa Esporte,Barueri,Boa Esporte,2,0,sintetica
1795,28.0,Goiás,Bragantino,Goiás,2,1,sintetica
1796,28.0,Náutico,Guarani,Náutico,2,0,sintetica
1797,28.0,Paraná,Duque de Caxias,Paraná,3,1,sintetica
1798,28.0,Ponte Preta,Icasa,Ponte Preta,4,1,sintetica
1799,28.0,Salgueiro,Vitória,Vitória,0,2,sintetica
1800,28.0,São Caetano,Criciúma,São Caetano,1,0,sintetica
1801,29.0,Americana,Sport,Americana,2,1,sintetica
1802,29.0,Barueri,Icasa,Icasa,1,2,sintetica
1803,29.0,Bragantino,Paraná,Bragantino,2,1,sintetica
1804,29.0,Criciúma,Guarani,Empate,2,2,sintetica
1805,29.0,Duque de Caxias,ASA,Duque de Caxias,2,1,sintetica
1806,29.0,Goiás,ABC,ABC,1,2,sintetica
1807,29.0,Náutico,Boa Esporte,Náutico,3,1,sintetica
1808,29.0,Portuguesa,Salgueiro,Portuguesa,1,0,sintetica
1809,29.0,Vila Nova,São Caetano,Vila Nova,2,0,sintetica
1810,29.0,Vitória,Ponte Preta,Vitória,2,0,sintetica
1811,30.0,ABC,Paraná,Empate,1,1,sintetica
1812,30.0,ASA,Bragantino,ASA,2,1,sintetica
1813,30.0,Criciúma,Boa Esporte,Empate,0,0,sintetica
1814,30.0,Duque de Caxias,Americana,Americana,0,2,sintetica
1815,30.0,Icasa,Náutico,Náutico,1,2,sintetica
1816,30.0,Ponte Preta,Barueri,Ponte Preta,2,0,sintetica
1817,30.0,Portuguesa,Vitória,Portuguesa,3,2,sintetica
1818,30.0,Salgueiro,Goiás,Salgueiro,2,0,sintetica
1819,30.0,Sport,São Caetano,São Caetano,1,3,sintetica
1820,30.0,Vila Nova,Guarani,Empate,0,0,sintetica
1821,31.0,ABC,ASA,Empate,1,1,sintetica
1822,31.0,Barueri,Vitória,Barueri,1,0,sintetica
1823,31.0,Boa Esporte,Vila Nova,Empate,0,0,sintetica
1824,31.0,Bragantino,Americana,Bragantino,2,0,sintetica
1825,31.0,Criciúma,Icasa,Criciúma,5,2,sintetica
1826,31.0,Duque de Caxias,São Caetano,São Caetano,1,3,sintetica
1827,31.0,Goiás,Portuguesa,Portuguesa,1,4,sintetica
1828,31.0,Ponte Preta,Náutico,Empate,3,3,sintetica
1829,31.0,Salgueiro,Paraná,Salgueiro,2,1,sintetica
1830,31.0,Sport,Guarani,Sport,3,1,sintetica
1831,32.0,Americana,ABC,Americana,2,1,sintetica
1832,32.0,Boa Esporte,Sport,Boa Esporte,3,0,sintetica
1833,32.0,Bragantino,São Caetano,São Caetano,1,2,sintetica
1834,32.0,Criciúma,Ponte Preta,Empate,1,1,sintetica
1835,32.0,Goiás,Vitória,Goiás,4,1,sintetica
1836,32.0,Guarani,Duque de Caxias,Guarani,4,0,sintetica
1837,32.0,Náutico,Barueri,Náutico,2,1,sintetica
1838,32.0,Portuguesa,Paraná,Portuguesa,2,1,sintetica
1839,32.0,Salgueiro,ASA,Empate,1,1,sintetica
1840,32.0,Vila Nova,Icasa,Icasa,1,2,sintetica
1841,33.0,Barueri,Criciúma,Empate,0,0,sintetica
1842,33.0,Boa Esporte,Duque de Caxias,Boa Esporte,2,0,sintetica
1843,33.0,Bragantino,Guarani,Empate,0,0,sintetica
1844,33.0,Paraná,Goiás,Empate,1,1,sintetica
1845,33.0,Portuguesa,ASA,Portuguesa,2,0,sintetica
1846,33.0,Salgueiro,Americana,Americana,0,1,sintetica
1847,33.0,Sport,Icasa,Sport,1,0,sintetica
1848,33.0,São Caetano,ABC,São Caetano,4,0,sintetica
1849,33.0,Vila Nova,Ponte Preta,Vila Nova,3,1,sintetica
1850,33.0,Vitória,Náutico,Vitória,3,2,sintetica
1851,34.0,ASA,Goiás,Empate,1,1,sintetica
1852,34.0,Boa Esporte,Bragantino,Bragantino,1,2,sintetica
1853,34.0,Criciúma,Náutico,Empate,0,0,sintetica
1854,34.0,Guarani,ABC,ABC,1,2,sintetica
1855,34.0,Icasa,Duque de Caxias,Icasa,4,2,sintetica
1856,34.0,Paraná,Vitória,Empate,1,1,sintetica
1857,34.0,Portuguesa,Americana,Empate,0,0,sintetica
1858,34.0,Sport,Ponte Preta,Sport,3,1,sintetica
1859,34.0,São Caetano,Salgueiro,São Caetano,3,1,sintetica
1860,34.0,Vila Nova,Barueri,Empate,2,2,sintetica
1861,35.0,ABC,Boa Esporte,ABC,2,0,sintetica
1862,35.0,ASA,Paraná,ASA,4,2,sintetica
1863,35.0,Americana,Goiás,Goiás,1,3,sintetica
1864,35.0,Criciúma,Vitória,Criciúma,2,1,sintetica
1865,35.0,Duque de Caxias,Ponte Preta,Ponte Preta,0,2,sintetica
1866,35.0,Icasa,Bragantino,Icasa,2,0,sintetica
1867,35.0,Náutico,Vila Nova,Náutico,4,2,sintetica
1868,35.0,Portuguesa,São Caetano,Portuguesa,5,2,sintetica
1869,35.0,Salgueiro,Guarani,Guarani,1,4,sintetica
1870,35.0,Sport,Barueri,Sport,1,0,sintetica
1871,36.0,ASA,Vitória,Vitória,1,2,sintetica
1872,36.0,Criciúma,Vila Nova,Criciúma,3,1,sintetica
1873,36.0,Duque de Caxias,Barueri,Barueri,2,3,sintetica
1874,36.0,Goiás,São Caetano,Goiás,1,0,sintetica
1875,36.0,Icasa,ABC,ABC,1,3,sintetica
1876,36.0,Paraná,Americana,Americana,0,1,sintetica
1877,36.0,Ponte Preta,Bragantino,Bragantino,1,3,sintetica
1878,36.0,Portuguesa,Guarani,Portuguesa,3,2,sintetica
1879,36.0,Salgueiro,Boa Esporte,Boa Esporte,0,1,sintetica
1880,36.0,Sport,Náutico,Sport,2,0,sintetica
1881,37.0,ASA,Americana,ASA,2,1,sintetica
1882,37.0,Barueri,Bragantino,Barueri,3,2,sintetica
1883,37.0,Boa Esporte,Portuguesa,Portuguesa,1,2,sintetica
1884,37.0,Guarani,Goiás,Guarani,2,0,sintetica
1885,37.0,Náutico,Duque de Caxias,Empate,1,1,sintetica
1886,37.0,Ponte Preta,ABC,Ponte Preta,4,1,sintetica
1887,37.0,Salgueiro,Icasa,Icasa,3,5,sintetica
1888,37.0,Sport,Criciúma,Empate,0,0,sintetica
1889,37.0,São Caetano,Paraná,Empate,1,1,sintetica
1890,37.0,Vitória,Vila Nova,Vitória,1,0,sintetica
1891,38.0,ABC,Barueri,Empate,2,2,sintetica
1892,38.0,Americana,Vitória,Empate,0,0,sintetica
1893,38.0,Boa Esporte,Goiás,Boa Esporte,1,0,sintetica
1894,38.0,Criciúma,Duque de Caxias,Criciúma,2,0,sintetica
1895,38.0,Icasa,Portuguesa,Portuguesa,0,2,sintetica
1896,38.0,Náutico,Bragantino,Empate,2,2,sintetica
1897,38.0,Paraná,Guarani,Paraná,3,0,sintetica
1898,38.0,Salgueiro,Ponte Preta,Ponte Preta,2,3,sintetica
1899,38.0,Sport,Vila Nova,Sport,2,0,sintetica
1900,38.0,São Caetano,ASA,São Caetano,2,0,sintetica
1901,1.0,América-MG,ABC,Empate,3,3,sintetica
1902,1.0,América-RN,Joinville,América-RN,3,1,sintetica
1903,1.0,Avaí,Athletico Paranaense,Athletico Paranaense,1,2,sintetica
1904,1.0,Bragantino,ASA,Empate,2,2,sintetica
1905,1.0,Goiás,Ceará,Empate,0,0,sintetica
1906,1.0,Guarani,Ipatinga,Guarani,1,0,sintetica
1907,1.0,Guaratinguetá,Boa Esporte,Empate,0,0,sintetica
1908,1.0,Paraná,Barueri,Empate,1,1,sintetica
1909,1.0,São Caetano,Criciúma,Empate,1,1,sintetica
1910,1.0,Vitória,CRB,Vitória,1,0,sintetica
1911,2.0,ASA,Athletico Paranaense,Athletico Paranaense,2,3,sintetica
1912,2.0,América-MG,Guaratinguetá,América-MG,2,1,sintetica
1913,2.0,Barueri,Guarani,Empate,2,2,sintetica
1914,2.0,Boa Esporte,Avaí,Empate,2,2,sintetica
1915,2.0,Bragantino,Vitória,Bragantino,3,0,sintetica
1916,2.0,CRB,Paraná,Paraná,0,2,sintetica
1917,2.0,Ceará,São Caetano,Empate,2,2,sintetica
1918,2.0,Criciúma,América-RN,Criciúma,4,3,sintetica
1919,2.0,Goiás,ABC,Empate,1,1,sintetica
1920,2.0,Ipatinga,Joinville,Ipatinga,1,0,sintetica
1921,3.0,ASA,Boa Esporte,ASA,3,2,sintetica
1922,3.0,América-RN,Ceará,Empate,1,1,sintetica
1923,3.0,Athletico Paranaense,Vitória,Vitória,0,1,sintetica
1924,3.0,Avaí,América-MG,Avaí,2,0,sintetica
1925,3.0,Criciúma,Joinville,Joinville,2,3,sintetica
1926,3.0,Goiás,Guaratinguetá,Empate,1,1,sintetica
1927,3.0,Guarani,CRB,Guarani,4,0,sintetica
1928,3.0,Ipatinga,Barueri,Barueri,0,3,sintetica
1929,3.0,Paraná,Bragantino,Paraná,2,0,sintetica
1930,3.0,São Caetano,ABC,ABC,0,1,sintetica
1931,4.0,ASA,América-MG,ASA,3,2,sintetica
1932,4.0,América-RN,ABC,América-RN,1,0,sintetica
1933,4.0,Athletico Paranaense,Paraná,Empate,1,1,sintetica
1934,4.0,Boa Esporte,Vitória,Vitória,1,2,sintetica
1935,4.0,Ceará,Criciúma,Empate,2,2,sintetica
1936,4.0,Goiás,Avaí,Goiás,2,0,sintetica
1937,4.0,Guarani,Bragantino,Bragantino,1,2,sintetica
1938,4.0,Guaratinguetá,São Caetano,São Caetano,0,1,sintetica
1939,4.0,Ipatinga,CRB,Ipatinga,3,2,sintetica
1940,4.0,Joinville,Barueri,Joinville,4,0,sintetica
1941,5.0,Avaí,São Caetano,Avaí,1,0,sintetica
1942,5.0,Barueri,CRB,Empate,0,0,sintetica
1943,5.0,Bragantino,Ipatinga,Ipatinga,0,2,sintetica
1944,5.0,Ceará,Joinville,Ceará,4,3,sintetica
1945,5.0,Criciúma,ABC,Criciúma,2,0,sintetica
1946,5.0,Goiás,ASA,Goiás,4,0,sintetica
1947,5.0,Guarani,Athletico Paranaense,Guarani,2,1,sintetica
1948,5.0,Guaratinguetá,América-RN,América-RN,0,2,sintetica
1949,5.0,Paraná,Boa Esporte,Paraná,2,0,sintetica
1950,5.0,Vitória,América-MG,Vitória,5,3,sintetica
1951,6.0,América-RN,Avaí,América-RN,1,0,sintetica
1952,6.0,Boa Esporte,Guarani,Guarani,1,2,sintetica
1953,6.0,Bragantino,Barueri,Empate,2,2,sintetica
1954,6.0,Ceará,ABC,Ceará,4,2,sintetica
1955,6.0,Criciúma,Guaratinguetá,Criciúma,4,1,sintetica
1956,6.0,Ipatinga,Athletico Paranaense,Empate,1,1,sintetica
1957,6.0,Joinville,CRB,Joinville,3,1,sintetica
1958,6.0,Paraná,América-MG,América-MG,0,1,sintetica
1959,6.0,São Caetano,ASA,ASA,0,1,sintetica
1960,6.0,Vitória,Goiás,Vitória,3,1,sintetica
1961,7.0,ASA,América-RN,América-RN,0,2,sintetica
1962,7.0,América-MG,Guarani,Empate,1,1,sintetica
1963,7.0,Avaí,Criciúma,Empate,1,1,sintetica
1964,7.0,Barueri,Athletico Paranaense,Athletico Paranaense,0,6,sintetica
1965,7.0,Bragantino,CRB,CRB,0,2,sintetica
1966,7.0,Guaratinguetá,Ceará,Guaratinguetá,2,1,sintetica
1967,7.0,Ipatinga,Boa Esporte,Boa Esporte,1,2,sintetica
1968,7.0,Joinville,ABC,Empate,0,0,sintetica
1969,7.0,Paraná,Goiás,Goiás,1,3,sintetica
1970,7.0,São Caetano,Vitória,Empate,0,0,sintetica
1971,8.0,ASA,Criciúma,Criciúma,1,2,sintetica
1972,8.0,Athletico Paranaense,CRB,Athletico Paranaense,4,1,sintetica
1973,8.0,Avaí,Ceará,Avaí,2,1,sintetica
1974,8.0,Barueri,Boa Esporte,Boa Esporte,1,2,sintetica
1975,8.0,Guarani,Goiás,Goiás,1,2,sintetica
1976,8.0,Guaratinguetá,ABC,Guaratinguetá,2,1,sintetica
1977,8.0,Ipatinga,América-MG,Ipatinga,1,0,sintetica
1978,8.0,Joinville,Bragantino,Joinville,1,0,sintetica
1979,8.0,São Caetano,Paraná,Empate,1,1,sintetica
1980,8.0,Vitória,América-RN,Empate,2,2,sintetica
1981,9.0,América-MG,Barueri,Barueri,1,2,sintetica
1982,9.0,Athletico Paranaense,Bragantino,Empate,0,0,sintetica
1983,9.0,Avaí,ABC,Avaí,3,1,sintetica
1984,9.0,CRB,Boa Esporte,Empate,0,0,sintetica
1985,9.0,Ceará,ASA,Ceará,3,2,sintetica
1986,9.0,Guarani,São Caetano,São Caetano,1,2,sintetica
1987,9.0,Guaratinguetá,Joinville,Joinville,0,3,sintetica
1988,9.0,Ipatinga,Goiás,Goiás,0,6,sintetica
1989,9.0,Paraná,América-RN,Paraná,1,0,sintetica
1990,9.0,Vitória,Criciúma,Empate,2,2,sintetica
1991,10.0,ABC,ASA,Empate,1,1,sintetica
1992,10.0,Avaí,Guaratinguetá,Avaí,2,0,sintetica
1993,10.0,Boa Esporte,Bragantino,Boa Esporte,3,0,sintetica
1994,10.0,CRB,América-MG,América-MG,0,1,sintetica
1995,10.0,Goiás,Barueri,Goiás,3,0,sintetica
1996,10.0,Guarani,América-RN,Empate,0,0,sintetica
1997,10.0,Ipatinga,São Caetano,São Caetano,1,2,sintetica
1998,10.0,Joinville,Athletico Paranaense,Athletico Paranaense,1,4,sintetica
1999,10.0,Paraná,Criciúma,Empate,1,1,sintetica
2000,10.0,Vitória,Ceará,Empate,1,1,sintetica
2001,11.0,América-MG,Bragantino,América-MG,3,2,sintetica
2002,11.0,Boa Esporte,Athletico Paranaense,Boa Esporte,2,1,sintetica
2003,11.0,Goiás,CRB,Goiás,1,0,sintetica
2004,11.0,Guarani,Criciúma,Criciúma,1,2,sintetica
2005,11.0,Guaratinguetá,ASA,Guaratinguetá,2,1,sintetica
2006,11.0,Ipatinga,América-RN,Ipatinga,4,0,sintetica
2007,11.0,Joinville,Avaí,Joinville,1,0,sintetica
2008,11.0,Paraná,Ceará,Paraná,1,0,sintetica
2009,11.0,São Caetano,Barueri,São Caetano,3,0,sintetica
2010,11.0,Vitória,ABC,Vitória,1,0,sintetica
2011,12.0,Athletico Paranaense,América-MG,Athletico Paranaense,5,4,sintetica
2012,12.0,Avaí,ASA,Avaí,2,0,sintetica
2013,12.0,Barueri,América-RN,América-RN,2,3,sintetica
2014,12.0,Boa Esporte,Joinville,Empate,0,0,sintetica
2015,12.0,Goiás,Bragantino,Goiás,1,0,sintetica
2016,12.0,Guarani,Ceará,Guarani,4,1,sintetica
2017,12.0,Guaratinguetá,Vitória,Guaratinguetá,1,0,sintetica
2018,12.0,Ipatinga,Criciúma,Criciúma,2,3,sintetica
2019,12.0,Paraná,ABC,ABC,1,2,sintetica
2020,12.0,São Caetano,CRB,São Caetano,3,2,sintetica
2021,13.0,ABC,Guarani,ABC,3,1,sintetica
2022,13.0,América-RN,CRB,Empate,3,3,sintetica
2023,13.0,Athletico Paranaense,Goiás,Empate,0,0,sintetica
2024,13.0,Boa Esporte,América-MG,Boa Esporte,2,1,sintetica
2025,13.0,Bragantino,São Caetano,São Caetano,2,3,sintetica
2026,13.0,Ceará,Ipatinga,Empate,1,1,sintetica
2027,13.0,Criciúma,Barueri,Barueri,3,4,sintetica
2028,13.0,Joinville,ASA,Joinville,1,0,sintetica
2029,13.0,Paraná,Guaratinguetá,Paraná,3,2,sintetica
2030,13.0,Vitória,Avaí,Vitória,2,0,sintetica
2031,14.0,América-MG,Joinville,Joinville,0,2,sintetica
2032,14.0,Barueri,Ceará,Empate,0,0,sintetica
2033,14.0,Bragantino,América-RN,Bragantino,1,0,sintetica
2034,14.0,CRB,Criciúma,Criciúma,0,2,sintetica
2035,14.0,Goiás,Boa Esporte,Goiás,2,0,sintetica
2036,14.0,Guaratinguetá,Guarani,Guaratinguetá,2,1,sintetica
2037,14.0,Ipatinga,ABC,Empate,1,1,sintetica
2038,14.0,Paraná,Avaí,Empate,1,1,sintetica
2039,14.0,São Caetano,Athletico Paranaense,Athletico Paranaense,1,3,sintetica
2040,14.0,Vitória,ASA,Vitória,2,0,sintetica
2041,15.0,ABC,Barueri,ABC,2,1,sintetica
2042,15.0,América-MG,Goiás,Goiás,1,2,sintetica
2043,15.0,América-RN,Athletico Paranaense,Athletico Paranaense,0,2,sintetica
2044,15.0,Bragantino,Criciúma,Criciúma,3,4,sintetica
2045,15.0,CRB,Ceará,Ceará,0,2,sintetica
2046,15.0,Guarani,Avaí,Avaí,0,2,sintetica
2047,15.0,Guaratinguetá,Ipatinga,Guaratinguetá,3,1,sintetica
2048,15.0,Paraná,ASA,Paraná,2,0,sintetica
2049,15.0,São Caetano,Boa Esporte,São Caetano,4,2,sintetica
2050,15.0,Vitória,Joinville,Vitória,2,1,sintetica
2051,16.0,ASA,Guarani,ASA,1,0,sintetica
2052,16.0,América-MG,São Caetano,São Caetano,2,5,sintetica
2053,16.0,América-RN,Boa Esporte,Empate,4,4,sintetica
2054,16.0,Barueri,Guaratinguetá,Guaratinguetá,2,3,sintetica
2055,16.0,Bragantino,Ceará,Ceará,1,3,sintetica
2056,16.0,CRB,ABC,Empate,3,3,sintetica
2057,16.0,Criciúma,Athletico Paranaense,Empate,0,0,sintetica
2058,16.0,Ipatinga,Avaí,Avaí,1,2,sintetica
2059,16.0,Joinville,Goiás,Joinville,1,0,sintetica
2060,16.0,Vitória,Paraná,Vitória,4,3,sintetica
2061,17.0,ABC,Bragantino,ABC,1,0,sintetica
2062,17.0,ASA,Ipatinga,ASA,3,0,sintetica
2063,17.0,América-RN,América-MG,Empate,1,1,sintetica
2064,17.0,Athletico Paranaense,Ceará,Athletico Paranaense,2,1,sintetica
2065,17.0,Barueri,Avaí,Barueri,2,0,sintetica
2066,17.0,Criciúma,Boa Esporte,Criciúma,4,3,sintetica
2067,17.0,Goiás,São Caetano,Empate,0,0,sintetica
2068,17.0,Guarani,Vitória,Empate,0,0,sintetica
2069,17.0,Guaratinguetá,CRB,CRB,1,2,sintetica
2070,17.0,Joinville,Paraná,Joinville,3,1,sintetica
2071,18.0,ABC,Athletico Paranaense,Athletico Paranaense,0,1,sintetica
2072,18.0,América-RN,Goiás,América-RN,5,2,sintetica
2073,18.0,Barueri,ASA,Barueri,1,0,sintetica
2074,18.0,Bragantino,Guaratinguetá,Bragantino,1,0,sintetica
2075,18.0,CRB,Avaí,CRB,2,0,sintetica
2076,18.0,Ceará,Boa Esporte,Empate,1,1,sintetica
2077,18.0,Criciúma,América-MG,América-MG,0,4,sintetica
2078,18.0,Ipatinga,Vitória,Empate,1,1,sintetica
2079,18.0,Paraná,Guarani,Empate,1,1,sintetica
2080,18.0,São Caetano,Joinville,São Caetano,1,0,sintetica
2081,19.0,ABC,Boa Esporte,Boa Esporte,1,2,sintetica
2082,19.0,América-MG,Ceará,Ceará,1,3,sintetica
2083,19.0,América-RN,São Caetano,São Caetano,0,2,sintetica
2084,19.0,Athletico Paranaense,Guaratinguetá,Athletico Paranaense,3,0,sintetica
2085,19.0,Barueri,Vitória,Vitória,0,1,sintetica
2086,19.0,Bragantino,Avaí,Bragantino,1,0,sintetica
2087,19.0,CRB,ASA,ASA,0,1,sintetica
2088,19.0,Criciúma,Goiás,Criciúma,3,0,sintetica
2089,19.0,Joinville,Guarani,Joinville,2,0,sintetica
2090,19.0,Paraná,Ipatinga,Paraná,2,0,sintetica
2091,20.0,ABC,América-MG,América-MG,0,2,sintetica
2092,20.0,ASA,Bragantino,Empate,1,1,sintetica
2093,20.0,Athletico Paranaense,Avaí,Athletico Paranaense,3,1,sintetica
2094,20.0,Barueri,Paraná,Paraná,1,2,sintetica
2095,20.0,Boa Esporte,Guaratinguetá,Guaratinguetá,0,1,sintetica
2096,20.0,CRB,Vitória,Vitória,0,1,sintetica
2097,20.0,Ceará,Goiás,Empate,2,2,sintetica
2098,20.0,Criciúma,São Caetano,São Caetano,0,2,sintetica
2099,20.0,Ipatinga,Guarani,Empate,0,0,sintetica
2100,20.0,Joinville,América-RN,Joinville,1,0,sintetica
2101,21.0,ABC,Goiás,ABC,3,2,sintetica
2102,21.0,América-RN,Criciúma,Criciúma,1,4,sintetica
2103,21.0,Athletico Paranaense,ASA,Athletico Paranaense,1,0,sintetica
2104,21.0,Avaí,Boa Esporte,Avaí,2,1,sintetica
2105,21.0,Guarani,Barueri,Guarani,1,0,sintetica
2106,21.0,Guaratinguetá,América-MG,América-MG,1,2,sintetica
2107,21.0,Joinville,Ipatinga,Joinville,6,0,sintetica
2108,21.0,Paraná,CRB,Paraná,4,0,sintetica
2109,21.0,São Caetano,Ceará,São Caetano,2,0,sintetica
2110,21.0,Vitória,Bragantino,Bragantino,0,1,sintetica
2111,22.0,ABC,São Caetano,São Caetano,0,1,sintetica
2112,22.0,América-MG,Avaí,América-MG,1,0,sintetica
2113,22.0,Barueri,Ipatinga,Barueri,2,0,sintetica
2114,22.0,Boa Esporte,ASA,Boa Esporte,3,2,sintetica
2115,22.0,Bragantino,Paraná,Empate,3,3,sintetica
2116,22.0,CRB,Guarani,CRB,2,1,sintetica
2117,22.0,Ceará,América-RN,Ceará,4,0,sintetica
2118,22.0,Guaratinguetá,Goiás,Goiás,0,3,sintetica
2119,22.0,Joinville,Criciúma,Joinville,3,1,sintetica
2120,22.0,Vitória,Athletico Paranaense,Athletico Paranaense,0,2,sintetica
2121,23.0,ABC,América-RN,Empate,2,2,sintetica
2122,23.0,América-MG,ASA,ASA,0,1,sintetica
2123,23.0,Avaí,Goiás,Goiás,1,4,sintetica
2124,23.0,Barueri,Joinville,Empate,1,1,sintetica
2125,23.0,Bragantino,Guarani,Empate,0,0,sintetica
2126,23.0,CRB,Ipatinga,CRB,2,0,sintetica
2127,23.0,Criciúma,Ceará,Criciúma,2,1,sintetica
2128,23.0,Paraná,Athletico Paranaense,Athletico Paranaense,1,2,sintetica
2129,23.0,São Caetano,Guaratinguetá,São Caetano,1,0,sintetica
2130,23.0,Vitória,Boa Esporte,Vitória,3,2,sintetica
2131,24.0,ABC,Criciúma,Empate,2,2,sintetica
2132,24.0,ASA,Goiás,Goiás,0,1,sintetica
2133,24.0,América-MG,Vitória,Vitória,1,2,sintetica
2134,24.0,América-RN,Guaratinguetá,América-RN,4,1,sintetica
2135,24.0,Athletico Paranaense,Guarani,Empate,1,1,sintetica
2136,24.0,Boa Esporte,Paraná,Boa Esporte,2,1,sintetica
2137,24.0,CRB,Barueri,CRB,2,1,sintetica
2138,24.0,Ipatinga,Bragantino,Ipatinga,2,1,sintetica
2139,24.0,Joinville,Ceará,Empate,1,1,sintetica
2140,24.0,São Caetano,Avaí,São Caetano,1,0,sintetica
2141,25.0,ABC,Ceará,Ceará,0,1,sintetica
2142,25.0,ASA,São Caetano,ASA,4,1,sintetica
2143,25.0,América-MG,Paraná,Empate,0,0,sintetica
2144,25.0,Athletico Paranaense,Ipatinga,Athletico Paranaense,1,0,sintetica
2145,25.0,Avaí,América-RN,Empate,2,2,sintetica
2146,25.0,Barueri,Bragantino,Empate,0,0,sintetica
2147,25.0,CRB,Joinville,CRB,4,3,sintetica
2148,25.0,Goiás,Vitória,Goiás,4,3,sintetica
2149,25.0,Guarani,Boa Esporte,Empate,0,0,sintetica
2150,25.0,Guaratinguetá,Criciúma,Guaratinguetá,2,1,sintetica
2151,26.0,ABC,Joinville,Empate,0,0,sintetica
2152,26.0,América-RN,ASA,América-RN,2,0,sintetica
2153,26.0,Athletico Paranaense,Barueri,Athletico Paranaense,3,0,sintetica
2154,26.0,Boa Esporte,Ipatinga,Boa Esporte,2,1,sintetica
2155,26.0,CRB,Bragantino,Bragantino,0,2,sintetica
2156,26.0,Ceará,Guaratinguetá,Empate,1,1,sintetica
2157,26.0,Criciúma,Avaí,Criciúma,2,0,sintetica
2158,26.0,Goiás,Paraná,Goiás,2,0,sintetica
2159,26.0,Guarani,América-MG,América-MG,0,3,sintetica
2160,26.0,Vitória,São Caetano,São Caetano,0,1,sintetica
2161,27.0,ABC,Guaratinguetá,ABC,3,0,sintetica
2162,27.0,América-MG,Ipatinga,América-MG,3,1,sintetica
2163,27.0,América-RN,Vitória,Empate,2,2,sintetica
2164,27.0,Boa Esporte,Barueri,Boa Esporte,4,1,sintetica
2165,27.0,Bragantino,Joinville,Bragantino,1,0,sintetica
2166,27.0,CRB,Athletico Paranaense,CRB,2,0,sintetica
2167,27.0,Ceará,Avaí,Avaí,0,1,sintetica
2168,27.0,Criciúma,ASA,Criciúma,2,1,sintetica
2169,27.0,Goiás,Guarani,Goiás,5,0,sintetica
2170,27.0,Paraná,São Caetano,Paraná,2,1,sintetica
2171,28.0,ABC,Avaí,Avaí,1,2,sintetica
2172,28.0,ASA,Ceará,ASA,3,0,sintetica
2173,28.0,América-RN,Paraná,América-RN,2,1,sintetica
2174,28.0,Barueri,América-MG,América-MG,0,1,sintetica
2175,28.0,Boa Esporte,CRB,Empate,0,0,sintetica
2176,28.0,Bragantino,Athletico Paranaense,Bragantino,2,1,sintetica
2177,28.0,Criciúma,Vitória,Criciúma,2,1,sintetica
2178,28.0,Goiás,Ipatinga,Goiás,4,0,sintetica
2179,28.0,Joinville,Guaratinguetá,Joinville,2,1,sintetica
2180,28.0,São Caetano,Guarani,Guarani,1,2,sintetica
2181,29.0,ASA,ABC,ASA,3,1,sintetica
2182,29.0,América-MG,CRB,América-MG,4,0,sintetica
2183,29.0,América-RN,Guarani,América-RN,1,0,sintetica
2184,29.0,Athletico Paranaense,Joinville,Empate,1,1,sintetica
2185,29.0,Barueri,Goiás,Barueri,2,0,sintetica
2186,29.0,Bragantino,Boa Esporte,Bragantino,3,0,sintetica
2187,29.0,Ceará,Vitória,Vitória,1,3,sintetica
2188,29.0,Criciúma,Paraná,Criciúma,2,1,sintetica
2189,29.0,Guaratinguetá,Avaí,Empate,1,1,sintetica
2190,29.0,São Caetano,Ipatinga,Empate,1,1,sintetica
2191,30.0,ABC,Vitória,Vitória,0,1,sintetica
2192,30.0,ASA,Guaratinguetá,ASA,3,1,sintetica
2193,30.0,América-RN,Ipatinga,América-RN,2,1,sintetica
2194,30.0,Athletico Paranaense,Boa Esporte,Athletico Paranaense,2,1,sintetica
2195,30.0,Avaí,Joinville,Joinville,1,2,sintetica
2196,30.0,Barueri,São Caetano,Empate,2,2,sintetica
2197,30.0,Bragantino,América-MG,Bragantino,2,0,sintetica
2198,30.0,CRB,Goiás,Goiás,0,2,sintetica
2199,30.0,Ceará,Paraná,Paraná,0,1,sintetica
2200,30.0,Criciúma,Guarani,Criciúma,2,1,sintetica
2201,31.0,ABC,Paraná,ABC,2,0,sintetica
2202,31.0,ASA,Avaí,ASA,1,0,sintetica
2203,31.0,América-MG,Athletico Paranaense,América-MG,3,2,sintetica
2204,31.0,América-RN,Barueri,América-RN,2,1,sintetica
2205,31.0,Bragantino,Goiás,Empate,3,3,sintetica
2206,31.0,CRB,São Caetano,Empate,2,2,sintetica
2207,31.0,Ceará,Guarani,Ceará,1,0,sintetica
2208,31.0,Criciúma,Ipatinga,Criciúma,3,2,sintetica
2209,31.0,Joinville,Boa Esporte,Joinville,3,0,sintetica
2210,31.0,Vitória,Guaratinguetá,Vitória,2,0,sintetica
2211,32.0,ASA,Joinville,ASA,1,0,sintetica
2212,32.0,América-MG,Boa Esporte,América-MG,3,2,sintetica
2213,32.0,Avaí,Vitória,Avaí,2,0,sintetica
2214,32.0,Barueri,Criciúma,Criciúma,1,4,sintetica
2215,32.0,CRB,América-RN,CRB,4,2,sintetica
2216,32.0,Goiás,Athletico Paranaense,Goiás,3,2,sintetica
2217,32.0,Guarani,ABC,Empate,1,1,sintetica
2218,32.0,Guaratinguetá,Paraná,Guaratinguetá,2,0,sintetica
2219,32.0,Ipatinga,Ceará,Ceará,1,2,sintetica
2220,32.0,São Caetano,Bragantino,São Caetano,2,0,sintetica
2221,33.0,ABC,Ipatinga,Empate,2,2,sintetica
2222,33.0,ASA,Vitória,Vitória,2,3,sintetica
2223,33.0,América-RN,Bragantino,América-RN,2,1,sintetica
2224,33.0,Athletico Paranaense,São Caetano,São Caetano,0,1,sintetica
2225,33.0,Avaí,Paraná,Avaí,3,1,sintetica
2226,33.0,Boa Esporte,Goiás,Empate,2,2,sintetica
2227,33.0,Ceará,Barueri,Ceará,2,0,sintetica
2228,33.0,Criciúma,CRB,Criciúma,2,0,sintetica
2229,33.0,Guarani,Guaratinguetá,Guarani,2,1,sintetica
2230,33.0,Joinville,América-MG,Empate,2,2,sintetica
2231,34.0,ASA,Paraná,Empate,1,1,sintetica
2232,34.0,Athletico Paranaense,América-RN,Empate,1,1,sintetica
2233,34.0,Avaí,Guarani,Avaí,1,0,sintetica
2234,34.0,Barueri,ABC,ABC,0,3,sintetica
2235,34.0,Boa Esporte,São Caetano,São Caetano,1,3,sintetica
2236,34.0,Ceará,CRB,CRB,1,2,sintetica
2237,34.0,Criciúma,Bragantino,Criciúma,3,2,sintetica
2238,34.0,Goiás,América-MG,Goiás,2,0,sintetica
2239,34.0,Ipatinga,Guaratinguetá,Guaratinguetá,2,3,sintetica
2240,34.0,Joinville,Vitória,Empate,1,1,sintetica
2241,35.0,ABC,CRB,ABC,4,2,sintetica
2242,35.0,Athletico Paranaense,Criciúma,Athletico Paranaense,1,0,sintetica
2243,35.0,Avaí,Ipatinga,Avaí,2,1,sintetica
2244,35.0,Boa Esporte,América-RN,Empate,1,1,sintetica
2245,35.0,Ceará,Bragantino,Bragantino,1,2,sintetica
2246,35.0,Goiás,Joinville,Goiás,2,1,sintetica
2247,35.0,Guarani,ASA,Guarani,2,1,sintetica
2248,35.0,Guaratinguetá,Barueri,Guaratinguetá,2,1,sintetica
2249,35.0,Paraná,Vitória,Paraná,3,1,sintetica
2250,35.0,São Caetano,América-MG,Empate,1,1,sintetica
2251,36.0,América-MG,América-RN,Empate,1,1,sintetica
2252,36.0,Avaí,Barueri,Avaí,2,1,sintetica
2253,36.0,Boa Esporte,Criciúma,Criciúma,0,4,sintetica
2254,36.0,Bragantino,ABC,ABC,1,2,sintetica
2255,36.0,CRB,Guaratinguetá,CRB,3,1,sintetica
2256,36.0,Ceará,Athletico Paranaense,Ceará,1,0,sintetica
2257,36.0,Ipatinga,ASA,Ipatinga,1,0,sintetica
2258,36.0,Paraná,Joinville,Paraná,2,0,sintetica
2259,36.0,São Caetano,Goiás,Empate,1,1,sintetica
2260,36.0,Vitória,Guarani,Vitória,1,0,sintetica
2261,37.0,ASA,Barueri,Empate,1,1,sintetica
2262,37.0,América-MG,Criciúma,América-MG,3,0,sintetica
2263,37.0,Athletico Paranaense,ABC,Athletico Paranaense,2,1,sintetica
2264,37.0,Avaí,CRB,Avaí,1,0,sintetica
2265,37.0,Boa Esporte,Ceará,Boa Esporte,1,0,sintetica
2266,37.0,Goiás,América-RN,Goiás,1,0,sintetica
2267,37.0,Guarani,Paraná,Empate,0,0,sintetica
2268,37.0,Guaratinguetá,Bragantino,Guaratinguetá,2,0,sintetica
2269,37.0,Joinville,São Caetano,Empate,0,0,sintetica
2270,37.0,Vitória,Ipatinga,Vitória,4,0,sintetica
2271,38.0,ASA,CRB,CRB,2,4,sintetica
2272,38.0,Avaí,Bragantino,Avaí,1,0,sintetica
2273,38.0,Boa Esporte,ABC,Empate,0,0,sintetica
2274,38.0,Ceará,América-MG,América-MG,1,2,sintetica
2275,38.0,Goiás,Criciúma,Goiás,1,0,sintetica
2276,38.0,Guarani,Joinville,Guarani,2,1,sintetica
2277,38.0,Guaratinguetá,Athletico Paranaense,Athletico Paranaense,0,1,sintetica
2278,38.0,Ipatinga,Paraná,Ipatinga,2,0,sintetica
2279,38.0,São Caetano,América-RN,São Caetano,3,2,sintetica
2280,38.0,Vitória,Barueri,Vitória,1,0,sintetica
2281,1.0,ABC,Bragantino,Empate,1,1,sintetica
2282,1.0,Atlético-GO,Boa Esporte,Atlético-GO,3,1,sintetica
2283,1.0,Avaí,Icasa,Avaí,3,1,sintetica
2284,1.0,Ceará,Palmeiras,Empate,2,2,sintetica
2285,1.0,Chapecoense,América-RN,Empate,0,0,sintetica
2286,1.0,Guaratinguetá,Figueirense,Empate,1,1,sintetica
2287,1.0,Oeste,São Caetano,São Caetano,0,3,sintetica
2288,1.0,Paraná,Joinville,Empate,1,1,sintetica
2289,1.0,Paysandu,América-MG,América-MG,0,2,sintetica
2290,1.0,Sport,ASA,Sport,4,2,sintetica
2291,2.0,ASA,Paraná,Paraná,1,4,sintetica
2292,2.0,América-MG,Ceará,Empate,2,2,sintetica
2293,2.0,América-RN,Bragantino,Bragantino,0,2,sintetica
2294,2.0,Atlético-GO,Oeste,Atlético-GO,4,0,sintetica
2295,2.0,Figueirense,Sport,Figueirense,3,2,sintetica
2296,2.0,Guaratinguetá,Chapecoense,Empate,0,0,sintetica
2297,2.0,Icasa,Joinville,Icasa,2,1,sintetica
2298,2.0,Palmeiras,Boa Esporte,Palmeiras,3,0,sintetica
2299,2.0,Paysandu,Avaí,Avaí,0,2,sintetica
2300,2.0,São Caetano,ABC,São Caetano,2,1,sintetica
2301,3.0,América-MG,Boa Esporte,Empate,0,0,sintetica
2302,3.0,Atlético-GO,ABC,ABC,0,1,sintetica
2303,3.0,Ceará,Avaí,Ceará,2,1,sintetica
2304,3.0,Figueirense,ASA,Figueirense,2,0,sintetica
2305,3.0,Guaratinguetá,Bragantino,Guaratinguetá,1,0,sintetica
2306,3.0,Oeste,Palmeiras,Palmeiras,0,2,sintetica
2307,3.0,Paraná,Icasa,Paraná,2,0,sintetica
2308,3.0,Paysandu,Joinville,Paysandu,2,1,sintetica
2309,3.0,Sport,Chapecoense,Chapecoense,1,2,sintetica
2310,3.0,São Caetano,América-RN,Empate,2,2,sintetica
2311,4.0,ASA,Chapecoense,Chapecoense,0,2,sintetica
2312,4.0,América-MG,Oeste,América-MG,4,3,sintetica
2313,4.0,América-RN,Atlético-GO,América-RN,2,1,sintetica
2314,4.0,Avaí,Boa Esporte,Avaí,1,0,sintetica
2315,4.0,Figueirense,Paraná,Figueirense,1,0,sintetica
2316,4.0,Icasa,Paysandu,Icasa,2,1,sintetica
2317,4.0,Joinville,Ceará,Empate,1,1,sintetica
2318,4.0,Palmeiras,ABC,Palmeiras,4,1,sintetica
2319,4.0,Sport,Bragantino,Bragantino,0,2,sintetica
2320,4.0,São Caetano,Guaratinguetá,Guaratinguetá,0,1,sintetica
2321,5.0,ABC,América-MG,ABC,2,1,sintetica
2322,5.0,América-RN,Palmeiras,Palmeiras,0,2,sintetica
2323,5.0,Boa Esporte,Joinville,Boa Esporte,1,0,sintetica
2324,5.0,Bragantino,ASA,Bragantino,2,0,sintetica
2325,5.0,Figueirense,Chapecoense,Chapecoense,0,2,sintetica
2326,5.0,Guaratinguetá,Atlético-GO,Guaratinguetá,2,0,sintetica
2327,5.0,Icasa,Ceará,Icasa,1,0,sintetica
2328,5.0,Oeste,Avaí,Empate,1,1,sintetica
2329,5.0,Paraná,Paysandu,Paraná,3,1,sintetica
2330,5.0,São Caetano,Sport,São Caetano,2,1,sintetica
2331,6.0,América-MG,América-RN,Empate,1,1,sintetica
2332,6.0,Avaí,ABC,Avaí,2,0,sintetica
2333,6.0,Boa Esporte,Icasa,Boa Esporte,1,0,sintetica
2334,6.0,Ceará,Paysandu,Ceará,1,0,sintetica
2335,6.0,Figueirense,Bragantino,Figueirense,2,1,sintetica
2336,6.0,Joinville,Oeste,Empate,1,1,sintetica
2337,6.0,Palmeiras,Guaratinguetá,Palmeiras,1,0,sintetica
2338,6.0,Paraná,Chapecoense,Chapecoense,0,1,sintetica
2339,6.0,Sport,Atlético-GO,Sport,3,2,sintetica
2340,6.0,São Caetano,ASA,São Caetano,3,0,sintetica
2341,7.0,ASA,Atlético-GO,Atlético-GO,0,1,sintetica
2342,7.0,América-MG,Guaratinguetá,América-MG,1,0,sintetica
2343,7.0,Avaí,América-RN,América-RN,0,1,sintetica
2344,7.0,Bragantino,Chapecoense,Bragantino,1,0,sintetica
2345,7.0,Joinville,ABC,ABC,1,2,sintetica
2346,7.0,Oeste,Icasa,Empate,0,0,sintetica
2347,7.0,Paraná,Ceará,Paraná,3,0,sintetica
2348,7.0,Paysandu,Boa Esporte,Empate,0,0,sintetica
2349,7.0,Sport,Palmeiras,Sport,1,0,sintetica
2350,7.0,São Caetano,Figueirense,Figueirense,0,2,sintetica
2351,8.0,ASA,Palmeiras,Palmeiras,0,3,sintetica
2352,8.0,América-MG,Sport,América-MG,5,0,sintetica
2353,8.0,América-RN,Joinville,Empate,1,1,sintetica
2354,8.0,Avaí,Guaratinguetá,Avaí,2,1,sintetica
2355,8.0,Bragantino,Paraná,Empate,0,0,sintetica
2356,8.0,Ceará,Boa Esporte,Empate,2,2,sintetica
2357,8.0,Figueirense,Atlético-GO,Empate,1,1,sintetica
2358,8.0,Icasa,ABC,Icasa,2,1,sintetica
2359,8.0,Oeste,Paysandu,Oeste,1,0,sintetica
2360,8.0,São Caetano,Chapecoense,Chapecoense,0,1,sintetica
2361,9.0,ASA,América-MG,ASA,2,0,sintetica
2362,9.0,Bragantino,São Caetano,Bragantino,1,0,sintetica
2363,9.0,Chapecoense,Atlético-GO,Chapecoense,3,0,sintetica
2364,9.0,Figueirense,Palmeiras,Palmeiras,2,3,sintetica
2365,9.0,Guaratinguetá,Joinville,Joinville,1,3,sintetica
2366,9.0,Icasa,América-RN,Empate,1,1,sintetica
2367,9.0,Oeste,Ceará,Oeste,2,1,sintetica
2368,9.0,Paraná,Boa Esporte,Paraná,3,1,sintetica
2369,9.0,Paysandu,ABC,Paysandu,1,0,sintetica
2370,9.0,Sport,Avaí,Sport,2,0,sintetica
2371,10.0,ABC,Ceará,Empate,1,1,sintetica
2372,10.0,Avaí,ASA,Avaí,2,0,sintetica
2373,10.0,Bragantino,Atlético-GO,Bragantino,2,0,sintetica
2374,10.0,Chapecoense,Palmeiras,Chapecoense,1,0,sintetica
2375,10.0,Figueirense,América-MG,América-MG,1,2,sintetica
2376,10.0,Guaratinguetá,Icasa,Guaratinguetá,3,0,sintetica
2377,10.0,Oeste,Boa Esporte,Empate,0,0,sintetica
2378,10.0,Paraná,São Caetano,Empate,0,0,sintetica
2379,10.0,Paysandu,América-RN,Empate,1,1,sintetica
2380,10.0,Sport,Joinville,Sport,3,2,sintetica
2381,11.0,ABC,Boa Esporte,ABC,3,1,sintetica
2382,11.0,Ceará,América-RN,Ceará,2,1,sintetica
2383,11.0,Chapecoense,América-MG,Chapecoense,2,0,sintetica
2384,11.0,Figueirense,Avaí,Avaí,1,3,sintetica
2385,11.0,Joinville,ASA,Joinville,2,0,sintetica
2386,11.0,Palmeiras,Bragantino,Palmeiras,2,1,sintetica
2387,11.0,Paraná,Oeste,Oeste,1,2,sintetica
2388,11.0,Paysandu,Guaratinguetá,Paysandu,4,3,sintetica
2389,11.0,Sport,Icasa,Icasa,0,2,sintetica
2390,11.0,São Caetano,Atlético-GO,São Caetano,4,2,sintetica
2391,12.0,América-MG,Bragantino,Empate,2,2,sintetica
2392,12.0,Boa Esporte,América-RN,Boa Esporte,3,2,sintetica
2393,12.0,Chapecoense,Avaí,Chapecoense,3,1,sintetica
2394,12.0,Guaratinguetá,Ceará,Ceará,0,1,sintetica
2395,12.0,Icasa,ASA,Icasa,5,2,sintetica
2396,12.0,Joinville,Figueirense,Joinville,3,1,sintetica
2397,12.0,Oeste,ABC,Oeste,2,1,sintetica
2398,12.0,Paraná,Atlético-GO,Empate,1,1,sintetica
2399,12.0,Sport,Paysandu,Empate,0,0,sintetica
2400,12.0,São Caetano,Palmeiras,Palmeiras,1,2,sintetica
2401,13.0,ABC,Paraná,Paraná,0,2,sintetica
2402,13.0,Atlético-GO,Palmeiras,Palmeiras,1,3,sintetica
2403,13.0,Boa Esporte,Guaratinguetá,Boa Esporte,2,0,sintetica
2404,13.0,Bragantino,Avaí,Empate,1,1,sintetica
2405,13.0,Ceará,Sport,Ceará,4,1,sintetica
2406,13.0,Chapecoense,Joinville,Chapecoense,2,1,sintetica
2407,13.0,Icasa,Figueirense,Icasa,1,0,sintetica
2408,13.0,Oeste,América-RN,Oeste,4,1,sintetica
2409,13.0,Paysandu,ASA,Empate,1,1,sintetica
2410,13.0,São Caetano,América-MG,Empate,1,1,sintetica
2411,14.0,ASA,Ceará,Ceará,2,3,sintetica
2412,14.0,América-MG,Atlético-GO,América-MG,3,0,sintetica
2413,14.0,América-RN,ABC,Empate,0,0,sintetica
2414,14.0,Boa Esporte,Sport,Sport,2,3,sintetica
2415,14.0,Bragantino,Joinville,Joinville,1,2,sintetica
2416,14.0,Chapecoense,Icasa,Icasa,1,2,sintetica
2417,14.0,Guaratinguetá,Oeste,Empate,0,0,sintetica
2418,14.0,Palmeiras,Paraná,Palmeiras,2,1,sintetica
2419,14.0,Paysandu,Figueirense,Paysandu,2,1,sintetica
2420,14.0,São Caetano,Avaí,Empate,0,0,sintetica
2421,15.0,ABC,Guaratinguetá,Guaratinguetá,2,4,sintetica
2422,15.0,ASA,Boa Esporte,Boa Esporte,0,1,sintetica
2423,15.0,América-RN,Paraná,América-RN,4,1,sintetica
2424,15.0,Avaí,Atlético-GO,Avaí,1,0,sintetica
2425,15.0,Chapecoense,Paysandu,Chapecoense,3,2,sintetica
2426,15.0,Figueirense,Ceará,Figueirense,2,1,sintetica
2427,15.0,Icasa,Bragantino,Icasa,4,1,sintetica
2428,15.0,Palmeiras,América-MG,América-MG,0,1,sintetica
2429,15.0,Sport,Oeste,Sport,2,0,sintetica
2430,15.0,São Caetano,Joinville,São Caetano,3,2,sintetica
2431,16.0,ABC,Sport,ABC,4,2,sintetica
2432,16.0,ASA,Oeste,ASA,3,0,sintetica
2433,16.0,América-RN,Guaratinguetá,Empate,2,2,sintetica
2434,16.0,Atlético-GO,Joinville,Atlético-GO,2,1,sintetica
2435,16.0,Ceará,Chapecoense,Ceará,3,1,sintetica
2436,16.0,Figueirense,Boa Esporte,Figueirense,3,0,sintetica
2437,16.0,Palmeiras,Avaí,Palmeiras,2,1,sintetica
2438,16.0,Paraná,América-MG,América-MG,0,1,sintetica
2439,16.0,Paysandu,Bragantino,Bragantino,0,1,sintetica
2440,16.0,São Caetano,Icasa,São Caetano,2,1,sintetica
2441,17.0,ABC,ASA,ABC,4,1,sintetica
2442,17.0,América-MG,Avaí,Empate,0,0,sintetica
2443,17.0,Atlético-GO,Icasa,Icasa,0,3,sintetica
2444,17.0,Ceará,Bragantino,Ceará,5,3,sintetica
2445,17.0,Chapecoense,Boa Esporte,Chapecoense,1,0,sintetica
2446,17.0,Figueirense,Oeste,Figueirense,3,0,sintetica
2447,17.0,Joinville,Palmeiras,Palmeiras,0,1,sintetica
2448,17.0,Paraná,Guaratinguetá,Paraná,4,0,sintetica
2449,17.0,Sport,América-RN,Sport,3,0,sintetica
2450,17.0,São Caetano,Paysandu,São Caetano,3,1,sintetica
2451,18.0,América-RN,ASA,América-RN,2,0,sintetica
2452,18.0,Avaí,Paraná,Empate,2,2,sintetica
2453,18.0,Boa Esporte,Bragantino,Empate,0,0,sintetica
2454,18.0,Ceará,São Caetano,Ceará,4,2,sintetica
2455,18.0,Chapecoense,Oeste,Empate,1,1,sintetica
2456,18.0,Figueirense,ABC,Figueirense,2,0,sintetica
2457,18.0,Icasa,Palmeiras,Icasa,1,0,sintetica
2458,18.0,Joinville,América-MG,Joinville,2,1,sintetica
2459,18.0,Paysandu,Atlético-GO,Empate,0,0,sintetica
2460,18.0,Sport,Guaratinguetá,Sport,1,0,sintetica
2461,19.0,ABC,Chapecoense,ABC,2,0,sintetica
2462,19.0,ASA,Guaratinguetá,ASA,2,1,sintetica
2463,19.0,Avaí,Joinville,Joinville,0,2,sintetica
2464,19.0,Ceará,Atlético-GO,Atlético-GO,0,1,sintetica
2465,19.0,Figueirense,América-RN,Figueirense,3,2,sintetica
2466,19.0,Icasa,América-MG,América-MG,1,2,sintetica
2467,19.0,Oeste,Bragantino,Oeste,2,0,sintetica
2468,19.0,Palmeiras,Paysandu,Palmeiras,3,2,sintetica
2469,19.0,Sport,Paraná,Sport,2,0,sintetica
2470,19.0,São Caetano,Boa Esporte,Boa Esporte,0,1,sintetica
2471,20.0,ASA,Sport,Sport,2,4,sintetica
2472,20.0,América-MG,Paysandu,Paysandu,0,1,sintetica
2473,20.0,América-RN,Chapecoense,Chapecoense,0,1,sintetica
2474,20.0,Boa Esporte,Atlético-GO,Empate,0,0,sintetica
2475,20.0,Bragantino,ABC,Bragantino,2,1,sintetica
2476,20.0,Figueirense,Guaratinguetá,Figueirense,2,1,sintetica
2477,20.0,Icasa,Avaí,Avaí,3,4,sintetica
2478,20.0,Joinville,Paraná,Joinville,1,0,sintetica
2479,20.0,Palmeiras,Ceará,Palmeiras,4,1,sintetica
2480,20.0,São Caetano,Oeste,Empate,2,2,sintetica
2481,21.0,ABC,São Caetano,ABC,2,0,sintetica
2482,21.0,Avaí,Paysandu,Avaí,2,0,sintetica
2483,21.0,Boa Esporte,Palmeiras,Boa Esporte,1,0,sintetica
2484,21.0,Bragantino,América-RN,América-RN,0,1,sintetica
2485,21.0,Ceará,América-MG,Empate,1,1,sintetica
2486,21.0,Chapecoense,Guaratinguetá,Chapecoense,1,0,sintetica
2487,21.0,Joinville,Icasa,Empate,0,0,sintetica
2488,21.0,Oeste,Atlético-GO,Atlético-GO,2,4,sintetica
2489,21.0,Paraná,ASA,Paraná,1,0,sintetica
2490,21.0,Sport,Figueirense,Sport,1,0,sintetica
2491,22.0,ABC,Atlético-GO,Atlético-GO,0,1,sintetica
2492,22.0,ASA,Figueirense,ASA,3,1,sintetica
2493,22.0,América-RN,São Caetano,América-RN,2,1,sintetica
2494,22.0,Avaí,Ceará,Empate,1,1,sintetica
2495,22.0,Boa Esporte,América-MG,Empate,1,1,sintetica
2496,22.0,Bragantino,Guaratinguetá,Bragantino,2,0,sintetica
2497,22.0,Chapecoense,Sport,Empate,0,0,sintetica
2498,22.0,Icasa,Paraná,Paraná,0,3,sintetica
2499,22.0,Joinville,Paysandu,Joinville,4,2,sintetica
2500,22.0,Palmeiras,Oeste,Palmeiras,4,0,sintetica
2501,23.0,ABC,Palmeiras,ABC,3,2,sintetica
2502,23.0,Atlético-GO,América-RN,América-RN,0,1,sintetica
2503,23.0,Boa Esporte,Avaí,Empate,0,0,sintetica
2504,23.0,Bragantino,Sport,Sport,1,2,sintetica
2505,23.0,Ceará,Joinville,Joinville,0,3,sintetica
2506,23.0,Chapecoense,ASA,Chapecoense,4,0,sintetica
2507,23.0,Guaratinguetá,São Caetano,Guaratinguetá,3,2,sintetica
2508,23.0,Oeste,América-MG,Empate,1,1,sintetica
2509,23.0,Paraná,Figueirense,Paraná,1,0,sintetica
2510,23.0,Paysandu,Icasa,Icasa,1,2,sintetica
2511,24.0,ASA,Bragantino,ASA,2,1,sintetica
2512,24.0,América-MG,ABC,Empate,0,0,sintetica
2513,24.0,Atlético-GO,Guaratinguetá,Atlético-GO,2,0,sintetica
2514,24.0,Avaí,Oeste,Empate,2,2,sintetica
2515,24.0,Ceará,Icasa,Ceará,1,0,sintetica
2516,24.0,Chapecoense,Figueirense,Empate,1,1,sintetica
2517,24.0,Joinville,Boa Esporte,Boa Esporte,2,3,sintetica
2518,24.0,Palmeiras,América-RN,Empate,0,0,sintetica
2519,24.0,Paysandu,Paraná,Paysandu,2,0,sintetica
2520,24.0,Sport,São Caetano,Sport,3,0,sintetica
2521,25.0,ABC,Avaí,ABC,1,0,sintetica
2522,25.0,ASA,São Caetano,ASA,1,0,sintetica
2523,25.0,América-RN,América-MG,Empate,2,2,sintetica
2524,25.0,Atlético-GO,Sport,Atlético-GO,2,1,sintetica
2525,25.0,Bragantino,Figueirense,Empate,1,1,sintetica
2526,25.0,Chapecoense,Paraná,Empate,2,2,sintetica
2527,25.0,Guaratinguetá,Palmeiras,Empate,1,1,sintetica
2528,25.0,Icasa,Boa Esporte,Icasa,1,0,sintetica
2529,25.0,Oeste,Joinville,Joinville,0,2,sintetica
2530,25.0,Paysandu,Ceará,Paysandu,2,1,sintetica
2531,26.0,ABC,Joinville,Empate,0,0,sintetica
2532,26.0,América-RN,Avaí,Avaí,2,3,sintetica
2533,26.0,Atlético-GO,ASA,Atlético-GO,5,1,sintetica
2534,26.0,Boa Esporte,Paysandu,Boa Esporte,1,0,sintetica
2535,26.0,Ceará,Paraná,Empate,1,1,sintetica
2536,26.0,Chapecoense,Bragantino,Empate,1,1,sintetica
2537,26.0,Figueirense,São Caetano,Figueirense,3,1,sintetica
2538,26.0,Guaratinguetá,América-MG,Guaratinguetá,1,0,sintetica
2539,26.0,Icasa,Oeste,Oeste,0,3,sintetica
2540,26.0,Palmeiras,Sport,Palmeiras,2,1,sintetica
2541,27.0,ABC,Icasa,ABC,1,0,sintetica
2542,27.0,Atlético-GO,Figueirense,Figueirense,2,3,sintetica
2543,27.0,Boa Esporte,Ceará,Ceará,1,2,sintetica
2544,27.0,Chapecoense,São Caetano,Chapecoense,6,2,sintetica
2545,27.0,Guaratinguetá,Avaí,Guaratinguetá,1,0,sintetica
2546,27.0,Joinville,América-RN,Joinville,3,1,sintetica
2547,27.0,Palmeiras,ASA,Palmeiras,3,0,sintetica
2548,27.0,Paraná,Bragantino,Paraná,1,0,sintetica
2549,27.0,Paysandu,Oeste,Empate,3,3,sintetica
2550,27.0,Sport,América-MG,América-MG,1,3,sintetica
2551,28.0,ABC,Paysandu,ABC,3,0,sintetica
2552,28.0,América-MG,ASA,América-MG,1,0,sintetica
2553,28.0,América-RN,Icasa,Empate,1,1,sintetica
2554,28.0,Atlético-GO,Chapecoense,Empate,0,0,sintetica
2555,28.0,Avaí,Sport,Avaí,1,0,sintetica
2556,28.0,Boa Esporte,Paraná,Boa Esporte,3,2,sintetica
2557,28.0,Ceará,Oeste,Ceará,1,0,sintetica
2558,28.0,Joinville,Guaratinguetá,Empate,1,1,sintetica
2559,28.0,Palmeiras,Figueirense,Palmeiras,4,0,sintetica
2560,28.0,São Caetano,Bragantino,Bragantino,0,1,sintetica
2561,29.0,ASA,Avaí,ASA,1,0,sintetica
2562,29.0,América-MG,Figueirense,Figueirense,2,4,sintetica
2563,29.0,América-RN,Paysandu,América-RN,3,0,sintetica
2564,29.0,Atlético-GO,Bragantino,Bragantino,0,1,sintetica
2565,29.0,Boa Esporte,Oeste,Oeste,0,4,sintetica
2566,29.0,Ceará,ABC,Ceará,4,0,sintetica
2567,29.0,Icasa,Guaratinguetá,Icasa,3,2,sintetica
2568,29.0,Joinville,Sport,Sport,2,3,sintetica
2569,29.0,Palmeiras,Chapecoense,Empate,0,0,sintetica
2570,29.0,São Caetano,Paraná,São Caetano,2,1,sintetica
2571,30.0,ASA,Joinville,Joinville,0,1,sintetica
2572,30.0,América-MG,Chapecoense,Empate,1,1,sintetica
2573,30.0,América-RN,Ceará,América-RN,1,0,sintetica
2574,30.0,Atlético-GO,São Caetano,Empate,1,1,sintetica
2575,30.0,Avaí,Figueirense,Figueirense,0,4,sintetica
2576,30.0,Boa Esporte,ABC,Boa Esporte,1,0,sintetica
2577,30.0,Bragantino,Palmeiras,Palmeiras,0,2,sintetica
2578,30.0,Guaratinguetá,Paysandu,Empate,1,1,sintetica
2579,30.0,Icasa,Sport,Icasa,2,1,sintetica
2580,30.0,Oeste,Paraná,Oeste,1,0,sintetica
2581,31.0,ABC,Oeste,Empate,0,0,sintetica
2582,31.0,ASA,Icasa,ASA,3,1,sintetica
2583,31.0,América-RN,Boa Esporte,Empate,0,0,sintetica
2584,31.0,Atlético-GO,Paraná,Paraná,0,2,sintetica
2585,31.0,Avaí,Chapecoense,Chapecoense,1,2,sintetica
2586,31.0,Bragantino,América-MG,América-MG,0,1,sintetica
2587,31.0,Ceará,Guaratinguetá,Ceará,2,0,sintetica
2588,31.0,Figueirense,Joinville,Joinville,0,1,sintetica
2589,31.0,Palmeiras,São Caetano,Empate,0,0,sintetica
2590,31.0,Paysandu,Sport,Paysandu,2,0,sintetica
2591,32.0,ASA,Paysandu,Empate,1,1,sintetica
2592,32.0,América-MG,São Caetano,América-MG,2,1,sintetica
2593,32.0,América-RN,Oeste,Empate,2,2,sintetica
2594,32.0,Avaí,Bragantino,Avaí,3,0,sintetica
2595,32.0,Figueirense,Icasa,Figueirense,3,0,sintetica
2596,32.0,Guaratinguetá,Boa Esporte,Empate,0,0,sintetica
2597,32.0,Joinville,Chapecoense,Empate,2,2,sintetica
2598,32.0,Palmeiras,Atlético-GO,Palmeiras,1,0,sintetica
2599,32.0,Paraná,ABC,Paraná,1,0,sintetica
2600,32.0,Sport,Ceará,Sport,2,1,sintetica
2601,33.0,ABC,América-RN,Empate,3,3,sintetica
2602,33.0,Atlético-GO,América-MG,Empate,1,1,sintetica
2603,33.0,Avaí,São Caetano,Avaí,2,1,sintetica
2604,33.0,Ceará,ASA,Ceará,4,1,sintetica
2605,33.0,Figueirense,Paysandu,Figueirense,3,2,sintetica
2606,33.0,Icasa,Chapecoense,Chapecoense,1,2,sintetica
2607,33.0,Joinville,Bragantino,Joinville,3,0,sintetica
2608,33.0,Oeste,Guaratinguetá,Oeste,1,0,sintetica
2609,33.0,Paraná,Palmeiras,Empate,1,1,sintetica
2610,33.0,Sport,Boa Esporte,Empate,2,2,sintetica
2611,34.0,América-MG,Palmeiras,Empate,1,1,sintetica
2612,34.0,Atlético-GO,Avaí,Atlético-GO,2,1,sintetica
2613,34.0,Boa Esporte,ASA,ASA,1,2,sintetica
2614,34.0,Bragantino,Icasa,Icasa,1,2,sintetica
2615,34.0,Ceará,Figueirense,Empate,1,1,sintetica
2616,34.0,Guaratinguetá,ABC,Guaratinguetá,3,1,sintetica
2617,34.0,Joinville,São Caetano,Joinville,1,0,sintetica
2618,34.0,Oeste,Sport,Sport,0,3,sintetica
2619,34.0,Paraná,América-RN,Paraná,4,0,sintetica
2620,34.0,Paysandu,Chapecoense,Paysandu,2,1,sintetica
2621,35.0,América-MG,Paraná,Empate,2,2,sintetica
2622,35.0,Avaí,Palmeiras,Palmeiras,2,4,sintetica
2623,35.0,Boa Esporte,Figueirense,Figueirense,0,2,sintetica
2624,35.0,Bragantino,Paysandu,Empate,0,0,sintetica
2625,35.0,Chapecoense,Ceará,Empate,1,1,sintetica
2626,35.0,Guaratinguetá,América-RN,Guaratinguetá,2,0,sintetica
2627,35.0,Icasa,São Caetano,Icasa,3,2,sintetica
2628,35.0,Joinville,Atlético-GO,Joinville,2,1,sintetica
2629,35.0,Oeste,ASA,ASA,1,2,sintetica
2630,35.0,Sport,ABC,Sport,1,0,sintetica
2631,36.0,ASA,ABC,ASA,4,0,sintetica
2632,36.0,América-RN,Sport,Sport,2,4,sintetica
2633,36.0,Avaí,América-MG,América-MG,1,2,sintetica
2634,36.0,Boa Esporte,Chapecoense,Chapecoense,1,4,sintetica
2635,36.0,Bragantino,Ceará,Bragantino,2,0,sintetica
2636,36.0,Guaratinguetá,Paraná,Paraná,3,4,sintetica
2637,36.0,Icasa,Atlético-GO,Empate,0,0,sintetica
2638,36.0,Oeste,Figueirense,Empate,2,2,sintetica
2639,36.0,Palmeiras,Joinville,Palmeiras,3,0,sintetica
2640,36.0,Paysandu,São Caetano,Empate,2,2,sintetica
2641,37.0,ABC,Figueirense,ABC,3,2,sintetica
2642,37.0,ASA,América-RN,América-RN,1,2,sintetica
2643,37.0,América-MG,Joinville,Joinville,0,2,sintetica
2644,37.0,Atlético-GO,Paysandu,Atlético-GO,1,0,sintetica
2645,37.0,Bragantino,Boa Esporte,Boa Esporte,0,1,sintetica
2646,37.0,Guaratinguetá,Sport,Sport,1,4,sintetica
2647,37.0,Oeste,Chapecoense,Oeste,1,0,sintetica
2648,37.0,Palmeiras,Icasa,Palmeiras,4,0,sintetica
2649,37.0,Paraná,Avaí,Avaí,0,1,sintetica
2650,37.0,São Caetano,Ceará,Empate,0,0,sintetica
2651,38.0,América-MG,Icasa,Icasa,1,2,sintetica
2652,38.0,América-RN,Figueirense,América-RN,2,0,sintetica
2653,38.0,Atlético-GO,Ceará,Ceará,1,3,sintetica
2654,38.0,Boa Esporte,São Caetano,Boa Esporte,1,0,sintetica
2655,38.0,Bragantino,Oeste,Bragantino,2,0,sintetica
2656,38.0,Chapecoense,ABC,Chapecoense,5,1,sintetica
2657,38.0,Guaratinguetá,ASA,Guaratinguetá,2,1,sintetica
2658,38.0,Joinville,Avaí,Avaí,1,2,sintetica
2659,38.0,Paraná,Sport,Paraná,1,0,sintetica
2660,38.0,Paysandu,Palmeiras,Paysandu,1,0,sintetica
2661,1.0,Avaí,Vila Nova,Avaí,2,1,sintetica
2662,1.0,Ceará,ABC,ABC,1,2,sintetica
2663,1.0,Luverdense,América-RN,Luverdense,2,1,sintetica
2664,1.0,Náutico,Santa Cruz,Empate,0,0,sintetica
2665,1.0,Oeste,Joinville,Oeste,1,0,sintetica
2666,1.0,Paraná,Boa Esporte,Empate,0,0,sintetica
2667,1.0,Ponte Preta,Bragantino,Ponte Preta,1,0,sintetica
2668,1.0,Portuguesa,Atlético-GO,Portuguesa,2,0,sintetica
2669,1.0,Sampaio Corrêa,América-MG,Empate,0,0,sintetica
2670,1.0,Vasco da Gama,Icasa,Empate,1,1,sintetica
2671,2.0,ABC,Santa Cruz,ABC,2,1,sintetica
2672,2.0,América-RN,Vasco da Gama,América-RN,2,0,sintetica
2673,2.0,Avaí,Sampaio Corrêa,Avaí,3,2,sintetica
2674,2.0,Boa Esporte,Ceará,Boa Esporte,3,1,sintetica
2675,2.0,Bragantino,Icasa,Bragantino,2,1,sintetica
2676,2.0,Joinville,Vila Nova,Joinville,1,0,sintetica
2677,2.0,Náutico,América-MG,América-MG,1,4,sintetica
2678,2.0,Oeste,Luverdense,Oeste,2,1,sintetica
2679,2.0,Paraná,Portuguesa,Paraná,1,0,sintetica
2680,2.0,Ponte Preta,Atlético-GO,Atlético-GO,3,4,sintetica
2681,3.0,ABC,América-MG,ABC,1,0,sintetica
2682,3.0,Avaí,Náutico,Náutico,0,2,sintetica
2683,3.0,Ceará,Portuguesa,Ceará,2,1,sintetica
2684,3.0,Icasa,Atlético-GO,Icasa,1,0,sintetica
2685,3.0,Luverdense,Vila Nova,Luverdense,2,0,sintetica
2686,3.0,Oeste,América-RN,Oeste,2,1,sintetica
2687,3.0,Ponte Preta,Paraná,Empate,2,2,sintetica
2688,3.0,Sampaio Corrêa,Joinville,Joinville,1,2,sintetica
2689,3.0,Santa Cruz,Boa Esporte,Santa Cruz,3,0,sintetica
2690,3.0,Vasco da Gama,Bragantino,Empate,2,2,sintetica
2691,4.0,América-MG,Boa Esporte,Boa Esporte,0,2,sintetica
2692,4.0,Atlético-GO,Vasco da Gama,Empate,1,1,sintetica
2693,4.0,Avaí,ABC,ABC,0,1,sintetica
2694,4.0,Bragantino,América-RN,Bragantino,2,1,sintetica
2695,4.0,Ceará,Ponte Preta,Ceará,3,2,sintetica
2696,4.0,Icasa,Paraná,Paraná,1,2,sintetica
2697,4.0,Luverdense,Sampaio Corrêa,Sampaio Corrêa,0,1,sintetica
2698,4.0,Náutico,Joinville,Joinville,1,2,sintetica
2699,4.0,Santa Cruz,Portuguesa,Santa Cruz,1,0,sintetica
2700,4.0,Vila Nova,Oeste,Oeste,0,1,sintetica
2701,5.0,ABC,Joinville,ABC,2,1,sintetica
2702,5.0,América-MG,Portuguesa,América-MG,3,1,sintetica
2703,5.0,Boa Esporte,Avaí,Boa Esporte,2,0,sintetica
2704,5.0,Bragantino,Atlético-GO,Bragantino,2,1,sintetica
2705,5.0,Ceará,Icasa,Ceará,2,1,sintetica
2706,5.0,Luverdense,Náutico,Náutico,0,2,sintetica
2707,5.0,Oeste,Sampaio Corrêa,Empate,0,0,sintetica
2708,5.0,Santa Cruz,Ponte Preta,Santa Cruz,2,1,sintetica
2709,5.0,Vasco da Gama,Paraná,Vasco da Gama,1,0,sintetica
2710,5.0,Vila Nova,América-RN,América-RN,1,3,sintetica
2711,6.0,Atlético-GO,América-RN,Atlético-GO,2,0,sintetica
2712,6.0,Avaí,Portuguesa,Avaí,2,0,sintetica
2713,6.0,Boa Esporte,Joinville,Boa Esporte,1,0,sintetica
2714,6.0,Bragantino,Paraná,Empate,1,1,sintetica
2715,6.0,Luverdense,ABC,Luverdense,3,1,sintetica
2716,6.0,Náutico,Oeste,Náutico,3,2,sintetica
2717,6.0,Ponte Preta,América-MG,América-MG,0,1,sintetica
2718,6.0,Sampaio Corrêa,Vila Nova,Sampaio Corrêa,2,0,sintetica
2719,6.0,Santa Cruz,Icasa,Empate,1,1,sintetica
2720,6.0,Vasco da Gama,Ceará,Vasco da Gama,2,0,sintetica
2721,7.0,América-MG,Icasa,Empate,1,1,sintetica
2722,7.0,Avaí,Ponte Preta,Avaí,1,0,sintetica
2723,7.0,Ceará,Bragantino,Ceará,1,0,sintetica
2724,7.0,Luverdense,Boa Esporte,Luverdense,4,2,sintetica
2725,7.0,Náutico,Vila Nova,Náutico,2,0,sintetica
2726,7.0,Oeste,ABC,Oeste,1,0,sintetica
2727,7.0,Paraná,Atlético-GO,Paraná,2,0,sintetica
2728,7.0,Portuguesa,Joinville,Joinville,1,2,sintetica
2729,7.0,Sampaio Corrêa,América-RN,Sampaio Corrêa,3,0,sintetica
2730,7.0,Vasco da Gama,Santa Cruz,Vasco da Gama,4,1,sintetica
2731,8.0,ABC,Vila Nova,Vila Nova,0,2,sintetica
2732,8.0,América-MG,Vasco da Gama,Vasco da Gama,2,3,sintetica
2733,8.0,Atlético-GO,Ceará,Ceará,0,2,sintetica
2734,8.0,Avaí,Icasa,Avaí,1,0,sintetica
2735,8.0,Boa Esporte,Oeste,Boa Esporte,1,0,sintetica
2736,8.0,Bragantino,Santa Cruz,Bragantino,2,1,sintetica
2737,8.0,Paraná,América-RN,Paraná,4,1,sintetica
2738,8.0,Ponte Preta,Joinville,Ponte Preta,2,0,sintetica
2739,8.0,Portuguesa,Luverdense,Portuguesa,1,0,sintetica
2740,8.0,Sampaio Corrêa,Náutico,Empate,1,1,sintetica
2741,9.0,ABC,Sampaio Corrêa,ABC,1,0,sintetica
2742,9.0,América-MG,Bragantino,Bragantino,0,2,sintetica
2743,9.0,Avaí,Vasco da Gama,Avaí,1,0,sintetica
2744,9.0,Boa Esporte,Vila Nova,Boa Esporte,3,0,sintetica
2745,9.0,Ceará,Paraná,Ceará,2,1,sintetica
2746,9.0,Icasa,Joinville,Empate,1,1,sintetica
2747,9.0,Náutico,América-RN,Náutico,2,1,sintetica
2748,9.0,Oeste,Portuguesa,Oeste,3,0,sintetica
2749,9.0,Ponte Preta,Luverdense,Empate,2,2,sintetica
2750,9.0,Santa Cruz,Atlético-GO,Santa Cruz,2,0,sintetica
2751,10.0,ABC,Náutico,Empate,1,1,sintetica
2752,10.0,América-MG,Atlético-GO,Empate,1,1,sintetica
2753,10.0,América-RN,Ceará,Ceará,0,1,sintetica
2754,10.0,Boa Esporte,Sampaio Corrêa,Boa Esporte,2,1,sintetica
2755,10.0,Bragantino,Avaí,Avaí,1,4,sintetica
2756,10.0,Icasa,Luverdense,Icasa,1,0,sintetica
2757,10.0,Joinville,Vasco da Gama,Empate,0,0,sintetica
2758,10.0,Oeste,Ponte Preta,Empate,1,1,sintetica
2759,10.0,Santa Cruz,Paraná,Empate,1,1,sintetica
2760,10.0,Vila Nova,Portuguesa,Portuguesa,1,2,sintetica
2761,11.0,América-RN,ABC,ABC,0,2,sintetica
2762,11.0,Atlético-GO,Avaí,Atlético-GO,2,0,sintetica
2763,11.0,Bragantino,Joinville,Bragantino,1,0,sintetica
2764,11.0,Icasa,Oeste,Empate,0,0,sintetica
2765,11.0,Luverdense,Vasco da Gama,Luverdense,2,1,sintetica
2766,11.0,Náutico,Boa Esporte,Boa Esporte,1,3,sintetica
2767,11.0,Paraná,América-MG,Empate,1,1,sintetica
2768,11.0,Portuguesa,Sampaio Corrêa,Sampaio Corrêa,1,4,sintetica
2769,11.0,Santa Cruz,Ceará,Ceará,2,3,sintetica
2770,11.0,Vila Nova,Ponte Preta,Ponte Preta,0,3,sintetica
2771,12.0,ABC,Boa Esporte,ABC,1,0,sintetica
2772,12.0,América-RN,Santa Cruz,Santa Cruz,0,1,sintetica
2773,12.0,Atlético-GO,Joinville,Empate,0,0,sintetica
2774,12.0,Avaí,Paraná,Avaí,2,1,sintetica
2775,12.0,Ceará,América-MG,Ceará,5,2,sintetica
2776,12.0,Icasa,Vila Nova,Vila Nova,0,1,sintetica
2777,12.0,Luverdense,Bragantino,Luverdense,2,0,sintetica
2778,12.0,Portuguesa,Náutico,Empate,0,0,sintetica
2779,12.0,Sampaio Corrêa,Ponte Preta,Empate,3,3,sintetica
2780,12.0,Vasco da Gama,Oeste,Vasco da Gama,2,0,sintetica
2781,13.0,América-RN,Boa Esporte,Boa Esporte,1,3,sintetica
2782,13.0,Ceará,Avaí,Empate,2,2,sintetica
2783,13.0,Icasa,Sampaio Corrêa,Sampaio Corrêa,0,3,sintetica
2784,13.0,Joinville,Paraná,Joinville,3,0,sintetica
2785,13.0,Luverdense,Atlético-GO,Atlético-GO,0,2,sintetica
2786,13.0,Oeste,Bragantino,Oeste,4,1,sintetica
2787,13.0,Ponte Preta,Náutico,Ponte Preta,2,0,sintetica
2788,13.0,Portuguesa,ABC,Empate,0,0,sintetica
2789,13.0,Santa Cruz,América-MG,Empate,1,1,sintetica
2790,13.0,Vasco da Gama,Vila Nova,Vasco da Gama,3,1,sintetica
2791,14.0,América-RN,América-MG,América-RN,1,0,sintetica
2792,14.0,Boa Esporte,Portuguesa,Boa Esporte,2,1,sintetica
2793,14.0,Joinville,Ceará,Joinville,3,0,sintetica
2794,14.0,Luverdense,Paraná,Paraná,0,2,sintetica
2795,14.0,Náutico,Icasa,Náutico,1,0,sintetica
2796,14.0,Oeste,Atlético-GO,Atlético-GO,1,2,sintetica
2797,14.0,Ponte Preta,ABC,Ponte Preta,2,1,sintetica
2798,14.0,Sampaio Corrêa,Vasco da Gama,Empate,2,2,sintetica
2799,14.0,Santa Cruz,Avaí,Avaí,0,1,sintetica
2800,14.0,Vila Nova,Bragantino,Empate,1,1,sintetica
2801,15.0,Atlético-GO,Vila Nova,Atlético-GO,3,1,sintetica
2802,15.0,Avaí,América-MG,Avaí,2,0,sintetica
2803,15.0,Boa Esporte,Ponte Preta,Ponte Preta,0,1,sintetica
2804,15.0,Icasa,ABC,Icasa,1,0,sintetica
2805,15.0,Luverdense,Ceará,Luverdense,1,0,sintetica
2806,15.0,Oeste,Paraná,Empate,2,2,sintetica
2807,15.0,Portuguesa,América-RN,América-RN,1,2,sintetica
2808,15.0,Sampaio Corrêa,Bragantino,Sampaio Corrêa,3,0,sintetica
2809,15.0,Santa Cruz,Joinville,Santa Cruz,2,0,sintetica
2810,15.0,Vasco da Gama,Náutico,Vasco da Gama,2,1,sintetica
2811,16.0,ABC,Vasco da Gama,Vasco da Gama,1,2,sintetica
2812,16.0,América-MG,Joinville,América-MG,3,1,sintetica
2813,16.0,Avaí,América-RN,Empate,0,0,sintetica
2814,16.0,Bragantino,Náutico,Empate,2,2,sintetica
2815,16.0,Icasa,Boa Esporte,Icasa,3,2,sintetica
2816,16.0,Luverdense,Santa Cruz,Luverdense,2,1,sintetica
2817,16.0,Oeste,Ceará,Oeste,3,1,sintetica
2818,16.0,Portuguesa,Ponte Preta,Ponte Preta,0,3,sintetica
2819,16.0,Sampaio Corrêa,Atlético-GO,Atlético-GO,1,2,sintetica
2820,16.0,Vila Nova,Paraná,Vila Nova,2,0,sintetica
2821,17.0,Avaí,Joinville,Joinville,0,3,sintetica
2822,17.0,Boa Esporte,Vasco da Gama,Vasco da Gama,0,2,sintetica
2823,17.0,Bragantino,ABC,Bragantino,1,0,sintetica
2824,17.0,Ceará,Vila Nova,Ceará,4,0,sintetica
2825,17.0,Icasa,Portuguesa,Icasa,2,0,sintetica
2826,17.0,Luverdense,América-MG,América-MG,1,2,sintetica
2827,17.0,Náutico,Atlético-GO,Atlético-GO,1,2,sintetica
2828,17.0,Ponte Preta,América-RN,Empate,2,2,sintetica
2829,17.0,Sampaio Corrêa,Paraná,Paraná,0,2,sintetica
2830,17.0,Santa Cruz,Oeste,Santa Cruz,3,0,sintetica
2831,18.0,América-RN,Joinville,América-RN,1,0,sintetica
2832,18.0,Atlético-GO,ABC,Atlético-GO,2,0,sintetica
2833,18.0,Avaí,Luverdense,Luverdense,1,2,sintetica
2834,18.0,Boa Esporte,Bragantino,Boa Esporte,2,1,sintetica
2835,18.0,Icasa,Ponte Preta,Ponte Preta,0,1,sintetica
2836,18.0,Oeste,América-MG,América-MG,1,3,sintetica
2837,18.0,Paraná,Náutico,Paraná,2,0,sintetica
2838,18.0,Portuguesa,Vasco da Gama,Vasco da Gama,0,1,sintetica
2839,18.0,Sampaio Corrêa,Ceará,Empate,2,2,sintetica
2840,18.0,Vila Nova,Santa Cruz,Vila Nova,3,2,sintetica
2841,19.0,ABC,Paraná,ABC,2,1,sintetica
2842,19.0,América-MG,Vila Nova,América-MG,2,0,sintetica
2843,19.0,Atlético-GO,Boa Esporte,Boa Esporte,0,3,sintetica
2844,19.0,Ceará,Náutico,Empate,2,2,sintetica
2845,19.0,Icasa,América-RN,América-RN,0,2,sintetica
2846,19.0,Luverdense,Joinville,Empate,2,2,sintetica
2847,19.0,Oeste,Avaí,Empate,0,0,sintetica
2848,19.0,Portuguesa,Bragantino,Bragantino,1,3,sintetica
2849,19.0,Sampaio Corrêa,Santa Cruz,Empate,0,0,sintetica
2850,19.0,Vasco da Gama,Ponte Preta,Empate,1,1,sintetica
2851,20.0,ABC,Ceará,ABC,1,0,sintetica
2852,20.0,América-MG,Sampaio Corrêa,América-MG,4,0,sintetica
2853,20.0,América-RN,Luverdense,América-RN,2,0,sintetica
2854,20.0,Atlético-GO,Portuguesa,Atlético-GO,2,1,sintetica
2855,20.0,Boa Esporte,Paraná,Boa Esporte,1,0,sintetica
2856,20.0,Bragantino,Ponte Preta,Ponte Preta,0,2,sintetica
2857,20.0,Icasa,Vasco da Gama,Empate,1,1,sintetica
2858,20.0,Joinville,Oeste,Joinville,2,1,sintetica
2859,20.0,Santa Cruz,Náutico,Santa Cruz,3,0,sintetica
2860,20.0,Vila Nova,Avaí,Avaí,0,1,sintetica
2861,21.0,América-MG,Náutico,Náutico,1,3,sintetica
2862,21.0,Atlético-GO,Ponte Preta,Empate,2,2,sintetica
2863,21.0,Ceará,Boa Esporte,Empate,2,2,sintetica
2864,21.0,Icasa,Bragantino,Icasa,3,0,sintetica
2865,21.0,Luverdense,Oeste,Luverdense,1,0,sintetica
2866,21.0,Portuguesa,Paraná,Empate,1,1,sintetica
2867,21.0,Sampaio Corrêa,Avaí,Empate,1,1,sintetica
2868,21.0,Santa Cruz,ABC,Empate,1,1,sintetica
2869,21.0,Vasco da Gama,América-RN,Empate,1,1,sintetica
2870,21.0,Vila Nova,Joinville,Joinville,0,1,sintetica
2871,22.0,América-MG,ABC,América-MG,1,0,sintetica
2872,22.0,América-RN,Oeste,Oeste,0,1,sintetica
2873,22.0,Atlético-GO,Icasa,Empate,0,0,sintetica
2874,22.0,Boa Esporte,Santa Cruz,Santa Cruz,0,2,sintetica
2875,22.0,Bragantino,Vasco da Gama,Empate,1,1,sintetica
2876,22.0,Joinville,Sampaio Corrêa,Joinville,3,1,sintetica
2877,22.0,Náutico,Avaí,Avaí,0,1,sintetica
2878,22.0,Paraná,Ponte Preta,Ponte Preta,1,2,sintetica
2879,22.0,Portuguesa,Ceará,Empate,1,1,sintetica
2880,22.0,Vila Nova,Luverdense,Empate,0,0,sintetica
2881,23.0,ABC,Avaí,ABC,2,1,sintetica
2882,23.0,América-RN,Bragantino,América-RN,4,2,sintetica
2883,23.0,Boa Esporte,América-MG,América-MG,1,3,sintetica
2884,23.0,Joinville,Náutico,Joinville,1,0,sintetica
2885,23.0,Oeste,Vila Nova,Vila Nova,1,3,sintetica
2886,23.0,Paraná,Icasa,Paraná,1,0,sintetica
2887,23.0,Ponte Preta,Ceará,Ponte Preta,3,1,sintetica
2888,23.0,Portuguesa,Santa Cruz,Empate,1,1,sintetica
2889,23.0,Sampaio Corrêa,Luverdense,Sampaio Corrêa,1,0,sintetica
2890,23.0,Vasco da Gama,Atlético-GO,Vasco da Gama,3,0,sintetica
2891,24.0,América-RN,Vila Nova,Vila Nova,0,1,sintetica
2892,24.0,Atlético-GO,Bragantino,Atlético-GO,1,0,sintetica
2893,24.0,Avaí,Boa Esporte,Avaí,2,0,sintetica
2894,24.0,Icasa,Ceará,Icasa,2,1,sintetica
2895,24.0,Joinville,ABC,Joinville,3,0,sintetica
2896,24.0,Náutico,Luverdense,Náutico,1,0,sintetica
2897,24.0,Paraná,Vasco da Gama,Empate,1,1,sintetica
2898,24.0,Ponte Preta,Santa Cruz,Empate,1,1,sintetica
2899,24.0,Portuguesa,América-MG,Portuguesa,2,1,sintetica
2900,24.0,Sampaio Corrêa,Oeste,Empate,2,2,sintetica
2901,25.0,ABC,Luverdense,Luverdense,0,1,sintetica
2902,25.0,América-MG,Ponte Preta,América-MG,3,0,sintetica
2903,25.0,América-RN,Atlético-GO,Empate,3,3,sintetica
2904,25.0,Ceará,Vasco da Gama,Ceará,2,0,sintetica
2905,25.0,Icasa,Santa Cruz,Empate,1,1,sintetica
2906,25.0,Joinville,Boa Esporte,Joinville,2,1,sintetica
2907,25.0,Oeste,Náutico,Oeste,2,0,sintetica
2908,25.0,Paraná,Bragantino,Paraná,1,0,sintetica
2909,25.0,Portuguesa,Avaí,Avaí,1,3,sintetica
2910,25.0,Vila Nova,Sampaio Corrêa,Vila Nova,4,1,sintetica
2911,26.0,ABC,Oeste,Oeste,0,1,sintetica
2912,26.0,América-RN,Sampaio Corrêa,Empate,2,2,sintetica
2913,26.0,Atlético-GO,Paraná,Atlético-GO,2,1,sintetica
2914,26.0,Boa Esporte,Luverdense,Boa Esporte,2,1,sintetica
2915,26.0,Bragantino,Ceará,Ceará,1,2,sintetica
2916,26.0,Icasa,América-MG,Icasa,2,0,sintetica
2917,26.0,Joinville,Portuguesa,Joinville,3,0,sintetica
2918,26.0,Ponte Preta,Avaí,Ponte Preta,3,1,sintetica
2919,26.0,Santa Cruz,Vasco da Gama,Santa Cruz,1,0,sintetica
2920,26.0,Vila Nova,Náutico,Náutico,0,1,sintetica
2921,27.0,América-RN,Paraná,Paraná,2,3,sintetica
2922,27.0,Ceará,Atlético-GO,Empate,0,0,sintetica
2923,27.0,Icasa,Avaí,Avaí,0,2,sintetica
2924,27.0,Joinville,Ponte Preta,Joinville,3,1,sintetica
2925,27.0,Luverdense,Portuguesa,Luverdense,3,1,sintetica
2926,27.0,Náutico,Sampaio Corrêa,Náutico,1,0,sintetica
2927,27.0,Oeste,Boa Esporte,Oeste,2,1,sintetica
2928,27.0,Santa Cruz,Bragantino,Santa Cruz,2,1,sintetica
2929,27.0,Vasco da Gama,América-MG,Empate,1,1,sintetica
2930,27.0,Vila Nova,ABC,ABC,3,5,sintetica
2931,28.0,América-RN,Náutico,América-RN,1,0,sintetica
2932,28.0,Atlético-GO,Santa Cruz,Santa Cruz,2,3,sintetica
2933,28.0,Bragantino,América-MG,América-MG,0,2,sintetica
2934,28.0,Joinville,Icasa,Joinville,2,1,sintetica
2935,28.0,Luverdense,Ponte Preta,Ponte Preta,0,1,sintetica
2936,28.0,Paraná,Ceará,Empate,0,0,sintetica
2937,28.0,Portuguesa,Oeste,Empate,0,0,sintetica
2938,28.0,Sampaio Corrêa,ABC,Sampaio Corrêa,2,1,sintetica
2939,28.0,Vasco da Gama,Avaí,Avaí,0,5,sintetica
2940,28.0,Vila Nova,Boa Esporte,Boa Esporte,0,2,sintetica
2941,29.0,Atlético-GO,América-MG,Atlético-GO,3,0,sintetica
2942,29.0,Avaí,Bragantino,Bragantino,1,2,sintetica
2943,29.0,Ceará,América-RN,Ceará,2,0,sintetica
2944,29.0,Luverdense,Icasa,Luverdense,1,0,sintetica
2945,29.0,Náutico,ABC,Náutico,2,1,sintetica
2946,29.0,Paraná,Santa Cruz,Paraná,3,2,sintetica
2947,29.0,Ponte Preta,Oeste,Ponte Preta,5,1,sintetica
2948,29.0,Portuguesa,Vila Nova,Vila Nova,2,3,sintetica
2949,29.0,Sampaio Corrêa,Boa Esporte,Sampaio Corrêa,3,0,sintetica
2950,29.0,Vasco da Gama,Joinville,Vasco da Gama,2,0,sintetica
2951,30.0,ABC,América-RN,Empate,0,0,sintetica
2952,30.0,América-MG,Paraná,América-MG,1,0,sintetica
2953,30.0,Avaí,Atlético-GO,Avaí,2,1,sintetica
2954,30.0,Boa Esporte,Náutico,Boa Esporte,1,0,sintetica
2955,30.0,Ceará,Santa Cruz,Santa Cruz,0,2,sintetica
2956,30.0,Joinville,Bragantino,Joinville,1,0,sintetica
2957,30.0,Oeste,Icasa,Empate,0,0,sintetica
2958,30.0,Ponte Preta,Vila Nova,Ponte Preta,1,0,sintetica
2959,30.0,Sampaio Corrêa,Portuguesa,Empate,0,0,sintetica
2960,30.0,Vasco da Gama,Luverdense,Vasco da Gama,2,0,sintetica
2961,31.0,América-MG,Ceará,América-MG,3,0,sintetica
2962,31.0,Boa Esporte,ABC,Empate,0,0,sintetica
2963,31.0,Bragantino,Luverdense,Bragantino,2,0,sintetica
2964,31.0,Joinville,Atlético-GO,Joinville,2,0,sintetica
2965,31.0,Náutico,Portuguesa,Náutico,2,1,sintetica
2966,31.0,Oeste,Vasco da Gama,Empate,1,1,sintetica
2967,31.0,Paraná,Avaí,Empate,1,1,sintetica
2968,31.0,Ponte Preta,Sampaio Corrêa,Ponte Preta,1,0,sintetica
2969,31.0,Santa Cruz,América-RN,América-RN,0,1,sintetica
2970,31.0,Vila Nova,Icasa,Icasa,0,1,sintetica
2971,32.0,ABC,Portuguesa,Empate,0,0,sintetica
2972,32.0,América-MG,Santa Cruz,América-MG,1,0,sintetica
2973,32.0,Atlético-GO,Luverdense,Atlético-GO,3,0,sintetica
2974,32.0,Avaí,Ceará,Empate,1,1,sintetica
2975,32.0,Boa Esporte,América-RN,Boa Esporte,3,2,sintetica
2976,32.0,Bragantino,Oeste,Bragantino,3,0,sintetica
2977,32.0,Náutico,Ponte Preta,Empate,1,1,sintetica
2978,32.0,Paraná,Joinville,Joinville,2,3,sintetica
2979,32.0,Sampaio Corrêa,Icasa,Sampaio Corrêa,3,2,sintetica
2980,32.0,Vila Nova,Vasco da Gama,Vila Nova,2,1,sintetica
2981,33.0,ABC,Ponte Preta,Ponte Preta,0,2,sintetica
2982,33.0,América-MG,América-RN,América-MG,2,1,sintetica
2983,33.0,Atlético-GO,Oeste,Atlético-GO,4,2,sintetica
2984,33.0,Avaí,Santa Cruz,Empate,0,0,sintetica
2985,33.0,Bragantino,Vila Nova,Vila Nova,1,2,sintetica
2986,33.0,Ceará,Joinville,Joinville,1,3,sintetica
2987,33.0,Icasa,Náutico,Icasa,3,1,sintetica
2988,33.0,Paraná,Luverdense,Luverdense,0,2,sintetica
2989,33.0,Portuguesa,Boa Esporte,Empate,1,1,sintetica
2990,33.0,Vasco da Gama,Sampaio Corrêa,Empate,1,1,sintetica
2991,34.0,ABC,Icasa,ABC,3,0,sintetica
2992,34.0,América-MG,Avaí,América-MG,3,0,sintetica
2993,34.0,América-RN,Portuguesa,Empate,1,1,sintetica
2994,34.0,Bragantino,Sampaio Corrêa,Sampaio Corrêa,0,1,sintetica
2995,34.0,Ceará,Luverdense,Ceará,3,1,sintetica
2996,34.0,Joinville,Santa Cruz,Empate,1,1,sintetica
2997,34.0,Náutico,Vasco da Gama,Vasco da Gama,0,1,sintetica
2998,34.0,Paraná,Oeste,Empate,0,0,sintetica
2999,34.0,Ponte Preta,Boa Esporte,Ponte Preta,1,0,sintetica
3000,34.0,Vila Nova,Atlético-GO,Atlético-GO,0,2,sintetica
3001,35.0,América-RN,Avaí,América-RN,3,1,sintetica
3002,35.0,Atlético-GO,Sampaio Corrêa,Sampaio Corrêa,2,4,sintetica
3003,35.0,Boa Esporte,Icasa,Boa Esporte,2,0,sintetica
3004,35.0,Ceará,Oeste,Ceará,1,0,sintetica
3005,35.0,Joinville,América-MG,Empate,1,1,sintetica
3006,35.0,Náutico,Bragantino,Empate,0,0,sintetica
3007,35.0,Paraná,Vila Nova,Paraná,3,1,sintetica
3008,35.0,Ponte Preta,Portuguesa,Empate,0,0,sintetica
3009,35.0,Santa Cruz,Luverdense,Empate,0,0,sintetica
3010,35.0,Vasco da Gama,ABC,Vasco da Gama,1,0,sintetica
3011,36.0,ABC,Bragantino,Bragantino,0,2,sintetica
3012,36.0,América-MG,Luverdense,América-MG,2,0,sintetica
3013,36.0,América-RN,Ponte Preta,Ponte Preta,0,2,sintetica
3014,36.0,Atlético-GO,Náutico,Atlético-GO,2,0,sintetica
3015,36.0,Joinville,Avaí,Avaí,0,1,sintetica
3016,36.0,Oeste,Santa Cruz,Empate,1,1,sintetica
3017,36.0,Paraná,Sampaio Corrêa,Empate,0,0,sintetica
3018,36.0,Portuguesa,Icasa,Icasa,1,2,sintetica
3019,36.0,Vasco da Gama,Boa Esporte,Vasco da Gama,2,0,sintetica
3020,36.0,Vila Nova,Ceará,Ceará,1,5,sintetica
3021,37.0,ABC,Atlético-GO,ABC,2,0,sintetica
3022,37.0,América-MG,Oeste,América-MG,3,0,sintetica
3023,37.0,Bragantino,Boa Esporte,Bragantino,4,2,sintetica
3024,37.0,Ceará,Sampaio Corrêa,Empate,1,1,sintetica
3025,37.0,Joinville,América-RN,Joinville,1,0,sintetica
3026,37.0,Luverdense,Avaí,Luverdense,3,1,sintetica
3027,37.0,Náutico,Paraná,Náutico,3,1,sintetica
3028,37.0,Ponte Preta,Icasa,Empate,1,1,sintetica
3029,37.0,Santa Cruz,Vila Nova,Santa Cruz,5,1,sintetica
3030,37.0,Vasco da Gama,Portuguesa,Empate,1,1,sintetica
3031,38.0,América-RN,Icasa,América-RN,2,0,sintetica
3032,38.0,Avaí,Oeste,Empate,0,0,sintetica
3033,38.0,Boa Esporte,Atlético-GO,Empate,1,1,sintetica
3034,38.0,Bragantino,Portuguesa,Empate,2,2,sintetica
3035,38.0,Joinville,Luverdense,Empate,1,1,sintetica
3036,38.0,Náutico,Ceará,Náutico,2,1,sintetica
3037,38.0,Paraná,ABC,Paraná,1,0,sintetica
3038,38.0,Ponte Preta,Vasco da Gama,Empate,0,0,sintetica
3039,38.0,Santa Cruz,Sampaio Corrêa,Sampaio Corrêa,0,2,sintetica
3040,38.0,Vila Nova,América-MG,América-MG,0,1,sintetica
3041,1.0,Atlético-GO,Luverdense,Luverdense,0,1,sintetica
3042,1.0,Botafogo,Bragantino,Botafogo,4,0,sintetica
3043,1.0,CRB,Boa Esporte,Empate,1,1,sintetica
3044,1.0,Ceará,Mogi Mirim,Mogi Mirim,2,3,sintetica
3045,1.0,Criciúma,ABC,ABC,0,2,sintetica
3046,1.0,Macaé,Santa Cruz,Macaé,2,0,sintetica
3047,1.0,Náutico,Sampaio Corrêa,Empate,1,1,sintetica
3048,1.0,Oeste,América-MG,Oeste,3,1,sintetica
3049,1.0,Paraná,Paysandu,Empate,1,1,sintetica
3050,1.0,Vitória,Bahia,Vitória,4,1,sintetica
3051,2.0,ABC,Botafogo,Botafogo,1,2,sintetica
3052,2.0,América-MG,Luverdense,Luverdense,1,2,sintetica
3053,2.0,Boa Esporte,Atlético-GO,Empate,2,2,sintetica
3054,2.0,Bragantino,Santa Cruz,Santa Cruz,1,2,sintetica
3055,2.0,CRB,Náutico,CRB,1,0,sintetica
3056,2.0,Ceará,Macaé,Ceará,1,0,sintetica
3057,2.0,Criciúma,Paraná,Empate,0,0,sintetica
3058,2.0,Mogi Mirim,Bahia,Empate,1,1,sintetica
3059,2.0,Paysandu,Sampaio Corrêa,Empate,1,1,sintetica
3060,2.0,Vitória,Oeste,Empate,1,1,sintetica
3061,3.0,América-MG,Vitória,América-MG,4,0,sintetica
3062,3.0,Botafogo,Paraná,Botafogo,2,1,sintetica
3063,3.0,Bragantino,Ceará,Bragantino,3,0,sintetica
3064,3.0,CRB,Paysandu,CRB,3,0,sintetica
3065,3.0,Luverdense,Boa Esporte,Luverdense,2,0,sintetica
3066,3.0,Macaé,Bahia,Empate,0,0,sintetica
3067,3.0,Náutico,Atlético-GO,Empate,1,1,sintetica
3068,3.0,Oeste,Mogi Mirim,Empate,0,0,sintetica
3069,3.0,Sampaio Corrêa,Criciúma,Sampaio Corrêa,3,1,sintetica
3070,3.0,Santa Cruz,ABC,ABC,0,1,sintetica
3071,4.0,ABC,Ceará,Ceará,0,1,sintetica
3072,4.0,América-MG,Mogi Mirim,América-MG,3,1,sintetica
3073,4.0,Atlético-GO,Paysandu,Atlético-GO,2,1,sintetica
3074,4.0,Bahia,Bragantino,Bahia,3,2,sintetica
3075,4.0,Boa Esporte,Náutico,Náutico,0,1,sintetica
3076,4.0,Botafogo,Sampaio Corrêa,Botafogo,5,0,sintetica
3077,4.0,CRB,Criciúma,CRB,3,1,sintetica
3078,4.0,Oeste,Macaé,Macaé,1,2,sintetica
3079,4.0,Santa Cruz,Paraná,Santa Cruz,4,1,sintetica
3080,4.0,Vitória,Luverdense,Vitória,3,0,sintetica
3081,5.0,ABC,Bahia,Bahia,0,3,sintetica
3082,5.0,América-MG,Macaé,América-MG,1,0,sintetica
3083,5.0,Bragantino,Oeste,Bragantino,3,1,sintetica
3084,5.0,CRB,Botafogo,CRB,2,1,sintetica
3085,5.0,Ceará,Paraná,Ceará,4,3,sintetica
3086,5.0,Criciúma,Atlético-GO,Criciúma,1,0,sintetica
3087,5.0,Náutico,Luverdense,Náutico,1,0,sintetica
3088,5.0,Paysandu,Boa Esporte,Paysandu,3,0,sintetica
3089,5.0,Sampaio Corrêa,Santa Cruz,Empate,0,0,sintetica
3090,5.0,Vitória,Mogi Mirim,Vitória,4,1,sintetica
3091,6.0,América-MG,Bragantino,Bragantino,1,2,sintetica
3092,6.0,Bahia,Paraná,Bahia,1,0,sintetica
3093,6.0,Boa Esporte,Criciúma,Empate,1,1,sintetica
3094,6.0,Botafogo,Atlético-GO,Botafogo,4,0,sintetica
3095,6.0,CRB,Santa Cruz,CRB,3,2,sintetica
3096,6.0,Ceará,Sampaio Corrêa,Sampaio Corrêa,1,3,sintetica
3097,6.0,Luverdense,Mogi Mirim,Luverdense,2,0,sintetica
3098,6.0,Macaé,Vitória,Vitória,0,2,sintetica
3099,6.0,Oeste,ABC,Empate,1,1,sintetica
3100,6.0,Paysandu,Náutico,Náutico,0,1,sintetica
3101,7.0,América-MG,ABC,América-MG,2,1,sintetica
3102,7.0,Boa Esporte,Botafogo,Botafogo,0,1,sintetica
3103,7.0,Ceará,CRB,Empate,1,1,sintetica
3104,7.0,Luverdense,Paysandu,Luverdense,1,0,sintetica
3105,7.0,Mogi Mirim,Macaé,Mogi Mirim,3,1,sintetica
3106,7.0,Náutico,Criciúma,Náutico,2,0,sintetica
3107,7.0,Paraná,Oeste,Empate,1,1,sintetica
3108,7.0,Sampaio Corrêa,Bahia,Empate,0,0,sintetica
3109,7.0,Santa Cruz,Atlético-GO,Santa Cruz,3,0,sintetica
3110,7.0,Vitória,Bragantino,Vitória,4,1,sintetica
3111,8.0,CRB,Bahia,Bahia,0,3,sintetica
3112,8.0,Ceará,Atlético-GO,Ceará,2,0,sintetica
3113,8.0,Criciúma,Paysandu,Criciúma,1,0,sintetica
3114,8.0,Macaé,Luverdense,Luverdense,1,3,sintetica
3115,8.0,Mogi Mirim,Bragantino,Bragantino,2,3,sintetica
3116,8.0,Náutico,Botafogo,Botafogo,1,4,sintetica
3117,8.0,Oeste,Sampaio Corrêa,Oeste,1,0,sintetica
3118,8.0,Paraná,América-MG,Paraná,1,0,sintetica
3119,8.0,Santa Cruz,Boa Esporte,Empate,0,0,sintetica
3120,8.0,Vitória,ABC,Vitória,2,0,sintetica
3121,9.0,ABC,Mogi Mirim,ABC,3,1,sintetica
3122,9.0,América-MG,Sampaio Corrêa,América-MG,1,0,sintetica
3123,9.0,Bahia,Atlético-GO,Bahia,1,0,sintetica
3124,9.0,Boa Esporte,Ceará,Empate,0,0,sintetica
3125,9.0,Luverdense,Criciúma,Criciúma,0,1,sintetica
3126,9.0,Macaé,Bragantino,Bragantino,2,5,sintetica
3127,9.0,Náutico,Santa Cruz,Náutico,2,1,sintetica
3128,9.0,Oeste,CRB,Empate,0,0,sintetica
3129,9.0,Paysandu,Botafogo,Botafogo,0,1,sintetica
3130,9.0,Vitória,Paraná,Empate,1,1,sintetica
3131,10.0,América-MG,CRB,América-MG,1,0,sintetica
3132,10.0,Boa Esporte,Bahia,Boa Esporte,3,0,sintetica
3133,10.0,Botafogo,Criciúma,Empate,0,0,sintetica
3134,10.0,Luverdense,Bragantino,Luverdense,2,1,sintetica
3135,10.0,Macaé,ABC,Macaé,3,1,sintetica
3136,10.0,Náutico,Ceará,Náutico,2,0,sintetica
3137,10.0,Oeste,Atlético-GO,Empate,0,0,sintetica
3138,10.0,Paraná,Mogi Mirim,Paraná,3,1,sintetica
3139,10.0,Paysandu,Santa Cruz,Paysandu,2,1,sintetica
3140,10.0,Sampaio Corrêa,Vitória,Sampaio Corrêa,1,0,sintetica
3141,11.0,ABC,Bragantino,Empate,1,1,sintetica
3142,11.0,América-MG,Atlético-GO,América-MG,1,0,sintetica
3143,11.0,Bahia,Náutico,Empate,1,1,sintetica
3144,11.0,CRB,Vitória,Empate,0,0,sintetica
3145,11.0,Luverdense,Botafogo,Botafogo,0,1,sintetica
3146,11.0,Macaé,Paraná,Empate,0,0,sintetica
3147,11.0,Mogi Mirim,Sampaio Corrêa,Empate,1,1,sintetica
3148,11.0,Oeste,Boa Esporte,Oeste,2,1,sintetica
3149,11.0,Paysandu,Ceará,Paysandu,2,1,sintetica
3150,11.0,Santa Cruz,Criciúma,Santa Cruz,2,0,sintetica
3151,12.0,América-MG,Boa Esporte,América-MG,2,0,sintetica
3152,12.0,Atlético-GO,Vitória,Empate,0,0,sintetica
3153,12.0,Bahia,Paysandu,Bahia,2,0,sintetica
3154,12.0,Botafogo,Santa Cruz,Santa Cruz,0,3,sintetica
3155,12.0,Bragantino,Paraná,Bragantino,2,1,sintetica
3156,12.0,CRB,Mogi Mirim,CRB,2,1,sintetica
3157,12.0,Ceará,Criciúma,Empate,1,1,sintetica
3158,12.0,Luverdense,ABC,Empate,1,1,sintetica
3159,12.0,Macaé,Sampaio Corrêa,Empate,1,1,sintetica
3160,12.0,Oeste,Náutico,Oeste,2,0,sintetica
3161,13.0,ABC,Paraná,Paraná,1,4,sintetica
3162,13.0,América-MG,Náutico,América-MG,2,1,sintetica
3163,13.0,Atlético-GO,Mogi Mirim,Empate,1,1,sintetica
3164,13.0,Boa Esporte,Vitória,Empate,0,0,sintetica
3165,13.0,Bragantino,Sampaio Corrêa,Bragantino,3,0,sintetica
3166,13.0,Ceará,Botafogo,Empate,0,0,sintetica
3167,13.0,Criciúma,Bahia,Criciúma,2,1,sintetica
3168,13.0,Luverdense,Santa Cruz,Empate,2,2,sintetica
3169,13.0,Macaé,CRB,Empate,0,0,sintetica
3170,13.0,Oeste,Paysandu,Empate,0,0,sintetica
3171,14.0,Atlético-GO,Macaé,Macaé,3,4,sintetica
3172,14.0,Boa Esporte,Mogi Mirim,Mogi Mirim,0,1,sintetica
3173,14.0,Botafogo,Bahia,Botafogo,1,0,sintetica
3174,14.0,Bragantino,CRB,Bragantino,2,1,sintetica
3175,14.0,Criciúma,Oeste,Criciúma,3,2,sintetica
3176,14.0,Paraná,Luverdense,Paraná,1,0,sintetica
3177,14.0,Paysandu,América-MG,Paysandu,2,0,sintetica
3178,14.0,Sampaio Corrêa,ABC,Sampaio Corrêa,3,2,sintetica
3179,14.0,Santa Cruz,Ceará,Santa Cruz,2,1,sintetica
3180,14.0,Vitória,Náutico,Náutico,2,3,sintetica
3181,15.0,ABC,CRB,Empate,0,0,sintetica
3182,15.0,América-MG,Criciúma,América-MG,2,1,sintetica
3183,15.0,Atlético-GO,Bragantino,Bragantino,0,1,sintetica
3184,15.0,Boa Esporte,Macaé,Boa Esporte,2,1,sintetica
3185,15.0,Ceará,Luverdense,Luverdense,0,1,sintetica
3186,15.0,Náutico,Mogi Mirim,Náutico,1,0,sintetica
3187,15.0,Oeste,Botafogo,Botafogo,0,1,sintetica
3188,15.0,Paysandu,Vitória,Paysandu,1,0,sintetica
3189,15.0,Sampaio Corrêa,Paraná,Empate,1,1,sintetica
3190,15.0,Santa Cruz,Bahia,Santa Cruz,3,1,sintetica
3191,16.0,Atlético-GO,ABC,ABC,1,2,sintetica
3192,16.0,Bahia,Ceará,Bahia,1,0,sintetica
3193,16.0,Boa Esporte,Bragantino,Boa Esporte,3,0,sintetica
3194,16.0,Botafogo,América-MG,Empate,0,0,sintetica
3195,16.0,CRB,Paraná,CRB,2,0,sintetica
3196,16.0,Náutico,Macaé,Empate,1,1,sintetica
3197,16.0,Oeste,Santa Cruz,Oeste,1,0,sintetica
3198,16.0,Paysandu,Mogi Mirim,Empate,1,1,sintetica
3199,16.0,Sampaio Corrêa,Luverdense,Sampaio Corrêa,3,1,sintetica
3200,16.0,Vitória,Criciúma,Vitória,2,1,sintetica
3201,17.0,ABC,Boa Esporte,Boa Esporte,0,1,sintetica
3202,17.0,Atlético-GO,Paraná,Empate,1,1,sintetica
3203,17.0,Bragantino,Náutico,Náutico,0,2,sintetica
3204,17.0,Ceará,Oeste,Empate,1,1,sintetica
3205,17.0,Luverdense,Bahia,Empate,2,2,sintetica
3206,17.0,Mogi Mirim,Criciúma,Criciúma,1,2,sintetica
3207,17.0,Paysandu,Macaé,Empate,1,1,sintetica
3208,17.0,Sampaio Corrêa,CRB,Sampaio Corrêa,1,0,sintetica
3209,17.0,Santa Cruz,América-MG,Santa Cruz,2,1,sintetica
3210,17.0,Vitória,Botafogo,Botafogo,1,2,sintetica
3211,18.0,ABC,Náutico,Empate,3,3,sintetica
3212,18.0,América-MG,Ceará,Empate,1,1,sintetica
3213,18.0,Atlético-GO,Sampaio Corrêa,Atlético-GO,3,1,sintetica
3214,18.0,Bragantino,Paysandu,Bragantino,1,0,sintetica
3215,18.0,Criciúma,Macaé,Macaé,0,3,sintetica
3216,18.0,Luverdense,CRB,Luverdense,2,0,sintetica
3217,18.0,Mogi Mirim,Botafogo,Botafogo,0,3,sintetica
3218,18.0,Oeste,Bahia,Bahia,0,1,sintetica
3219,18.0,Paraná,Boa Esporte,Empate,1,1,sintetica
3220,18.0,Santa Cruz,Vitória,Santa Cruz,3,1,sintetica
3221,19.0,ABC,Paysandu,Paysandu,0,2,sintetica
3222,19.0,Atlético-GO,CRB,Atlético-GO,1,0,sintetica
3223,19.0,Bahia,América-MG,Empate,1,1,sintetica
3224,19.0,Boa Esporte,Sampaio Corrêa,Empate,2,2,sintetica
3225,19.0,Criciúma,Bragantino,Criciúma,1,0,sintetica
3226,19.0,Macaé,Botafogo,Macaé,4,2,sintetica
3227,19.0,Oeste,Luverdense,Oeste,1,0,sintetica
3228,19.0,Paraná,Náutico,Paraná,2,0,sintetica
3229,19.0,Santa Cruz,Mogi Mirim,Santa Cruz,2,1,sintetica
3230,19.0,Vitória,Ceará,Vitória,1,0,sintetica
3231,20.0,ABC,Criciúma,Empate,2,2,sintetica
3232,20.0,América-MG,Oeste,América-MG,2,1,sintetica
3233,20.0,Bahia,Vitória,Vitória,1,3,sintetica
3234,20.0,Boa Esporte,CRB,CRB,1,3,sintetica
3235,20.0,Bragantino,Botafogo,Bragantino,1,0,sintetica
3236,20.0,Luverdense,Atlético-GO,Empate,1,1,sintetica
3237,20.0,Mogi Mirim,Ceará,Ceará,0,2,sintetica
3238,20.0,Paysandu,Paraná,Paysandu,2,1,sintetica
3239,20.0,Sampaio Corrêa,Náutico,Empate,1,1,sintetica
3240,20.0,Santa Cruz,Macaé,Santa Cruz,1,0,sintetica
3241,21.0,Atlético-GO,Boa Esporte,Atlético-GO,1,0,sintetica
3242,21.0,Bahia,Mogi Mirim,Bahia,4,1,sintetica
3243,21.0,Botafogo,ABC,Botafogo,3,1,sintetica
3244,21.0,Luverdense,América-MG,Luverdense,1,0,sintetica
3245,21.0,Macaé,Ceará,Ceará,1,2,sintetica
3246,21.0,Náutico,CRB,Empate,1,1,sintetica
3247,21.0,Oeste,Vitória,Vitória,1,2,sintetica
3248,21.0,Paraná,Criciúma,Empate,0,0,sintetica
3249,21.0,Sampaio Corrêa,Paysandu,Sampaio Corrêa,2,0,sintetica
3250,21.0,Santa Cruz,Bragantino,Santa Cruz,3,1,sintetica
3251,22.0,ABC,Santa Cruz,Empate,1,1,sintetica
3252,22.0,Atlético-GO,Náutico,Atlético-GO,2,0,sintetica
3253,22.0,Bahia,Macaé,Bahia,1,0,sintetica
3254,22.0,Boa Esporte,Luverdense,Boa Esporte,2,1,sintetica
3255,22.0,Ceará,Bragantino,Ceará,3,0,sintetica
3256,22.0,Criciúma,Sampaio Corrêa,Empate,1,1,sintetica
3257,22.0,Mogi Mirim,Oeste,Empate,0,0,sintetica
3258,22.0,Paraná,Botafogo,Botafogo,1,2,sintetica
3259,22.0,Paysandu,CRB,Paysandu,5,1,sintetica
3260,22.0,Vitória,América-MG,Empate,1,1,sintetica
3261,23.0,Bragantino,Bahia,Bragantino,2,0,sintetica
3262,23.0,Ceará,ABC,Ceará,3,0,sintetica
3263,23.0,Criciúma,CRB,Criciúma,2,1,sintetica
3264,23.0,Luverdense,Vitória,Vitória,0,2,sintetica
3265,23.0,Macaé,Oeste,Macaé,4,2,sintetica
3266,23.0,Mogi Mirim,América-MG,América-MG,1,2,sintetica
3267,23.0,Náutico,Boa Esporte,Náutico,1,0,sintetica
3268,23.0,Paraná,Santa Cruz,Paraná,3,2,sintetica
3269,23.0,Paysandu,Atlético-GO,Paysandu,2,0,sintetica
3270,23.0,Sampaio Corrêa,Botafogo,Empate,2,2,sintetica
3271,24.0,Atlético-GO,Criciúma,Empate,0,0,sintetica
3272,24.0,Bahia,ABC,Empate,2,2,sintetica
3273,24.0,Boa Esporte,Paysandu,Paysandu,0,1,sintetica
3274,24.0,Botafogo,CRB,Botafogo,4,1,sintetica
3275,24.0,Luverdense,Náutico,Luverdense,5,1,sintetica
3276,24.0,Macaé,América-MG,Empate,1,1,sintetica
3277,24.0,Mogi Mirim,Vitória,Empate,1,1,sintetica
3278,24.0,Oeste,Bragantino,Empate,1,1,sintetica
3279,24.0,Paraná,Ceará,Paraná,1,0,sintetica
3280,24.0,Santa Cruz,Sampaio Corrêa,Santa Cruz,1,0,sintetica
3281,25.0,ABC,Oeste,Oeste,0,1,sintetica
3282,25.0,Atlético-GO,Botafogo,Empate,0,0,sintetica
3283,25.0,Bragantino,América-MG,América-MG,0,1,sintetica
3284,25.0,Criciúma,Boa Esporte,Criciúma,3,0,sintetica
3285,25.0,Mogi Mirim,Luverdense,Empate,1,1,sintetica
3286,25.0,Náutico,Paysandu,Empate,1,1,sintetica
3287,25.0,Paraná,Bahia,Paraná,1,0,sintetica
3288,25.0,Sampaio Corrêa,Ceará,Sampaio Corrêa,1,0,sintetica
3289,25.0,Santa Cruz,CRB,Santa Cruz,2,1,sintetica
3290,25.0,Vitória,Macaé,Empate,0,0,sintetica
3291,26.0,ABC,América-MG,ABC,4,2,sintetica
3292,26.0,Atlético-GO,Santa Cruz,Empate,0,0,sintetica
3293,26.0,Bahia,Sampaio Corrêa,Empate,1,1,sintetica
3294,26.0,Botafogo,Boa Esporte,Empate,1,1,sintetica
3295,26.0,Bragantino,Vitória,Bragantino,2,1,sintetica
3296,26.0,CRB,Ceará,Ceará,1,3,sintetica
3297,26.0,Criciúma,Náutico,Criciúma,1,0,sintetica
3298,26.0,Macaé,Mogi Mirim,Macaé,1,0,sintetica
3299,26.0,Oeste,Paraná,Oeste,1,0,sintetica
3300,26.0,Paysandu,Luverdense,Paysandu,3,2,sintetica
3301,27.0,ABC,Vitória,Empate,0,0,sintetica
3302,27.0,América-MG,Paraná,América-MG,2,0,sintetica
3303,27.0,Atlético-GO,Ceará,Atlético-GO,3,2,sintetica
3304,27.0,Bahia,CRB,Bahia,3,2,sintetica
3305,27.0,Boa Esporte,Santa Cruz,Santa Cruz,1,3,sintetica
3306,27.0,Botafogo,Náutico,Botafogo,1,0,sintetica
3307,27.0,Bragantino,Mogi Mirim,Bragantino,3,1,sintetica
3308,27.0,Luverdense,Macaé,Macaé,1,2,sintetica
3309,27.0,Paysandu,Criciúma,Paysandu,1,0,sintetica
3310,27.0,Sampaio Corrêa,Oeste,Empate,1,1,sintetica
3311,28.0,Atlético-GO,Bahia,Empate,1,1,sintetica
3312,28.0,Botafogo,Paysandu,Paysandu,2,3,sintetica
3313,28.0,Bragantino,Macaé,Empate,2,2,sintetica
3314,28.0,CRB,Oeste,CRB,3,0,sintetica
3315,28.0,Ceará,Boa Esporte,Ceará,2,1,sintetica
3316,28.0,Criciúma,Luverdense,Luverdense,0,1,sintetica
3317,28.0,Mogi Mirim,ABC,Empate,2,2,sintetica
3318,28.0,Paraná,Vitória,Vitória,0,1,sintetica
3319,28.0,Sampaio Corrêa,América-MG,América-MG,0,2,sintetica
3320,28.0,Santa Cruz,Náutico,Náutico,1,3,sintetica
3321,29.0,ABC,Macaé,Empate,1,1,sintetica
3322,29.0,Atlético-GO,Oeste,Atlético-GO,3,1,sintetica
3323,29.0,Bahia,Boa Esporte,Bahia,4,1,sintetica
3324,29.0,Bragantino,Luverdense,Bragantino,3,2,sintetica
3325,29.0,CRB,América-MG,CRB,1,0,sintetica
3326,29.0,Ceará,Náutico,Ceará,1,0,sintetica
3327,29.0,Criciúma,Botafogo,Criciúma,1,0,sintetica
3328,29.0,Mogi Mirim,Paraná,Paraná,1,2,sintetica
3329,29.0,Santa Cruz,Paysandu,Paysandu,1,2,sintetica
3330,29.0,Vitória,Sampaio Corrêa,Sampaio Corrêa,0,2,sintetica
3331,30.0,Atlético-GO,América-MG,Empate,1,1,sintetica
3332,30.0,Boa Esporte,Oeste,Oeste,1,2,sintetica
3333,30.0,Botafogo,Luverdense,Empate,0,0,sintetica
3334,30.0,Bragantino,ABC,Bragantino,3,1,sintetica
3335,30.0,Ceará,Paysandu,Empate,0,0,sintetica
3336,30.0,Criciúma,Santa Cruz,Empate,0,0,sintetica
3337,30.0,Náutico,Bahia,Náutico,1,0,sintetica
3338,30.0,Paraná,Macaé,Paraná,3,0,sintetica
3339,30.0,Sampaio Corrêa,Mogi Mirim,Sampaio Corrêa,3,1,sintetica
3340,30.0,Vitória,CRB,Vitória,3,1,sintetica
3341,31.0,ABC,Luverdense,Empate,1,1,sintetica
3342,31.0,Boa Esporte,América-MG,América-MG,1,2,sintetica
3343,31.0,Criciúma,Ceará,Criciúma,3,0,sintetica
3344,31.0,Mogi Mirim,CRB,CRB,0,1,sintetica
3345,31.0,Náutico,Oeste,Náutico,2,1,sintetica
3346,31.0,Paraná,Bragantino,Bragantino,0,2,sintetica
3347,31.0,Paysandu,Bahia,Empate,0,0,sintetica
3348,31.0,Sampaio Corrêa,Macaé,Sampaio Corrêa,3,1,sintetica
3349,31.0,Santa Cruz,Botafogo,Santa Cruz,1,0,sintetica
3350,31.0,Vitória,Atlético-GO,Vitória,3,1,sintetica
3351,32.0,Bahia,Criciúma,Bahia,1,0,sintetica
3352,32.0,Botafogo,Ceará,Ceará,0,1,sintetica
3353,32.0,CRB,Macaé,CRB,3,1,sintetica
3354,32.0,Mogi Mirim,Atlético-GO,Atlético-GO,0,2,sintetica
3355,32.0,Náutico,América-MG,Náutico,2,1,sintetica
3356,32.0,Paraná,ABC,Empate,0,0,sintetica
3357,32.0,Paysandu,Oeste,Paysandu,3,1,sintetica
3358,32.0,Sampaio Corrêa,Bragantino,Sampaio Corrêa,2,0,sintetica
3359,32.0,Santa Cruz,Luverdense,Santa Cruz,2,0,sintetica
3360,32.0,Vitória,Boa Esporte,Vitória,2,1,sintetica
3361,33.0,ABC,Sampaio Corrêa,Sampaio Corrêa,2,3,sintetica
3362,33.0,América-MG,Paysandu,América-MG,3,1,sintetica
3363,33.0,Bahia,Botafogo,Empate,1,1,sintetica
3364,33.0,CRB,Bragantino,CRB,2,0,sintetica
3365,33.0,Ceará,Santa Cruz,Empate,3,3,sintetica
3366,33.0,Luverdense,Paraná,Luverdense,2,0,sintetica
3367,33.0,Macaé,Atlético-GO,Atlético-GO,0,1,sintetica
3368,33.0,Mogi Mirim,Boa Esporte,Boa Esporte,0,2,sintetica
3369,33.0,Náutico,Vitória,Náutico,2,1,sintetica
3370,33.0,Oeste,Criciúma,Empate,1,1,sintetica
3371,34.0,Bahia,Santa Cruz,Santa Cruz,1,2,sintetica
3372,34.0,Botafogo,Oeste,Empate,1,1,sintetica
3373,34.0,Bragantino,Atlético-GO,Atlético-GO,0,1,sintetica
3374,34.0,CRB,ABC,ABC,0,1,sintetica
3375,34.0,Criciúma,América-MG,Empate,2,2,sintetica
3376,34.0,Luverdense,Ceará,Luverdense,3,0,sintetica
3377,34.0,Macaé,Boa Esporte,Empate,1,1,sintetica
3378,34.0,Mogi Mirim,Náutico,Mogi Mirim,2,1,sintetica
3379,34.0,Paraná,Sampaio Corrêa,Paraná,1,0,sintetica
3380,34.0,Vitória,Paysandu,Vitória,3,1,sintetica
3381,35.0,ABC,Atlético-GO,Empate,1,1,sintetica
3382,35.0,América-MG,Botafogo,Botafogo,1,2,sintetica
3383,35.0,Bragantino,Boa Esporte,Bragantino,2,1,sintetica
3384,35.0,Ceará,Bahia,Empate,2,2,sintetica
3385,35.0,Criciúma,Vitória,Vitória,2,3,sintetica
3386,35.0,Luverdense,Sampaio Corrêa,Luverdense,2,1,sintetica
3387,35.0,Macaé,Náutico,Empate,1,1,sintetica
3388,35.0,Mogi Mirim,Paysandu,Empate,1,1,sintetica
3389,35.0,Paraná,CRB,Empate,0,0,sintetica
3390,35.0,Santa Cruz,Oeste,Santa Cruz,3,1,sintetica
3391,36.0,América-MG,Santa Cruz,América-MG,4,1,sintetica
3392,36.0,Bahia,Luverdense,Bahia,1,0,sintetica
3393,36.0,Boa Esporte,ABC,Boa Esporte,2,0,sintetica
3394,36.0,Botafogo,Vitória,Botafogo,2,0,sintetica
3395,36.0,CRB,Sampaio Corrêa,CRB,2,1,sintetica
3396,36.0,Criciúma,Mogi Mirim,Empate,0,0,sintetica
3397,36.0,Macaé,Paysandu,Macaé,2,1,sintetica
3398,36.0,Náutico,Bragantino,Náutico,3,1,sintetica
3399,36.0,Oeste,Ceará,Oeste,2,0,sintetica
3400,36.0,Paraná,Atlético-GO,Atlético-GO,1,2,sintetica
3401,37.0,Bahia,Oeste,Bahia,1,0,sintetica
3402,37.0,Boa Esporte,Paraná,Paraná,1,2,sintetica
3403,37.0,Botafogo,Mogi Mirim,Botafogo,3,0,sintetica
3404,37.0,CRB,Luverdense,Empate,0,0,sintetica
3405,37.0,Ceará,América-MG,América-MG,0,2,sintetica
3406,37.0,Macaé,Criciúma,Empate,1,1,sintetica
3407,37.0,Náutico,ABC,Náutico,3,0,sintetica
3408,37.0,Paysandu,Bragantino,Paysandu,2,0,sintetica
3409,37.0,Sampaio Corrêa,Atlético-GO,Sampaio Corrêa,2,0,sintetica
3410,37.0,Vitória,Santa Cruz,Vitória,2,1,sintetica
3411,38.0,América-MG,Bahia,Empate,1,1,sintetica
3412,38.0,Botafogo,Macaé,Botafogo,2,1,sintetica
3413,38.0,Bragantino,Criciúma,Bragantino,2,0,sintetica
3414,38.0,CRB,Atlético-GO,CRB,4,1,sintetica
3415,38.0,Ceará,Vitória,Vitória,1,2,sintetica
3416,38.0,Luverdense,Oeste,Empate,1,1,sintetica
3417,38.0,Mogi Mirim,Santa Cruz,Santa Cruz,0,3,sintetica
3418,38.0,Náutico,Paraná,Náutico,2,0,sintetica
3419,38.0,Paysandu,ABC,Paysandu,3,2,sintetica
3420,38.0,Sampaio Corrêa,Boa Esporte,Sampaio Corrêa,3,0,sintetica
3421,1.0,CRB,Bahia,Empate,2,2,sintetica
3422,1.0,Ceará,Joinville,Ceará,2,1,sintetica
3423,1.0,Goiás,Atlético-GO,Empate,2,2,sintetica
3424,1.0,Luverdense,Avaí,Empate,1,1,sintetica
3425,1.0,Oeste,Brasil de Pelotas,Empate,1,1,sintetica
3426,1.0,Paraná,Bragantino,Paraná,4,1,sintetica
3427,1.0,Paysandu,Tupi,Tupi,0,3,sintetica
3428,1.0,Sampaio Corrêa,Londrina,Londrina,1,3,sintetica
3429,1.0,Vasco da Gama,Criciúma,Vasco da Gama,2,1,sintetica
3430,1.0,Vila Nova,Náutico,Náutico,0,2,sintetica
3431,2.0,Avaí,Ceará,Avaí,4,2,sintetica
3432,2.0,Bahia,Paysandu,Bahia,3,0,sintetica
3433,2.0,Bragantino,Tupi,Bragantino,2,1,sintetica
3434,2.0,Brasil de Pelotas,Vila Nova,Empate,2,2,sintetica
3435,2.0,Criciúma,Londrina,Empate,1,1,sintetica
3436,2.0,Goiás,Paraná,Goiás,4,0,sintetica
3437,2.0,Joinville,Atlético-GO,Empate,0,0,sintetica
3438,2.0,Luverdense,Náutico,Luverdense,2,1,sintetica
3439,2.0,Oeste,Vasco da Gama,Empate,1,1,sintetica
3440,2.0,Sampaio Corrêa,CRB,Empate,1,1,sintetica
3441,3.0,Atlético-GO,Avaí,Atlético-GO,3,0,sintetica
3442,3.0,Bragantino,Goiás,Goiás,0,1,sintetica
3443,3.0,Criciúma,CRB,Empate,1,1,sintetica
3444,3.0,Joinville,Paraná,Joinville,1,0,sintetica
3445,3.0,Londrina,Oeste,Londrina,3,0,sintetica
3446,3.0,Luverdense,Brasil de Pelotas,Luverdense,1,0,sintetica
3447,3.0,Náutico,Ceará,Náutico,1,0,sintetica
3448,3.0,Sampaio Corrêa,Paysandu,Empate,0,0,sintetica
3449,3.0,Tupi,Bahia,Tupi,2,1,sintetica
3450,3.0,Vila Nova,Vasco da Gama,Vasco da Gama,0,2,sintetica
3451,4.0,Atlético-GO,Náutico,Atlético-GO,3,0,sintetica
3452,4.0,Bragantino,Bahia,Bragantino,1,0,sintetica
3453,4.0,CRB,Oeste,CRB,3,1,sintetica
3454,4.0,Ceará,Brasil de Pelotas,Ceará,3,0,sintetica
3455,4.0,Criciúma,Paysandu,Paysandu,0,3,sintetica
3456,4.0,Goiás,Joinville,Goiás,3,2,sintetica
3457,4.0,Paraná,Avaí,Empate,0,0,sintetica
3458,4.0,Tupi,Sampaio Corrêa,Empate,1,1,sintetica
3459,4.0,Vasco da Gama,Luverdense,Empate,1,1,sintetica
3460,4.0,Vila Nova,Londrina,Londrina,1,2,sintetica
3461,5.0,Brasil de Pelotas,Atlético-GO,Atlético-GO,0,1,sintetica
3462,5.0,CRB,Vila Nova,Vila Nova,1,2,sintetica
3463,5.0,Goiás,Avaí,Goiás,2,0,sintetica
3464,5.0,Joinville,Bragantino,Empate,1,1,sintetica
3465,5.0,Luverdense,Londrina,Luverdense,2,1,sintetica
3466,5.0,Náutico,Paraná,Náutico,5,1,sintetica
3467,5.0,Oeste,Paysandu,Oeste,1,0,sintetica
3468,5.0,Sampaio Corrêa,Bahia,Empate,0,0,sintetica
3469,5.0,Tupi,Criciúma,Criciúma,0,2,sintetica
3470,5.0,Vasco da Gama,Ceará,Vasco da Gama,2,1,sintetica
3471,6.0,Atlético-GO,Vasco da Gama,Atlético-GO,2,1,sintetica
3472,6.0,Bragantino,Sampaio Corrêa,Bragantino,2,1,sintetica
3473,6.0,Criciúma,Bahia,Criciúma,3,2,sintetica
3474,6.0,Joinville,Avaí,Avaí,0,1,sintetica
3475,6.0,Londrina,Ceará,Empate,1,1,sintetica
3476,6.0,Luverdense,CRB,Empate,0,0,sintetica
3477,6.0,Náutico,Goiás,Náutico,1,0,sintetica
3478,6.0,Oeste,Tupi,Empate,0,0,sintetica
3479,6.0,Paraná,Brasil de Pelotas,Brasil de Pelotas,0,2,sintetica
3480,6.0,Vila Nova,Paysandu,Empate,2,2,sintetica
3481,7.0,Atlético-GO,Londrina,Londrina,1,2,sintetica
3482,7.0,Avaí,Bragantino,Avaí,2,0,sintetica
3483,7.0,Brasil de Pelotas,Goiás,Brasil de Pelotas,2,1,sintetica
3484,7.0,CRB,Ceará,Ceará,0,3,sintetica
3485,7.0,Joinville,Náutico,Empate,0,0,sintetica
3486,7.0,Luverdense,Paysandu,Luverdense,3,1,sintetica
3487,7.0,Oeste,Bahia,Empate,1,1,sintetica
3488,7.0,Paraná,Vasco da Gama,Vasco da Gama,0,1,sintetica
3489,7.0,Sampaio Corrêa,Criciúma,Sampaio Corrêa,1,0,sintetica
3490,7.0,Tupi,Vila Nova,Tupi,1,0,sintetica
3491,8.0,Avaí,Náutico,Avaí,3,0,sintetica
3492,8.0,Bragantino,Criciúma,Bragantino,2,0,sintetica
3493,8.0,Brasil de Pelotas,Joinville,Brasil de Pelotas,2,0,sintetica
3494,8.0,CRB,Atlético-GO,Atlético-GO,1,2,sintetica
3495,8.0,Ceará,Paysandu,Empate,2,2,sintetica
3496,8.0,Londrina,Paraná,Empate,1,1,sintetica
3497,8.0,Sampaio Corrêa,Oeste,Empate,1,1,sintetica
3498,8.0,Tupi,Luverdense,Empate,0,0,sintetica
3499,8.0,Vasco da Gama,Goiás,Vasco da Gama,1,0,sintetica
3500,8.0,Vila Nova,Bahia,Bahia,0,1,sintetica
3501,9.0,Atlético-GO,Paysandu,Atlético-GO,2,1,sintetica
3502,9.0,Bahia,Luverdense,Bahia,1,0,sintetica
3503,9.0,Bragantino,Náutico,Náutico,0,1,sintetica
3504,9.0,Brasil de Pelotas,Avaí,Brasil de Pelotas,3,0,sintetica
3505,9.0,Ceará,Tupi,Ceará,2,1,sintetica
3506,9.0,Goiás,Londrina,Empate,1,1,sintetica
3507,9.0,Joinville,Vasco da Gama,Vasco da Gama,0,2,sintetica
3508,9.0,Oeste,Criciúma,Oeste,1,0,sintetica
3509,9.0,Paraná,CRB,Paraná,5,3,sintetica
3510,9.0,Sampaio Corrêa,Vila Nova,Vila Nova,0,3,sintetica
3511,10.0,Atlético-GO,Tupi,Atlético-GO,5,3,sintetica
3512,10.0,Avaí,Vasco da Gama,Avaí,2,1,sintetica
3513,10.0,Bragantino,Oeste,Empate,0,0,sintetica
3514,10.0,Brasil de Pelotas,Náutico,Empate,0,0,sintetica
3515,10.0,Ceará,Bahia,Ceará,1,0,sintetica
3516,10.0,Criciúma,Vila Nova,Criciúma,1,0,sintetica
3517,10.0,Goiás,CRB,Goiás,3,0,sintetica
3518,10.0,Londrina,Joinville,Londrina,1,0,sintetica
3519,10.0,Paraná,Paysandu,Empate,0,0,sintetica
3520,10.0,Sampaio Corrêa,Luverdense,Sampaio Corrêa,2,0,sintetica
3521,11.0,Bahia,Atlético-GO,Empate,1,1,sintetica
3522,11.0,Brasil de Pelotas,Bragantino,Brasil de Pelotas,2,0,sintetica
3523,11.0,CRB,Joinville,CRB,2,1,sintetica
3524,11.0,Ceará,Sampaio Corrêa,Sampaio Corrêa,0,1,sintetica
3525,11.0,Londrina,Avaí,Avaí,0,1,sintetica
3526,11.0,Luverdense,Criciúma,Luverdense,2,1,sintetica
3527,11.0,Paysandu,Goiás,Empate,1,1,sintetica
3528,11.0,Tupi,Paraná,Tupi,2,0,sintetica
3529,11.0,Vasco da Gama,Náutico,Vasco da Gama,3,2,sintetica
3530,11.0,Vila Nova,Oeste,Vila Nova,1,0,sintetica
3531,12.0,Atlético-GO,Sampaio Corrêa,Atlético-GO,4,1,sintetica
3532,12.0,Bahia,Paraná,Bahia,3,0,sintetica
3533,12.0,CRB,Avaí,Avaí,1,2,sintetica
3534,12.0,Ceará,Criciúma,Ceará,1,0,sintetica
3535,12.0,Goiás,Tupi,Goiás,2,1,sintetica
3536,12.0,Londrina,Náutico,Londrina,1,0,sintetica
3537,12.0,Oeste,Luverdense,Empate,1,1,sintetica
3538,12.0,Paysandu,Joinville,Paysandu,1,0,sintetica
3539,12.0,Vasco da Gama,Brasil de Pelotas,Vasco da Gama,2,0,sintetica
3540,12.0,Vila Nova,Bragantino,Vila Nova,3,1,sintetica
3541,13.0,Atlético-GO,Criciúma,Atlético-GO,1,0,sintetica
3542,13.0,Avaí,Paysandu,Avaí,2,0,sintetica
3543,13.0,Bahia,Goiás,Bahia,4,2,sintetica
3544,13.0,CRB,Náutico,CRB,1,0,sintetica
3545,13.0,Londrina,Brasil de Pelotas,Londrina,1,0,sintetica
3546,13.0,Luverdense,Vila Nova,Vila Nova,0,2,sintetica
3547,13.0,Oeste,Ceará,Empate,1,1,sintetica
3548,13.0,Sampaio Corrêa,Paraná,Paraná,1,2,sintetica
3549,13.0,Tupi,Joinville,Joinville,1,2,sintetica
3550,13.0,Vasco da Gama,Bragantino,Vasco da Gama,2,1,sintetica
3551,14.0,Atlético-GO,Oeste,Empate,1,1,sintetica
3552,14.0,Brasil de Pelotas,CRB,Brasil de Pelotas,1,0,sintetica
3553,14.0,Criciúma,Paraná,Criciúma,3,2,sintetica
3554,14.0,Goiás,Sampaio Corrêa,Goiás,2,1,sintetica
3555,14.0,Joinville,Bahia,Empate,1,1,sintetica
3556,14.0,Londrina,Vasco da Gama,Vasco da Gama,0,1,sintetica
3557,14.0,Luverdense,Bragantino,Luverdense,4,0,sintetica
3558,14.0,Náutico,Paysandu,Náutico,2,1,sintetica
3559,14.0,Tupi,Avaí,Empate,1,1,sintetica
3560,14.0,Vila Nova,Ceará,Ceará,3,4,sintetica
3561,15.0,Atlético-GO,Vila Nova,Atlético-GO,2,1,sintetica
3562,15.0,Bahia,Avaí,Bahia,2,1,sintetica
3563,15.0,Bragantino,Londrina,Londrina,0,1,sintetica
3564,15.0,Brasil de Pelotas,Paysandu,Brasil de Pelotas,1,0,sintetica
3565,15.0,CRB,Vasco da Gama,Vasco da Gama,1,2,sintetica
3566,15.0,Ceará,Luverdense,Empate,0,0,sintetica
3567,15.0,Criciúma,Goiás,Criciúma,3,1,sintetica
3568,15.0,Joinville,Sampaio Corrêa,Joinville,2,0,sintetica
3569,15.0,Oeste,Paraná,Empate,3,3,sintetica
3570,15.0,Tupi,Náutico,Náutico,1,4,sintetica
3571,16.0,Atlético-GO,Luverdense,Atlético-GO,2,0,sintetica
3572,16.0,Avaí,Sampaio Corrêa,Avaí,2,0,sintetica
3573,16.0,Brasil de Pelotas,Tupi,Brasil de Pelotas,1,0,sintetica
3574,16.0,CRB,Londrina,Londrina,0,1,sintetica
3575,16.0,Ceará,Bragantino,Ceará,2,0,sintetica
3576,16.0,Criciúma,Joinville,Joinville,0,1,sintetica
3577,16.0,Goiás,Oeste,Empate,1,1,sintetica
3578,16.0,Náutico,Bahia,Empate,0,0,sintetica
3579,16.0,Paraná,Vila Nova,Vila Nova,1,2,sintetica
3580,16.0,Paysandu,Vasco da Gama,Paysandu,3,1,sintetica
3581,17.0,Atlético-GO,Ceará,Empate,2,2,sintetica
3582,17.0,Bragantino,CRB,CRB,1,2,sintetica
3583,17.0,Brasil de Pelotas,Bahia,Brasil de Pelotas,2,1,sintetica
3584,17.0,Criciúma,Avaí,Criciúma,1,0,sintetica
3585,17.0,Oeste,Joinville,Joinville,0,2,sintetica
3586,17.0,Paraná,Luverdense,Luverdense,1,2,sintetica
3587,17.0,Paysandu,Londrina,Empate,0,0,sintetica
3588,17.0,Sampaio Corrêa,Náutico,Sampaio Corrêa,4,3,sintetica
3589,17.0,Vasco da Gama,Tupi,Vasco da Gama,1,0,sintetica
3590,17.0,Vila Nova,Goiás,Empate,1,1,sintetica
3591,18.0,Bragantino,Atlético-GO,Atlético-GO,1,2,sintetica
3592,18.0,CRB,Paysandu,Paysandu,0,1,sintetica
3593,18.0,Ceará,Paraná,Empate,1,1,sintetica
3594,18.0,Criciúma,Náutico,Criciúma,1,0,sintetica
3595,18.0,Londrina,Tupi,Londrina,1,0,sintetica
3596,18.0,Luverdense,Goiás,Luverdense,1,0,sintetica
3597,18.0,Oeste,Avaí,Empate,0,0,sintetica
3598,18.0,Sampaio Corrêa,Brasil de Pelotas,Empate,1,1,sintetica
3599,18.0,Vasco da Gama,Bahia,Vasco da Gama,4,3,sintetica
3600,18.0,Vila Nova,Joinville,Vila Nova,2,1,sintetica
3601,19.0,Bragantino,Paysandu,Empate,0,0,sintetica
3602,19.0,Brasil de Pelotas,Criciúma,Criciúma,1,2,sintetica
3603,19.0,CRB,Tupi,CRB,3,0,sintetica
3604,19.0,Ceará,Goiás,Ceará,2,1,sintetica
3605,19.0,Joinville,Luverdense,Empate,1,1,sintetica
3606,19.0,Londrina,Bahia,Londrina,1,0,sintetica
3607,19.0,Oeste,Náutico,Empate,0,0,sintetica
3608,19.0,Paraná,Atlético-GO,Empate,0,0,sintetica
3609,19.0,Vasco da Gama,Sampaio Corrêa,Empate,1,1,sintetica
3610,19.0,Vila Nova,Avaí,Avaí,1,2,sintetica
3611,20.0,Atlético-GO,Goiás,Atlético-GO,4,2,sintetica
3612,20.0,Avaí,Luverdense,Avaí,2,1,sintetica
3613,20.0,Bahia,CRB,Bahia,3,0,sintetica
3614,20.0,Bragantino,Paraná,Paraná,0,1,sintetica
3615,20.0,Brasil de Pelotas,Oeste,Empate,1,1,sintetica
3616,20.0,Criciúma,Vasco da Gama,Criciúma,1,0,sintetica
3617,20.0,Joinville,Ceará,Empate,1,1,sintetica
3618,20.0,Londrina,Sampaio Corrêa,Empate,1,1,sintetica
3619,20.0,Náutico,Vila Nova,Náutico,3,2,sintetica
3620,20.0,Tupi,Paysandu,Tupi,5,1,sintetica
3621,21.0,Atlético-GO,Joinville,Empate,1,1,sintetica
3622,21.0,CRB,Sampaio Corrêa,CRB,2,1,sintetica
3623,21.0,Ceará,Avaí,Empate,0,0,sintetica
3624,21.0,Londrina,Criciúma,Empate,2,2,sintetica
3625,21.0,Náutico,Luverdense,Náutico,1,0,sintetica
3626,21.0,Paraná,Goiás,Paraná,2,0,sintetica
3627,21.0,Paysandu,Bahia,Paysandu,2,1,sintetica
3628,21.0,Tupi,Bragantino,Bragantino,0,1,sintetica
3629,21.0,Vasco da Gama,Oeste,Vasco da Gama,3,2,sintetica
3630,21.0,Vila Nova,Brasil de Pelotas,Vila Nova,3,1,sintetica
3631,22.0,Avaí,Atlético-GO,Empate,1,1,sintetica
3632,22.0,Bahia,Tupi,Bahia,4,0,sintetica
3633,22.0,Brasil de Pelotas,Luverdense,Empate,1,1,sintetica
3634,22.0,CRB,Criciúma,CRB,2,1,sintetica
3635,22.0,Ceará,Náutico,Ceará,2,1,sintetica
3636,22.0,Goiás,Bragantino,Goiás,2,1,sintetica
3637,22.0,Oeste,Londrina,Empate,1,1,sintetica
3638,22.0,Paraná,Joinville,Paraná,1,0,sintetica
3639,22.0,Paysandu,Sampaio Corrêa,Paysandu,2,1,sintetica
3640,22.0,Vasco da Gama,Vila Nova,Vila Nova,1,2,sintetica
3641,23.0,Avaí,Paraná,Avaí,1,0,sintetica
3642,23.0,Bahia,Bragantino,Bahia,3,2,sintetica
3643,23.0,Brasil de Pelotas,Ceará,Brasil de Pelotas,2,1,sintetica
3644,23.0,Joinville,Goiás,Joinville,2,1,sintetica
3645,23.0,Londrina,Vila Nova,Londrina,1,0,sintetica
3646,23.0,Luverdense,Vasco da Gama,Empate,1,1,sintetica
3647,23.0,Náutico,Atlético-GO,Náutico,2,1,sintetica
3648,23.0,Oeste,CRB,Oeste,2,1,sintetica
3649,23.0,Paysandu,Criciúma,Criciúma,1,2,sintetica
3650,23.0,Sampaio Corrêa,Tupi,Sampaio Corrêa,3,1,sintetica
3651,24.0,Atlético-GO,Brasil de Pelotas,Atlético-GO,1,0,sintetica
3652,24.0,Avaí,Goiás,Avaí,2,0,sintetica
3653,24.0,Bahia,Sampaio Corrêa,Bahia,1,0,sintetica
3654,24.0,Bragantino,Joinville,Bragantino,2,0,sintetica
3655,24.0,Ceará,Vasco da Gama,Empate,0,0,sintetica
3656,24.0,Criciúma,Tupi,Empate,2,2,sintetica
3657,24.0,Londrina,Luverdense,Empate,1,1,sintetica
3658,24.0,Paraná,Náutico,Náutico,1,2,sintetica
3659,24.0,Paysandu,Oeste,Empate,1,1,sintetica
3660,24.0,Vila Nova,CRB,CRB,1,2,sintetica
3661,25.0,Avaí,Joinville,Joinville,0,1,sintetica
3662,25.0,Bahia,Criciúma,Bahia,2,0,sintetica
3663,25.0,Brasil de Pelotas,Paraná,Brasil de Pelotas,2,0,sintetica
3664,25.0,CRB,Luverdense,CRB,3,0,sintetica
3665,25.0,Ceará,Londrina,Ceará,1,0,sintetica
3666,25.0,Goiás,Náutico,Goiás,4,2,sintetica
3667,25.0,Paysandu,Vila Nova,Empate,2,2,sintetica
3668,25.0,Sampaio Corrêa,Bragantino,Empate,0,0,sintetica
3669,25.0,Tupi,Oeste,Oeste,0,1,sintetica
3670,25.0,Vasco da Gama,Atlético-GO,Vasco da Gama,2,0,sintetica
3671,26.0,Bahia,Oeste,Bahia,2,0,sintetica
3672,26.0,Bragantino,Avaí,Bragantino,1,0,sintetica
3673,26.0,Ceará,CRB,Empate,1,1,sintetica
3674,26.0,Criciúma,Sampaio Corrêa,Criciúma,1,0,sintetica
3675,26.0,Goiás,Brasil de Pelotas,Empate,1,1,sintetica
3676,26.0,Londrina,Atlético-GO,Atlético-GO,2,3,sintetica
3677,26.0,Náutico,Joinville,Náutico,2,0,sintetica
3678,26.0,Paysandu,Luverdense,Paysandu,2,1,sintetica
3679,26.0,Vasco da Gama,Paraná,Paraná,1,2,sintetica
3680,26.0,Vila Nova,Tupi,Vila Nova,1,0,sintetica
3681,27.0,Atlético-GO,CRB,CRB,1,2,sintetica
3682,27.0,Bahia,Vila Nova,Vila Nova,0,1,sintetica
3683,27.0,Criciúma,Bragantino,Empate,1,1,sintetica
3684,27.0,Goiás,Vasco da Gama,Empate,1,1,sintetica
3685,27.0,Joinville,Brasil de Pelotas,Empate,1,1,sintetica
3686,27.0,Luverdense,Tupi,Luverdense,2,1,sintetica
3687,27.0,Náutico,Avaí,Náutico,3,1,sintetica
3688,27.0,Oeste,Sampaio Corrêa,Oeste,1,0,sintetica
3689,27.0,Paraná,Londrina,Paraná,2,1,sintetica
3690,27.0,Paysandu,Ceará,Paysandu,2,0,sintetica
3691,28.0,Avaí,Brasil de Pelotas,Empate,1,1,sintetica
3692,28.0,CRB,Paraná,Empate,1,1,sintetica
3693,28.0,Criciúma,Oeste,Criciúma,4,0,sintetica
3694,28.0,Londrina,Goiás,Goiás,0,1,sintetica
3695,28.0,Luverdense,Bahia,Empate,2,2,sintetica
3696,28.0,Náutico,Bragantino,Empate,1,1,sintetica
3697,28.0,Paysandu,Atlético-GO,Empate,0,0,sintetica
3698,28.0,Tupi,Ceará,Tupi,2,1,sintetica
3699,28.0,Vasco da Gama,Joinville,Vasco da Gama,2,0,sintetica
3700,28.0,Vila Nova,Sampaio Corrêa,Vila Nova,1,0,sintetica
3701,29.0,Bahia,Ceará,Bahia,3,1,sintetica
3702,29.0,CRB,Goiás,CRB,2,1,sintetica
3703,29.0,Joinville,Londrina,Empate,1,1,sintetica
3704,29.0,Luverdense,Sampaio Corrêa,Empate,0,0,sintetica
3705,29.0,Náutico,Brasil de Pelotas,Náutico,2,0,sintetica
3706,29.0,Oeste,Bragantino,Bragantino,1,3,sintetica
3707,29.0,Paysandu,Paraná,Empate,1,1,sintetica
3708,29.0,Tupi,Atlético-GO,Tupi,1,0,sintetica
3709,29.0,Vasco da Gama,Avaí,Empate,0,0,sintetica
3710,29.0,Vila Nova,Criciúma,Criciúma,2,3,sintetica
3711,30.0,Atlético-GO,Bahia,Atlético-GO,2,1,sintetica
3712,30.0,Avaí,Londrina,Avaí,1,0,sintetica
3713,30.0,Bragantino,Brasil de Pelotas,Brasil de Pelotas,0,2,sintetica
3714,30.0,Criciúma,Luverdense,Empate,2,2,sintetica
3715,30.0,Goiás,Paysandu,Empate,0,0,sintetica
3716,30.0,Joinville,CRB,CRB,1,3,sintetica
3717,30.0,Náutico,Vasco da Gama,Náutico,3,1,sintetica
3718,30.0,Oeste,Vila Nova,Vila Nova,1,3,sintetica
3719,30.0,Paraná,Tupi,Tupi,0,2,sintetica
3720,30.0,Sampaio Corrêa,Ceará,Ceará,2,3,sintetica
3721,31.0,Avaí,CRB,Avaí,2,1,sintetica
3722,31.0,Bragantino,Vila Nova,Empate,2,2,sintetica
3723,31.0,Brasil de Pelotas,Vasco da Gama,Brasil de Pelotas,2,1,sintetica
3724,31.0,Criciúma,Ceará,Ceará,2,3,sintetica
3725,31.0,Joinville,Paysandu,Empate,0,0,sintetica
3726,31.0,Luverdense,Oeste,Oeste,0,1,sintetica
3727,31.0,Náutico,Londrina,Londrina,0,2,sintetica
3728,31.0,Paraná,Bahia,Empate,0,0,sintetica
3729,31.0,Sampaio Corrêa,Atlético-GO,Atlético-GO,0,1,sintetica
3730,31.0,Tupi,Goiás,Goiás,0,1,sintetica
3731,32.0,Bragantino,Vasco da Gama,Vasco da Gama,1,2,sintetica
3732,32.0,Brasil de Pelotas,Londrina,Londrina,0,1,sintetica
3733,32.0,Ceará,Oeste,Ceará,1,0,sintetica
3734,32.0,Criciúma,Atlético-GO,Atlético-GO,1,2,sintetica
3735,32.0,Goiás,Bahia,Bahia,0,2,sintetica
3736,32.0,Joinville,Tupi,Empate,1,1,sintetica
3737,32.0,Náutico,CRB,CRB,1,3,sintetica
3738,32.0,Paraná,Sampaio Corrêa,Paraná,1,0,sintetica
3739,32.0,Paysandu,Avaí,Paysandu,1,0,sintetica
3740,32.0,Vila Nova,Luverdense,Empate,0,0,sintetica
3741,33.0,Avaí,Tupi,Avaí,1,0,sintetica
3742,33.0,Bahia,Joinville,Bahia,1,0,sintetica
3743,33.0,Bragantino,Luverdense,Luverdense,0,1,sintetica
3744,33.0,CRB,Brasil de Pelotas,Brasil de Pelotas,1,2,sintetica
3745,33.0,Ceará,Vila Nova,Vila Nova,2,3,sintetica
3746,33.0,Oeste,Atlético-GO,Atlético-GO,0,1,sintetica
3747,33.0,Paraná,Criciúma,Criciúma,1,2,sintetica
3748,33.0,Paysandu,Náutico,Náutico,1,3,sintetica
3749,33.0,Sampaio Corrêa,Goiás,Empate,0,0,sintetica
3750,33.0,Vasco da Gama,Londrina,Vasco da Gama,1,0,sintetica
3751,34.0,Avaí,Bahia,Bahia,0,3,sintetica
3752,34.0,Goiás,Criciúma,Empate,1,1,sintetica
3753,34.0,Londrina,Bragantino,Londrina,2,0,sintetica
3754,34.0,Luverdense,Ceará,Luverdense,2,0,sintetica
3755,34.0,Náutico,Tupi,Náutico,1,0,sintetica
3756,34.0,Paraná,Oeste,Paraná,2,1,sintetica
3757,34.0,Paysandu,Brasil de Pelotas,Empate,1,1,sintetica
3758,34.0,Sampaio Corrêa,Joinville,Joinville,1,2,sintetica
3759,34.0,Vasco da Gama,CRB,CRB,1,2,sintetica
3760,34.0,Vila Nova,Atlético-GO,Empate,0,0,sintetica
3761,35.0,Bahia,Náutico,Empate,0,0,sintetica
3762,35.0,Bragantino,Ceará,Empate,1,1,sintetica
3763,35.0,Joinville,Criciúma,Empate,0,0,sintetica
3764,35.0,Londrina,CRB,CRB,0,1,sintetica
3765,35.0,Luverdense,Atlético-GO,Luverdense,3,2,sintetica
3766,35.0,Oeste,Goiás,Goiás,1,2,sintetica
3767,35.0,Sampaio Corrêa,Avaí,Avaí,1,2,sintetica
3768,35.0,Tupi,Brasil de Pelotas,Empate,1,1,sintetica
3769,35.0,Vasco da Gama,Paysandu,Paysandu,0,2,sintetica
3770,35.0,Vila Nova,Paraná,Empate,0,0,sintetica
3771,36.0,Avaí,Criciúma,Avaí,3,0,sintetica
3772,36.0,Bahia,Brasil de Pelotas,Bahia,1,0,sintetica
3773,36.0,CRB,Bragantino,CRB,2,1,sintetica
3774,36.0,Ceará,Atlético-GO,Atlético-GO,0,1,sintetica
3775,36.0,Goiás,Vila Nova,Vila Nova,1,2,sintetica
3776,36.0,Joinville,Oeste,Oeste,0,1,sintetica
3777,36.0,Londrina,Paysandu,Empate,0,0,sintetica
3778,36.0,Luverdense,Paraná,Luverdense,3,2,sintetica
3779,36.0,Náutico,Sampaio Corrêa,Náutico,5,0,sintetica
3780,36.0,Tupi,Vasco da Gama,Empate,2,2,sintetica
3781,37.0,Atlético-GO,Bragantino,Atlético-GO,1,0,sintetica
3782,37.0,Avaí,Oeste,Empate,1,1,sintetica
3783,37.0,Bahia,Vasco da Gama,Bahia,1,0,sintetica
3784,37.0,Brasil de Pelotas,Sampaio Corrêa,Empate,1,1,sintetica
3785,37.0,Goiás,Luverdense,Empate,1,1,sintetica
3786,37.0,Joinville,Vila Nova,Joinville,4,2,sintetica
3787,37.0,Náutico,Criciúma,Criciúma,0,1,sintetica
3788,37.0,Paraná,Ceará,Empate,1,1,sintetica
3789,37.0,Paysandu,CRB,Empate,2,2,sintetica
3790,37.0,Tupi,Londrina,Empate,1,1,sintetica
3791,38.0,Atlético-GO,Paraná,Atlético-GO,2,0,sintetica
3792,38.0,Avaí,Vila Nova,Avaí,3,1,sintetica
3793,38.0,Bahia,Londrina,Londrina,1,2,sintetica
3794,38.0,Criciúma,Brasil de Pelotas,Criciúma,3,0,sintetica
3795,38.0,Goiás,Ceará,Goiás,2,0,sintetica
3796,38.0,Luverdense,Joinville,Empate,1,1,sintetica
3797,38.0,Náutico,Oeste,Oeste,0,2,sintetica
3798,38.0,Paysandu,Bragantino,Paysandu,3,0,sintetica
3799,38.0,Sampaio Corrêa,Vasco da Gama,Vasco da Gama,0,4,sintetica
3800,38.0,Tupi,CRB,CRB,3,4,sintetica
3801,1.0,Brasil de Pelotas,Figueirense,Figueirense,1,2,sintetica
3802,1.0,CRB,Juventude,CRB,2,0,sintetica
3803,1.0,Ceará,América-MG,Empate,1,1,sintetica
3804,1.0,Criciúma,Boa Esporte,Criciúma,2,0,sintetica
3805,1.0,Guarani,Vila Nova,Empate,0,0,sintetica
3806,1.0,Luverdense,Londrina,Luverdense,1,0,sintetica
3807,1.0,Oeste,Goiás,Empate,1,1,sintetica
3808,1.0,Paraná,Internacional,Paraná,1,0,sintetica
3809,1.0,Paysandu,ABC,Paysandu,2,0,sintetica
3810,1.0,Santa Cruz,Náutico,Náutico,2,3,sintetica
3811,2.0,Boa Esporte,Náutico,Boa Esporte,2,1,sintetica
3812,2.0,Brasil de Pelotas,Luverdense,Luverdense,0,1,sintetica
3813,2.0,CRB,Goiás,Empate,1,1,sintetica
3814,2.0,Figueirense,Ceará,Ceará,0,2,sintetica
3815,2.0,Guarani,América-MG,América-MG,0,1,sintetica
3816,2.0,Internacional,Criciúma,Empate,1,1,sintetica
3817,2.0,Juventude,ABC,Juventude,3,0,sintetica
3818,2.0,Oeste,Londrina,Oeste,4,1,sintetica
3819,2.0,Paraná,Vila Nova,Paraná,1,0,sintetica
3820,2.0,Santa Cruz,Paysandu,Paysandu,1,2,sintetica
3821,3.0,ABC,Goiás,Goiás,0,1,sintetica
3822,3.0,América-MG,Paraná,Empate,1,1,sintetica
3823,3.0,Boa Esporte,Internacional,Empate,0,0,sintetica
3824,3.0,Brasil de Pelotas,Oeste,Brasil de Pelotas,3,1,sintetica
3825,3.0,CRB,Londrina,Londrina,0,3,sintetica
3826,3.0,Ceará,Luverdense,Empate,1,1,sintetica
3827,3.0,Guarani,Figueirense,Guarani,2,0,sintetica
3828,3.0,Paysandu,Náutico,Paysandu,1,0,sintetica
3829,3.0,Santa Cruz,Juventude,Santa Cruz,5,2,sintetica
3830,3.0,Vila Nova,Criciúma,Empate,0,0,sintetica
3831,4.0,ABC,Londrina,ABC,3,0,sintetica
3832,4.0,América-MG,Criciúma,Empate,0,0,sintetica
3833,4.0,CRB,Brasil de Pelotas,Brasil de Pelotas,0,1,sintetica
3834,4.0,Ceará,Oeste,Ceará,3,0,sintetica
3835,4.0,Figueirense,Paraná,Figueirense,1,0,sintetica
3836,4.0,Luverdense,Guarani,Luverdense,1,0,sintetica
3837,4.0,Náutico,Juventude,Empate,1,1,sintetica
3838,4.0,Paysandu,Boa Esporte,Empate,0,0,sintetica
3839,4.0,Santa Cruz,Goiás,Santa Cruz,3,0,sintetica
3840,4.0,Vila Nova,Internacional,Vila Nova,2,1,sintetica
3841,5.0,ABC,Brasil de Pelotas,ABC,1,0,sintetica
3842,5.0,Boa Esporte,Vila Nova,Vila Nova,0,1,sintetica
3843,5.0,Ceará,CRB,Ceará,1,0,sintetica
3844,5.0,Figueirense,Criciúma,Empate,2,2,sintetica
3845,5.0,Goiás,Náutico,Goiás,2,0,sintetica
3846,5.0,Guarani,Oeste,Empate,0,0,sintetica
3847,5.0,Internacional,América-MG,Internacional,2,1,sintetica
3848,5.0,Londrina,Santa Cruz,Empate,1,1,sintetica
3849,5.0,Paraná,Luverdense,Paraná,2,0,sintetica
3850,5.0,Paysandu,Juventude,Empate,0,0,sintetica
3851,6.0,Brasil de Pelotas,Santa Cruz,Empate,1,1,sintetica
3852,6.0,CRB,Guarani,Empate,1,1,sintetica
3853,6.0,Ceará,ABC,Ceará,1,0,sintetica
3854,6.0,Criciúma,Luverdense,Criciúma,2,1,sintetica
3855,6.0,Figueirense,Internacional,Internacional,1,2,sintetica
3856,6.0,Juventude,Boa Esporte,Empate,0,0,sintetica
3857,6.0,Londrina,Náutico,Empate,0,0,sintetica
3858,6.0,Paraná,Oeste,Oeste,1,2,sintetica
3859,6.0,Paysandu,Goiás,Goiás,0,1,sintetica
3860,6.0,Vila Nova,América-MG,Vila Nova,2,0,sintetica
3861,7.0,Boa Esporte,América-MG,Empate,2,2,sintetica
3862,7.0,Brasil de Pelotas,Náutico,Brasil de Pelotas,2,0,sintetica
3863,7.0,Ceará,Santa Cruz,Santa Cruz,1,3,sintetica
3864,7.0,Criciúma,Oeste,Empate,1,1,sintetica
3865,7.0,Figueirense,Vila Nova,Vila Nova,0,1,sintetica
3866,7.0,Guarani,ABC,Empate,1,1,sintetica
3867,7.0,Internacional,Luverdense,Internacional,1,0,sintetica
3868,7.0,Juventude,Goiás,Juventude,3,0,sintetica
3869,7.0,Londrina,Paysandu,Londrina,2,0,sintetica
3870,7.0,Paraná,CRB,Paraná,4,1,sintetica
3871,8.0,ABC,Paraná,Empate,0,0,sintetica
3872,8.0,Boa Esporte,Goiás,Boa Esporte,2,0,sintetica
3873,8.0,Brasil de Pelotas,Paysandu,Brasil de Pelotas,2,1,sintetica
3874,8.0,Criciúma,CRB,Criciúma,1,0,sintetica
3875,8.0,Figueirense,América-MG,América-MG,1,2,sintetica
3876,8.0,Guarani,Santa Cruz,Guarani,2,0,sintetica
3877,8.0,Juventude,Londrina,Londrina,0,2,sintetica
3878,8.0,Luverdense,Vila Nova,Empate,1,1,sintetica
3879,8.0,Náutico,Ceará,Ceará,0,2,sintetica
3880,8.0,Oeste,Internacional,Empate,0,0,sintetica
3881,9.0,América-MG,Luverdense,América-MG,2,1,sintetica
3882,9.0,CRB,Internacional,CRB,2,0,sintetica
3883,9.0,Ceará,Paysandu,Ceará,2,0,sintetica
3884,9.0,Criciúma,ABC,Criciúma,2,1,sintetica
3885,9.0,Figueirense,Boa Esporte,Boa Esporte,0,2,sintetica
3886,9.0,Goiás,Londrina,Londrina,0,1,sintetica
3887,9.0,Juventude,Brasil de Pelotas,Brasil de Pelotas,1,2,sintetica
3888,9.0,Náutico,Guarani,Náutico,2,0,sintetica
3889,9.0,Paraná,Santa Cruz,Paraná,4,0,sintetica
3890,9.0,Vila Nova,Oeste,Empate,0,0,sintetica
3891,10.0,ABC,Internacional,Internacional,0,3,sintetica
3892,10.0,CRB,Vila Nova,Vila Nova,1,2,sintetica
3893,10.0,Ceará,Juventude,Ceará,2,0,sintetica
3894,10.0,Criciúma,Santa Cruz,Santa Cruz,1,2,sintetica
3895,10.0,Figueirense,Luverdense,Luverdense,2,3,sintetica
3896,10.0,Goiás,Brasil de Pelotas,Empate,1,1,sintetica
3897,10.0,Londrina,Boa Esporte,Empate,2,2,sintetica
3898,10.0,Oeste,América-MG,Empate,0,0,sintetica
3899,10.0,Paraná,Náutico,Paraná,3,0,sintetica
3900,10.0,Paysandu,Guarani,Empate,1,1,sintetica
3901,11.0,ABC,Vila Nova,ABC,1,0,sintetica
3902,11.0,América-MG,CRB,América-MG,1,0,sintetica
3903,11.0,Criciúma,Náutico,Empate,0,0,sintetica
3904,11.0,Goiás,Ceará,Empate,0,0,sintetica
3905,11.0,Internacional,Santa Cruz,Internacional,2,0,sintetica
3906,11.0,Juventude,Guarani,Juventude,2,0,sintetica
3907,11.0,Londrina,Brasil de Pelotas,Londrina,4,1,sintetica
3908,11.0,Luverdense,Boa Esporte,Boa Esporte,0,1,sintetica
3909,11.0,Oeste,Figueirense,Empate,1,1,sintetica
3910,11.0,Paysandu,Paraná,Empate,0,0,sintetica
3911,12.0,ABC,América-MG,América-MG,0,1,sintetica
3912,12.0,Brasil de Pelotas,Boa Esporte,Empate,0,0,sintetica
3913,12.0,Figueirense,CRB,Figueirense,3,1,sintetica
3914,12.0,Guarani,Goiás,Guarani,1,0,sintetica
3915,12.0,Internacional,Náutico,Internacional,4,2,sintetica
3916,12.0,Juventude,Paraná,Juventude,2,1,sintetica
3917,12.0,Londrina,Ceará,Londrina,3,2,sintetica
3918,12.0,Luverdense,Oeste,Empate,0,0,sintetica
3919,12.0,Paysandu,Criciúma,Paysandu,1,0,sintetica
3920,12.0,Santa Cruz,Vila Nova,Santa Cruz,1,0,sintetica
3921,13.0,ABC,Figueirense,Empate,2,2,sintetica
3922,13.0,Boa Esporte,Oeste,Empate,1,1,sintetica
3923,13.0,Brasil de Pelotas,Ceará,Ceará,2,3,sintetica
3924,13.0,Criciúma,Juventude,Juventude,1,2,sintetica
3925,13.0,Goiás,Paraná,Paraná,0,1,sintetica
3926,13.0,Londrina,Guarani,Londrina,1,0,sintetica
3927,13.0,Luverdense,CRB,Empate,1,1,sintetica
3928,13.0,Náutico,Vila Nova,Vila Nova,1,2,sintetica
3929,13.0,Paysandu,Internacional,Paysandu,1,0,sintetica
3930,13.0,Santa Cruz,América-MG,América-MG,0,1,sintetica
3931,14.0,ABC,Luverdense,Luverdense,0,1,sintetica
3932,14.0,Brasil de Pelotas,Guarani,Brasil de Pelotas,1,0,sintetica
3933,14.0,CRB,Oeste,Oeste,0,1,sintetica
3934,14.0,Ceará,Boa Esporte,Empate,0,0,sintetica
3935,14.0,Criciúma,Goiás,Criciúma,1,0,sintetica
3936,14.0,Figueirense,Santa Cruz,Figueirense,2,1,sintetica
3937,14.0,Juventude,Internacional,Juventude,2,1,sintetica
3938,14.0,Náutico,América-MG,Empate,0,0,sintetica
3939,14.0,Paraná,Londrina,Paraná,2,1,sintetica
3940,14.0,Paysandu,Vila Nova,Empate,1,1,sintetica
3941,15.0,América-MG,Paysandu,Paysandu,0,2,sintetica
3942,15.0,Brasil de Pelotas,Paraná,Brasil de Pelotas,2,0,sintetica
3943,15.0,CRB,Boa Esporte,Empate,1,1,sintetica
3944,15.0,Ceará,Guarani,Empate,2,2,sintetica
3945,15.0,Criciúma,Londrina,Criciúma,2,1,sintetica
3946,15.0,Figueirense,Náutico,Figueirense,3,0,sintetica
3947,15.0,Internacional,Goiás,Internacional,3,0,sintetica
3948,15.0,Juventude,Vila Nova,Juventude,1,0,sintetica
3949,15.0,Oeste,ABC,Empate,1,1,sintetica
3950,15.0,Santa Cruz,Luverdense,Empate,0,0,sintetica
3951,16.0,América-MG,Juventude,América-MG,1,0,sintetica
3952,16.0,Brasil de Pelotas,Criciúma,Brasil de Pelotas,3,2,sintetica
3953,16.0,CRB,ABC,CRB,1,0,sintetica
3954,16.0,Ceará,Paraná,Ceará,1,0,sintetica
3955,16.0,Goiás,Vila Nova,Vila Nova,0,2,sintetica
3956,16.0,Guarani,Boa Esporte,Guarani,2,1,sintetica
3957,16.0,Internacional,Londrina,Internacional,3,1,sintetica
3958,16.0,Náutico,Luverdense,Náutico,1,0,sintetica
3959,16.0,Oeste,Santa Cruz,Oeste,2,0,sintetica
3960,16.0,Paysandu,Figueirense,Figueirense,0,1,sintetica
3961,17.0,ABC,Boa Esporte,ABC,1,0,sintetica
3962,17.0,América-MG,Goiás,Empate,1,1,sintetica
3963,17.0,CRB,Santa Cruz,CRB,1,0,sintetica
3964,17.0,Ceará,Criciúma,Ceará,3,1,sintetica
3965,17.0,Figueirense,Juventude,Empate,2,2,sintetica
3966,17.0,Guarani,Paraná,Paraná,0,4,sintetica
3967,17.0,Internacional,Brasil de Pelotas,Internacional,1,0,sintetica
3968,17.0,Luverdense,Paysandu,Empate,1,1,sintetica
3969,17.0,Náutico,Oeste,Empate,1,1,sintetica
3970,17.0,Vila Nova,Londrina,Londrina,0,1,sintetica
3971,18.0,ABC,Santa Cruz,Empate,0,0,sintetica
3972,18.0,América-MG,Londrina,América-MG,3,2,sintetica
3973,18.0,Boa Esporte,Paraná,Boa Esporte,2,1,sintetica
3974,18.0,Brasil de Pelotas,Vila Nova,Brasil de Pelotas,3,0,sintetica
3975,18.0,Ceará,Internacional,Internacional,0,2,sintetica
3976,18.0,Goiás,Figueirense,Figueirense,0,1,sintetica
3977,18.0,Guarani,Criciúma,Empate,0,0,sintetica
3978,18.0,Luverdense,Juventude,Luverdense,1,0,sintetica
3979,18.0,Náutico,CRB,CRB,0,1,sintetica
3980,18.0,Oeste,Paysandu,Paysandu,1,3,sintetica
3981,19.0,América-MG,Brasil de Pelotas,América-MG,3,0,sintetica
3982,19.0,Boa Esporte,Santa Cruz,Boa Esporte,4,2,sintetica
3983,19.0,Figueirense,Londrina,Figueirense,3,1,sintetica
3984,19.0,Goiás,Luverdense,Goiás,3,1,sintetica
3985,19.0,Internacional,Guarani,Internacional,2,0,sintetica
3986,19.0,Náutico,ABC,ABC,1,2,sintetica
3987,19.0,Oeste,Juventude,Oeste,3,0,sintetica
3988,19.0,Paraná,Criciúma,Paraná,2,1,sintetica
3989,19.0,Paysandu,CRB,Empate,0,0,sintetica
3990,19.0,Vila Nova,Ceará,Empate,1,1,sintetica
3991,20.0,ABC,Paysandu,ABC,2,1,sintetica
3992,20.0,América-MG,Ceará,América-MG,1,0,sintetica
3993,20.0,Boa Esporte,Criciúma,Boa Esporte,2,0,sintetica
3994,20.0,Figueirense,Brasil de Pelotas,Figueirense,2,0,sintetica
3995,20.0,Goiás,Oeste,Oeste,0,2,sintetica
3996,20.0,Internacional,Paraná,Empate,0,0,sintetica
3997,20.0,Juventude,CRB,Empate,1,1,sintetica
3998,20.0,Londrina,Luverdense,Londrina,3,1,sintetica
3999,20.0,Náutico,Santa Cruz,Empate,0,0,sintetica
4000,20.0,Vila Nova,Guarani,Vila Nova,3,1,sintetica
4001,21.0,ABC,Juventude,Empate,1,1,sintetica
4002,21.0,América-MG,Guarani,Empate,0,0,sintetica
4003,21.0,Ceará,Figueirense,Empate,2,2,sintetica
4004,21.0,Criciúma,Internacional,Internacional,2,3,sintetica
4005,21.0,Goiás,CRB,Goiás,3,0,sintetica
4006,21.0,Londrina,Oeste,Empate,1,1,sintetica
4007,21.0,Luverdense,Brasil de Pelotas,Luverdense,4,0,sintetica
4008,21.0,Náutico,Boa Esporte,Náutico,2,0,sintetica
4009,21.0,Paysandu,Santa Cruz,Paysandu,4,2,sintetica
4010,21.0,Vila Nova,Paraná,Vila Nova,3,2,sintetica
4011,22.0,Criciúma,Vila Nova,Vila Nova,0,1,sintetica
4012,22.0,Figueirense,Guarani,Figueirense,2,1,sintetica
4013,22.0,Goiás,ABC,ABC,1,2,sintetica
4014,22.0,Internacional,Boa Esporte,Boa Esporte,0,1,sintetica
4015,22.0,Juventude,Santa Cruz,Juventude,2,1,sintetica
4016,22.0,Londrina,CRB,Londrina,4,1,sintetica
4017,22.0,Luverdense,Ceará,Ceará,0,1,sintetica
4018,22.0,Náutico,Paysandu,Paysandu,1,3,sintetica
4019,22.0,Oeste,Brasil de Pelotas,Oeste,1,0,sintetica
4020,22.0,Paraná,América-MG,Empate,1,1,sintetica
4021,23.0,Boa Esporte,Paysandu,Paysandu,1,2,sintetica
4022,23.0,Brasil de Pelotas,CRB,Brasil de Pelotas,2,0,sintetica
4023,23.0,Criciúma,América-MG,América-MG,1,3,sintetica
4024,23.0,Goiás,Santa Cruz,Goiás,2,1,sintetica
4025,23.0,Guarani,Luverdense,Empate,0,0,sintetica
4026,23.0,Internacional,Vila Nova,Empate,1,1,sintetica
4027,23.0,Juventude,Náutico,Empate,0,0,sintetica
4028,23.0,Londrina,ABC,Londrina,3,1,sintetica
4029,23.0,Oeste,Ceará,Ceará,0,1,sintetica
4030,23.0,Paraná,Figueirense,Paraná,1,0,sintetica
4031,24.0,América-MG,Internacional,Empate,1,1,sintetica
4032,24.0,Brasil de Pelotas,ABC,Brasil de Pelotas,3,0,sintetica
4033,24.0,CRB,Ceará,CRB,1,0,sintetica
4034,24.0,Criciúma,Figueirense,Empate,1,1,sintetica
4035,24.0,Juventude,Paysandu,Juventude,1,0,sintetica
4036,24.0,Luverdense,Paraná,Empate,1,1,sintetica
4037,24.0,Náutico,Goiás,Goiás,2,3,sintetica
4038,24.0,Oeste,Guarani,Oeste,3,0,sintetica
4039,24.0,Santa Cruz,Londrina,Londrina,1,3,sintetica
4040,24.0,Vila Nova,Boa Esporte,Vila Nova,1,0,sintetica
4041,25.0,ABC,Ceará,Ceará,0,1,sintetica
4042,25.0,América-MG,Vila Nova,América-MG,1,0,sintetica
4043,25.0,Boa Esporte,Juventude,Juventude,0,2,sintetica
4044,25.0,Goiás,Paysandu,Goiás,2,1,sintetica
4045,25.0,Guarani,CRB,Guarani,2,1,sintetica
4046,25.0,Internacional,Figueirense,Internacional,3,0,sintetica
4047,25.0,Luverdense,Criciúma,Empate,0,0,sintetica
4048,25.0,Náutico,Londrina,Londrina,1,2,sintetica
4049,25.0,Oeste,Paraná,Oeste,2,0,sintetica
4050,25.0,Santa Cruz,Brasil de Pelotas,Santa Cruz,3,0,sintetica
4051,26.0,ABC,Guarani,Guarani,0,1,sintetica
4052,26.0,América-MG,Boa Esporte,América-MG,2,0,sintetica
4053,26.0,CRB,Paraná,Paraná,0,1,sintetica
4054,26.0,Goiás,Juventude,Goiás,1,0,sintetica
4055,26.0,Luverdense,Internacional,Empate,2,2,sintetica
4056,26.0,Náutico,Brasil de Pelotas,Náutico,1,0,sintetica
4057,26.0,Oeste,Criciúma,Oeste,1,0,sintetica
4058,26.0,Paysandu,Londrina,Londrina,1,2,sintetica
4059,26.0,Santa Cruz,Ceará,Empate,0,0,sintetica
4060,26.0,Vila Nova,Figueirense,Empate,1,1,sintetica
4061,27.0,América-MG,Figueirense,América-MG,4,2,sintetica
4062,27.0,CRB,Criciúma,Criciúma,1,2,sintetica
4063,27.0,Ceará,Náutico,Ceará,1,0,sintetica
4064,27.0,Goiás,Boa Esporte,Goiás,4,1,sintetica
4065,27.0,Internacional,Oeste,Internacional,2,0,sintetica
4066,27.0,Londrina,Juventude,Empate,2,2,sintetica
4067,27.0,Paraná,ABC,Paraná,1,0,sintetica
4068,27.0,Paysandu,Brasil de Pelotas,Brasil de Pelotas,2,3,sintetica
4069,27.0,Santa Cruz,Guarani,Santa Cruz,2,1,sintetica
4070,27.0,Vila Nova,Luverdense,Vila Nova,2,1,sintetica
4071,28.0,ABC,Criciúma,ABC,3,1,sintetica
4072,28.0,Boa Esporte,Figueirense,Empate,1,1,sintetica
4073,28.0,Brasil de Pelotas,Juventude,Brasil de Pelotas,1,0,sintetica
4074,28.0,Guarani,Náutico,Guarani,2,1,sintetica
4075,28.0,Internacional,CRB,Empate,0,0,sintetica
4076,28.0,Londrina,Goiás,Londrina,2,0,sintetica
4077,28.0,Luverdense,América-MG,América-MG,0,3,sintetica
4078,28.0,Oeste,Vila Nova,Empate,2,2,sintetica
4079,28.0,Paysandu,Ceará,Ceará,1,2,sintetica
4080,28.0,Santa Cruz,Paraná,Empate,0,0,sintetica
4081,29.0,América-MG,Oeste,Oeste,1,2,sintetica
4082,29.0,Boa Esporte,Londrina,Londrina,0,1,sintetica
4083,29.0,Brasil de Pelotas,Goiás,Brasil de Pelotas,2,1,sintetica
4084,29.0,Guarani,Paysandu,Guarani,2,0,sintetica
4085,29.0,Internacional,ABC,Empate,1,1,sintetica
4086,29.0,Juventude,Ceará,Juventude,1,0,sintetica
4087,29.0,Luverdense,Figueirense,Luverdense,3,0,sintetica
4088,29.0,Náutico,Paraná,Paraná,1,2,sintetica
4089,29.0,Santa Cruz,Criciúma,Criciúma,1,2,sintetica
4090,29.0,Vila Nova,CRB,Vila Nova,3,0,sintetica
4091,30.0,Boa Esporte,Luverdense,Boa Esporte,1,0,sintetica
4092,30.0,Brasil de Pelotas,Londrina,Empate,1,1,sintetica
4093,30.0,CRB,América-MG,CRB,2,1,sintetica
4094,30.0,Ceará,Goiás,Goiás,0,1,sintetica
4095,30.0,Figueirense,Oeste,Empate,0,0,sintetica
4096,30.0,Guarani,Juventude,Guarani,2,0,sintetica
4097,30.0,Náutico,Criciúma,Criciúma,1,2,sintetica
4098,30.0,Paraná,Paysandu,Empate,0,0,sintetica
4099,30.0,Santa Cruz,Internacional,Empate,0,0,sintetica
4100,30.0,Vila Nova,ABC,Vila Nova,2,0,sintetica
4101,31.0,América-MG,ABC,América-MG,2,0,sintetica
4102,31.0,Boa Esporte,Brasil de Pelotas,Boa Esporte,2,1,sintetica
4103,31.0,CRB,Figueirense,CRB,2,1,sintetica
4104,31.0,Ceará,Londrina,Ceará,1,0,sintetica
4105,31.0,Criciúma,Paysandu,Empate,1,1,sintetica
4106,31.0,Goiás,Guarani,Empate,1,1,sintetica
4107,31.0,Náutico,Internacional,Internacional,0,1,sintetica
4108,31.0,Oeste,Luverdense,Empate,0,0,sintetica
4109,31.0,Paraná,Juventude,Paraná,2,0,sintetica
4110,31.0,Vila Nova,Santa Cruz,Empate,1,1,sintetica
4111,32.0,América-MG,Santa Cruz,América-MG,1,0,sintetica
4112,32.0,CRB,Luverdense,Empate,2,2,sintetica
4113,32.0,Ceará,Brasil de Pelotas,Ceará,2,1,sintetica
4114,32.0,Figueirense,ABC,Figueirense,2,0,sintetica
4115,32.0,Guarani,Londrina,Londrina,2,3,sintetica
4116,32.0,Internacional,Paysandu,Internacional,3,2,sintetica
4117,32.0,Juventude,Criciúma,Juventude,1,0,sintetica
4118,32.0,Oeste,Boa Esporte,Oeste,4,1,sintetica
4119,32.0,Paraná,Goiás,Paraná,2,0,sintetica
4120,32.0,Vila Nova,Náutico,Náutico,0,1,sintetica
4121,33.0,América-MG,Náutico,América-MG,1,0,sintetica
4122,33.0,Boa Esporte,Ceará,Boa Esporte,4,1,sintetica
4123,33.0,Goiás,Criciúma,Empate,1,1,sintetica
4124,33.0,Guarani,Brasil de Pelotas,Guarani,2,0,sintetica
4125,33.0,Internacional,Juventude,Empate,1,1,sintetica
4126,33.0,Londrina,Paraná,Empate,1,1,sintetica
4127,33.0,Luverdense,ABC,Luverdense,1,0,sintetica
4128,33.0,Oeste,CRB,Oeste,2,0,sintetica
4129,33.0,Santa Cruz,Figueirense,Empate,1,1,sintetica
4130,33.0,Vila Nova,Paysandu,Paysandu,1,2,sintetica
4131,34.0,ABC,Oeste,ABC,2,0,sintetica
4132,34.0,Boa Esporte,CRB,Empate,0,0,sintetica
4133,34.0,Goiás,Internacional,Internacional,0,2,sintetica
4134,34.0,Guarani,Ceará,Empate,2,2,sintetica
4135,34.0,Londrina,Criciúma,Criciúma,0,1,sintetica
4136,34.0,Luverdense,Santa Cruz,Empate,2,2,sintetica
4137,34.0,Náutico,Figueirense,Náutico,2,0,sintetica
4138,34.0,Paraná,Brasil de Pelotas,Paraná,4,1,sintetica
4139,34.0,Paysandu,América-MG,América-MG,0,1,sintetica
4140,34.0,Vila Nova,Juventude,Empate,0,0,sintetica
4141,35.0,ABC,CRB,CRB,1,3,sintetica
4142,35.0,Boa Esporte,Guarani,Empate,2,2,sintetica
4143,35.0,Criciúma,Brasil de Pelotas,Brasil de Pelotas,1,2,sintetica
4144,35.0,Figueirense,Paysandu,Figueirense,1,0,sintetica
4145,35.0,Juventude,América-MG,América-MG,0,1,sintetica
4146,35.0,Londrina,Internacional,Internacional,0,3,sintetica
4147,35.0,Luverdense,Náutico,Luverdense,3,0,sintetica
4148,35.0,Paraná,Ceará,Paraná,1,0,sintetica
4149,35.0,Santa Cruz,Oeste,Empate,2,2,sintetica
4150,35.0,Vila Nova,Goiás,Empate,0,0,sintetica
4151,36.0,Boa Esporte,ABC,Boa Esporte,2,1,sintetica
4152,36.0,Brasil de Pelotas,Internacional,Internacional,0,1,sintetica
4153,36.0,Criciúma,Ceará,Empate,1,1,sintetica
4154,36.0,Goiás,América-MG,Empate,1,1,sintetica
4155,36.0,Juventude,Figueirense,Empate,0,0,sintetica
4156,36.0,Londrina,Vila Nova,Vila Nova,0,1,sintetica
4157,36.0,Oeste,Náutico,Oeste,1,0,sintetica
4158,36.0,Paraná,Guarani,Guarani,0,1,sintetica
4159,36.0,Paysandu,Luverdense,Empate,1,1,sintetica
4160,36.0,Santa Cruz,CRB,CRB,1,2,sintetica
4161,37.0,CRB,Náutico,Empate,2,2,sintetica
4162,37.0,Criciúma,Guarani,Criciúma,3,2,sintetica
4163,37.0,Figueirense,Goiás,Empate,1,1,sintetica
4164,37.0,Internacional,Ceará,Ceará,0,1,sintetica
4165,37.0,Juventude,Luverdense,Juventude,2,1,sintetica
4166,37.0,Londrina,América-MG,Empate,0,0,sintetica
4167,37.0,Paraná,Boa Esporte,Empate,1,1,sintetica
4168,37.0,Paysandu,Oeste,Paysandu,2,0,sintetica
4169,37.0,Santa Cruz,ABC,Santa Cruz,2,1,sintetica
4170,37.0,Vila Nova,Brasil de Pelotas,Empate,1,1,sintetica
4171,38.0,ABC,Náutico,Náutico,0,1,sintetica
4172,38.0,Brasil de Pelotas,América-MG,Empate,0,0,sintetica
4173,38.0,CRB,Paysandu,CRB,2,1,sintetica
4174,38.0,Ceará,Vila Nova,Ceará,2,0,sintetica
4175,38.0,Criciúma,Paraná,Criciúma,2,1,sintetica
4176,38.0,Guarani,Internacional,Internacional,0,2,sintetica
4177,38.0,Juventude,Oeste,Empate,0,0,sintetica
4178,38.0,Londrina,Figueirense,Londrina,1,0,sintetica
4179,38.0,Luverdense,Goiás,Goiás,1,2,sintetica
4180,38.0,Santa Cruz,Boa Esporte,Empate,1,1,sintetica
4181,1.0,Atlético-GO,Oeste,Empate,2,2,sintetica
4182,1.0,Avaí,Criciúma,Criciúma,0,1,sintetica
4183,1.0,Brasil de Pelotas,Goiás,Brasil de Pelotas,1,0,sintetica
4184,1.0,CRB,São Bento,CRB,1,0,sintetica
4185,1.0,Figueirense,Guarani,Empate,0,0,sintetica
4186,1.0,Juventude,CSA,CSA,0,4,sintetica
4187,1.0,Londrina,Coritiba,Londrina,3,2,sintetica
4188,1.0,Paysandu,Fortaleza,Fortaleza,0,1,sintetica
4189,1.0,Ponte Preta,Vila Nova,Empate,1,1,sintetica
4190,1.0,Sampaio Corrêa,Boa Esporte,Sampaio Corrêa,1,0,sintetica
4191,2.0,Atlético-GO,Sampaio Corrêa,Sampaio Corrêa,1,2,sintetica
4192,2.0,Boa Esporte,CRB,CRB,0,1,sintetica
4193,2.0,Brasil de Pelotas,Guarani,Empate,1,1,sintetica
4194,2.0,CSA,Avaí,Avaí,0,1,sintetica
4195,2.0,Figueirense,Criciúma,Figueirense,3,2,sintetica
4196,2.0,Fortaleza,Oeste,Oeste,1,2,sintetica
4197,2.0,Goiás,Vila Nova,Vila Nova,1,3,sintetica
4198,2.0,Juventude,São Bento,São Bento,0,2,sintetica
4199,2.0,Paysandu,Coritiba,Empate,1,1,sintetica
4200,2.0,Ponte Preta,Londrina,Londrina,0,1,sintetica
4201,3.0,Atlético-GO,Boa Esporte,Atlético-GO,2,0,sintetica
4202,3.0,Coritiba,Oeste,Oeste,0,2,sintetica
4203,3.0,Criciúma,Brasil de Pelotas,Brasil de Pelotas,0,1,sintetica
4204,3.0,Figueirense,CSA,CSA,1,2,sintetica
4205,3.0,Guarani,Vila Nova,Empate,1,1,sintetica
4206,3.0,Juventude,CRB,Juventude,1,0,sintetica
4207,3.0,Londrina,Goiás,Goiás,1,3,sintetica
4208,3.0,Ponte Preta,Paysandu,Paysandu,0,1,sintetica
4209,3.0,Sampaio Corrêa,Fortaleza,Sampaio Corrêa,1,0,sintetica
4210,3.0,São Bento,Avaí,Avaí,0,1,sintetica
4211,4.0,Atlético-GO,Fortaleza,Fortaleza,1,2,sintetica
4212,4.0,Avaí,CRB,Avaí,1,0,sintetica
4213,4.0,Boa Esporte,Juventude,Juventude,1,2,sintetica
4214,4.0,Brasil de Pelotas,CSA,CSA,0,2,sintetica
4215,4.0,Criciúma,Vila Nova,Criciúma,1,0,sintetica
4216,4.0,Figueirense,São Bento,Empate,2,2,sintetica
4217,4.0,Guarani,Londrina,Guarani,1,0,sintetica
4218,4.0,Oeste,Ponte Preta,Empate,0,0,sintetica
4219,4.0,Paysandu,Goiás,Goiás,2,3,sintetica
4220,4.0,Sampaio Corrêa,Coritiba,Sampaio Corrêa,2,0,sintetica
4221,5.0,CRB,Figueirense,CRB,2,1,sintetica
4222,5.0,CSA,Vila Nova,Vila Nova,1,2,sintetica
4223,5.0,Coritiba,Atlético-GO,Coritiba,1,0,sintetica
4224,5.0,Criciúma,Londrina,Criciúma,2,1,sintetica
4225,5.0,Fortaleza,Boa Esporte,Fortaleza,2,1,sintetica
4226,5.0,Guarani,Paysandu,Paysandu,0,2,sintetica
4227,5.0,Juventude,Avaí,Avaí,1,3,sintetica
4228,5.0,Oeste,Goiás,Goiás,1,3,sintetica
4229,5.0,Sampaio Corrêa,Ponte Preta,Sampaio Corrêa,1,0,sintetica
4230,5.0,São Bento,Brasil de Pelotas,Empate,1,1,sintetica
4231,6.0,Atlético-GO,Ponte Preta,Atlético-GO,2,0,sintetica
4232,6.0,Boa Esporte,Avaí,Avaí,0,2,sintetica
4233,6.0,CRB,Brasil de Pelotas,Empate,1,1,sintetica
4234,6.0,Coritiba,Fortaleza,Coritiba,1,0,sintetica
4235,6.0,Goiás,Sampaio Corrêa,Goiás,1,0,sintetica
4236,6.0,Guarani,Oeste,Empate,1,1,sintetica
4237,6.0,Juventude,Figueirense,Empate,0,0,sintetica
4238,6.0,Londrina,CSA,CSA,1,2,sintetica
4239,6.0,Paysandu,Criciúma,Empate,1,1,sintetica
4240,6.0,São Bento,Vila Nova,Empate,2,2,sintetica
4241,7.0,Avaí,Figueirense,Figueirense,0,1,sintetica
4242,7.0,Boa Esporte,Coritiba,Empate,1,1,sintetica
4243,7.0,Brasil de Pelotas,Juventude,Empate,1,1,sintetica
4244,7.0,CSA,Paysandu,CSA,1,0,sintetica
4245,7.0,Goiás,Atlético-GO,Goiás,2,1,sintetica
4246,7.0,Guarani,Sampaio Corrêa,Guarani,2,0,sintetica
4247,7.0,Londrina,São Bento,Londrina,2,1,sintetica
4248,7.0,Oeste,Criciúma,Empate,2,2,sintetica
4249,7.0,Ponte Preta,Fortaleza,Ponte Preta,2,0,sintetica
4250,7.0,Vila Nova,CRB,Empate,0,0,sintetica
4251,8.0,Avaí,Brasil de Pelotas,Empate,2,2,sintetica
4252,8.0,CRB,Londrina,Empate,1,1,sintetica
4253,8.0,CSA,Oeste,CSA,5,1,sintetica
4254,8.0,Coritiba,Ponte Preta,Empate,0,0,sintetica
4255,8.0,Criciúma,Sampaio Corrêa,Criciúma,2,0,sintetica
4256,8.0,Figueirense,Boa Esporte,Figueirense,2,0,sintetica
4257,8.0,Goiás,Fortaleza,Goiás,3,1,sintetica
4258,8.0,Guarani,Atlético-GO,Guarani,2,0,sintetica
4259,8.0,Juventude,Vila Nova,Vila Nova,0,1,sintetica
4260,8.0,São Bento,Paysandu,São Bento,1,0,sintetica
4261,9.0,Avaí,Vila Nova,Avaí,1,0,sintetica
4262,9.0,Boa Esporte,Ponte Preta,Boa Esporte,2,1,sintetica
4263,9.0,CSA,Sampaio Corrêa,CSA,1,0,sintetica
4264,9.0,Criciúma,Atlético-GO,Empate,1,1,sintetica
4265,9.0,Figueirense,Brasil de Pelotas,Empate,1,1,sintetica
4266,9.0,Goiás,Coritiba,Coritiba,0,1,sintetica
4267,9.0,Guarani,Fortaleza,Fortaleza,2,3,sintetica
4268,9.0,Londrina,Juventude,Juventude,0,1,sintetica
4269,9.0,Paysandu,CRB,Empate,1,1,sintetica
4270,9.0,São Bento,Oeste,São Bento,1,0,sintetica
4271,10.0,Avaí,Londrina,Empate,1,1,sintetica
4272,10.0,Boa Esporte,Brasil de Pelotas,Brasil de Pelotas,0,1,sintetica
4273,10.0,CRB,Oeste,Oeste,0,1,sintetica
4274,10.0,CSA,Atlético-GO,Empate,0,0,sintetica
4275,10.0,Coritiba,Guarani,Guarani,0,2,sintetica
4276,10.0,Criciúma,Fortaleza,Criciúma,2,0,sintetica
4277,10.0,Figueirense,Vila Nova,Figueirense,2,1,sintetica
4278,10.0,Goiás,Ponte Preta,Empate,2,2,sintetica
4279,10.0,Paysandu,Juventude,Empate,3,3,sintetica
4280,10.0,São Bento,Sampaio Corrêa,São Bento,2,1,sintetica
4281,11.0,Atlético-GO,São Bento,Atlético-GO,1,0,sintetica
4282,11.0,Boa Esporte,Goiás,Boa Esporte,1,0,sintetica
4283,11.0,CSA,Fortaleza,Empate,0,0,sintetica
4284,11.0,Criciúma,Coritiba,Empate,2,2,sintetica
4285,11.0,Figueirense,Londrina,Empate,1,1,sintetica
4286,11.0,Oeste,Juventude,Empate,0,0,sintetica
4287,11.0,Paysandu,Avaí,Paysandu,2,1,sintetica
4288,11.0,Ponte Preta,Guarani,Empate,0,0,sintetica
4289,11.0,Sampaio Corrêa,CRB,CRB,2,3,sintetica
4290,11.0,Vila Nova,Brasil de Pelotas,Empate,0,0,sintetica
4291,12.0,Boa Esporte,Vila Nova,Vila Nova,0,2,sintetica
4292,12.0,Brasil de Pelotas,Londrina,Brasil de Pelotas,3,0,sintetica
4293,12.0,CRB,Atlético-GO,CRB,3,1,sintetica
4294,12.0,CSA,Coritiba,Empate,2,2,sintetica
4295,12.0,Fortaleza,São Bento,Fortaleza,2,1,sintetica
4296,12.0,Goiás,Guarani,Empate,1,1,sintetica
4297,12.0,Juventude,Sampaio Corrêa,Juventude,1,0,sintetica
4298,12.0,Oeste,Avaí,Oeste,1,0,sintetica
4299,12.0,Paysandu,Figueirense,Paysandu,2,0,sintetica
4300,12.0,Ponte Preta,Criciúma,Ponte Preta,3,1,sintetica
4301,13.0,Atlético-GO,Juventude,Juventude,0,1,sintetica
4302,13.0,Avaí,Sampaio Corrêa,Avaí,3,1,sintetica
4303,13.0,CRB,Fortaleza,CRB,2,1,sintetica
4304,13.0,CSA,Ponte Preta,Ponte Preta,1,2,sintetica
4305,13.0,Goiás,Criciúma,Goiás,2,1,sintetica
4306,13.0,Guarani,Boa Esporte,Empate,1,1,sintetica
4307,13.0,Londrina,Vila Nova,Londrina,3,2,sintetica
4308,13.0,Oeste,Figueirense,Empate,0,0,sintetica
4309,13.0,Paysandu,Brasil de Pelotas,Paysandu,2,1,sintetica
4310,13.0,São Bento,Coritiba,São Bento,5,2,sintetica
4311,14.0,Avaí,Atlético-GO,Empate,0,0,sintetica
4312,14.0,Brasil de Pelotas,Oeste,Oeste,1,3,sintetica
4313,14.0,Coritiba,CRB,Coritiba,1,0,sintetica
4314,14.0,Goiás,CSA,Goiás,3,0,sintetica
4315,14.0,Guarani,Criciúma,Guarani,1,0,sintetica
4316,14.0,Juventude,Fortaleza,Fortaleza,0,3,sintetica
4317,14.0,Londrina,Boa Esporte,Londrina,1,0,sintetica
4318,14.0,Sampaio Corrêa,Figueirense,Sampaio Corrêa,1,0,sintetica
4319,14.0,São Bento,Ponte Preta,Ponte Preta,0,2,sintetica
4320,14.0,Vila Nova,Paysandu,Empate,0,0,sintetica
4321,15.0,Atlético-GO,Figueirense,Figueirense,3,4,sintetica
4322,15.0,Avaí,Fortaleza,Fortaleza,0,1,sintetica
4323,15.0,Brasil de Pelotas,Sampaio Corrêa,Sampaio Corrêa,1,2,sintetica
4324,15.0,CSA,Guarani,Guarani,1,2,sintetica
4325,15.0,Coritiba,Juventude,Coritiba,2,1,sintetica
4326,15.0,Criciúma,Boa Esporte,Empate,1,1,sintetica
4327,15.0,Goiás,São Bento,Goiás,2,1,sintetica
4328,15.0,Paysandu,Londrina,Paysandu,1,0,sintetica
4329,15.0,Ponte Preta,CRB,Ponte Preta,1,0,sintetica
4330,15.0,Vila Nova,Oeste,Empate,1,1,sintetica
4331,16.0,Atlético-GO,Brasil de Pelotas,Atlético-GO,2,1,sintetica
4332,16.0,Avaí,Coritiba,Avaí,2,0,sintetica
4333,16.0,Criciúma,CSA,CSA,1,3,sintetica
4334,16.0,Figueirense,Fortaleza,Fortaleza,1,3,sintetica
4335,16.0,Goiás,CRB,Goiás,2,1,sintetica
4336,16.0,Londrina,Oeste,Londrina,3,0,sintetica
4337,16.0,Paysandu,Boa Esporte,Paysandu,2,0,sintetica
4338,16.0,Ponte Preta,Juventude,Juventude,0,1,sintetica
4339,16.0,São Bento,Guarani,São Bento,1,0,sintetica
4340,16.0,Vila Nova,Sampaio Corrêa,Vila Nova,3,1,sintetica
4341,17.0,Atlético-GO,Vila Nova,Empate,2,2,sintetica
4342,17.0,Brasil de Pelotas,Fortaleza,Fortaleza,0,1,sintetica
4343,17.0,CSA,Boa Esporte,CSA,1,0,sintetica
4344,17.0,Figueirense,Coritiba,Empate,2,2,sintetica
4345,17.0,Guarani,CRB,Guarani,2,0,sintetica
4346,17.0,Juventude,Goiás,Goiás,3,5,sintetica
4347,17.0,Londrina,Sampaio Corrêa,Empate,1,1,sintetica
4348,17.0,Paysandu,Oeste,Paysandu,4,3,sintetica
4349,17.0,Ponte Preta,Avaí,Empate,2,2,sintetica
4350,17.0,São Bento,Criciúma,Empate,0,0,sintetica
4351,18.0,Atlético-GO,Londrina,Empate,0,0,sintetica
4352,18.0,Avaí,Goiás,Goiás,0,1,sintetica
4353,18.0,Boa Esporte,Oeste,Empate,0,0,sintetica
4354,18.0,Brasil de Pelotas,Coritiba,Coritiba,0,1,sintetica
4355,18.0,CSA,São Bento,CSA,1,0,sintetica
4356,18.0,Criciúma,CRB,Empate,3,3,sintetica
4357,18.0,Juventude,Guarani,Juventude,1,0,sintetica
4358,18.0,Paysandu,Sampaio Corrêa,Sampaio Corrêa,0,1,sintetica
4359,18.0,Ponte Preta,Figueirense,Ponte Preta,2,1,sintetica
4360,18.0,Vila Nova,Fortaleza,Empate,0,0,sintetica
4361,19.0,Atlético-GO,Paysandu,Atlético-GO,1,0,sintetica
4362,19.0,Boa Esporte,São Bento,Empate,2,2,sintetica
4363,19.0,Brasil de Pelotas,Ponte Preta,Ponte Preta,0,2,sintetica
4364,19.0,CRB,CSA,Empate,0,0,sintetica
4365,19.0,Figueirense,Goiás,Goiás,1,2,sintetica
4366,19.0,Fortaleza,Londrina,Fortaleza,2,1,sintetica
4367,19.0,Guarani,Avaí,Avaí,1,2,sintetica
4368,19.0,Juventude,Criciúma,Criciúma,0,1,sintetica
4369,19.0,Oeste,Sampaio Corrêa,Empate,0,0,sintetica
4370,19.0,Vila Nova,Coritiba,Vila Nova,2,1,sintetica
4371,20.0,Boa Esporte,Sampaio Corrêa,Boa Esporte,3,1,sintetica
4372,20.0,CSA,Juventude,CSA,1,0,sintetica
4373,20.0,Coritiba,Londrina,Londrina,0,1,sintetica
4374,20.0,Criciúma,Avaí,Criciúma,3,2,sintetica
4375,20.0,Fortaleza,Paysandu,Fortaleza,1,0,sintetica
4376,20.0,Goiás,Brasil de Pelotas,Brasil de Pelotas,0,1,sintetica
4377,20.0,Guarani,Figueirense,Figueirense,2,3,sintetica
4378,20.0,Oeste,Atlético-GO,Atlético-GO,1,2,sintetica
4379,20.0,São Bento,CRB,São Bento,1,0,sintetica
4380,20.0,Vila Nova,Ponte Preta,Empate,0,0,sintetica
4381,21.0,Avaí,CSA,Empate,0,0,sintetica
4382,21.0,CRB,Boa Esporte,CRB,2,1,sintetica
4383,21.0,Coritiba,Paysandu,Coritiba,2,0,sintetica
4384,21.0,Criciúma,Figueirense,Empate,1,1,sintetica
4385,21.0,Guarani,Brasil de Pelotas,Guarani,2,1,sintetica
4386,21.0,Londrina,Ponte Preta,Londrina,1,0,sintetica
4387,21.0,Oeste,Fortaleza,Empate,0,0,sintetica
4388,21.0,Sampaio Corrêa,Atlético-GO,Atlético-GO,2,3,sintetica
4389,21.0,São Bento,Juventude,Empate,2,2,sintetica
4390,21.0,Vila Nova,Goiás,Vila Nova,3,0,sintetica
4391,22.0,Avaí,São Bento,Empate,1,1,sintetica
4392,22.0,Boa Esporte,Atlético-GO,Atlético-GO,0,2,sintetica
4393,22.0,Brasil de Pelotas,Criciúma,Brasil de Pelotas,1,0,sintetica
4394,22.0,CRB,Juventude,CRB,2,0,sintetica
4395,22.0,CSA,Figueirense,Figueirense,1,4,sintetica
4396,22.0,Fortaleza,Sampaio Corrêa,Fortaleza,1,0,sintetica
4397,22.0,Goiás,Londrina,Empate,0,0,sintetica
4398,22.0,Oeste,Coritiba,Empate,1,1,sintetica
4399,22.0,Paysandu,Ponte Preta,Ponte Preta,0,4,sintetica
4400,22.0,Vila Nova,Guarani,Empate,1,1,sintetica
4401,23.0,CRB,Avaí,Avaí,0,4,sintetica
4402,23.0,CSA,Brasil de Pelotas,CSA,2,0,sintetica
4403,23.0,Coritiba,Sampaio Corrêa,Empate,0,0,sintetica
4404,23.0,Fortaleza,Atlético-GO,Atlético-GO,0,1,sintetica
4405,23.0,Goiás,Paysandu,Goiás,2,1,sintetica
4406,23.0,Juventude,Boa Esporte,Empate,0,0,sintetica
4407,23.0,Londrina,Guarani,Guarani,1,2,sintetica
4408,23.0,Ponte Preta,Oeste,Empate,1,1,sintetica
4409,23.0,São Bento,Figueirense,Empate,1,1,sintetica
4410,23.0,Vila Nova,Criciúma,Empate,2,2,sintetica
4411,24.0,Atlético-GO,Coritiba,Atlético-GO,1,0,sintetica
4412,24.0,Avaí,Juventude,Avaí,1,0,sintetica
4413,24.0,Boa Esporte,Fortaleza,Fortaleza,0,2,sintetica
4414,24.0,Brasil de Pelotas,São Bento,Empate,1,1,sintetica
4415,24.0,Figueirense,CRB,Empate,0,0,sintetica
4416,24.0,Goiás,Oeste,Goiás,1,0,sintetica
4417,24.0,Londrina,Criciúma,Londrina,4,2,sintetica
4418,24.0,Paysandu,Guarani,Paysandu,1,0,sintetica
4419,24.0,Ponte Preta,Sampaio Corrêa,Empate,0,0,sintetica
4420,24.0,Vila Nova,CSA,CSA,0,1,sintetica
4421,25.0,Avaí,Boa Esporte,Avaí,2,0,sintetica
4422,25.0,Brasil de Pelotas,CRB,Brasil de Pelotas,1,0,sintetica
4423,25.0,CSA,Londrina,CSA,4,1,sintetica
4424,25.0,Criciúma,Paysandu,Criciúma,4,1,sintetica
4425,25.0,Figueirense,Juventude,Figueirense,2,1,sintetica
4426,25.0,Fortaleza,Coritiba,Fortaleza,2,1,sintetica
4427,25.0,Oeste,Guarani,Guarani,0,1,sintetica
4428,25.0,Ponte Preta,Atlético-GO,Atlético-GO,1,3,sintetica
4429,25.0,Sampaio Corrêa,Goiás,Goiás,1,3,sintetica
4430,25.0,Vila Nova,São Bento,Vila Nova,1,0,sintetica
4431,26.0,Atlético-GO,Goiás,Goiás,1,3,sintetica
4432,26.0,CRB,Vila Nova,Vila Nova,0,1,sintetica
4433,26.0,Coritiba,Boa Esporte,Coritiba,2,1,sintetica
4434,26.0,Criciúma,Oeste,Empate,0,0,sintetica
4435,26.0,Figueirense,Avaí,Avaí,0,1,sintetica
4436,26.0,Fortaleza,Ponte Preta,Empate,1,1,sintetica
4437,26.0,Juventude,Brasil de Pelotas,Brasil de Pelotas,0,1,sintetica
4438,26.0,Paysandu,CSA,Empate,0,0,sintetica
4439,26.0,Sampaio Corrêa,Guarani,Guarani,0,2,sintetica
4440,26.0,São Bento,Londrina,Londrina,0,1,sintetica
4441,27.0,Atlético-GO,Guarani,Atlético-GO,3,2,sintetica
4442,27.0,Boa Esporte,Figueirense,Figueirense,0,2,sintetica
4443,27.0,Brasil de Pelotas,Avaí,Empate,1,1,sintetica
4444,27.0,Fortaleza,Goiás,Fortaleza,3,0,sintetica
4445,27.0,Londrina,CRB,CRB,1,2,sintetica
4446,27.0,Oeste,CSA,Oeste,2,1,sintetica
4447,27.0,Paysandu,São Bento,Empate,1,1,sintetica
4448,27.0,Ponte Preta,Coritiba,Ponte Preta,2,0,sintetica
4449,27.0,Sampaio Corrêa,Criciúma,Criciúma,0,1,sintetica
4450,27.0,Vila Nova,Juventude,Vila Nova,1,0,sintetica
4451,28.0,Atlético-GO,Criciúma,Atlético-GO,3,2,sintetica
4452,28.0,Brasil de Pelotas,Figueirense,Brasil de Pelotas,1,0,sintetica
4453,28.0,CRB,Paysandu,Empate,1,1,sintetica
4454,28.0,Coritiba,Goiás,Coritiba,1,0,sintetica
4455,28.0,Fortaleza,Guarani,Fortaleza,2,1,sintetica
4456,28.0,Juventude,Londrina,Empate,0,0,sintetica
4457,28.0,Oeste,São Bento,São Bento,0,1,sintetica
4458,28.0,Ponte Preta,Boa Esporte,Ponte Preta,1,0,sintetica
4459,28.0,Sampaio Corrêa,CSA,CSA,2,3,sintetica
4460,28.0,Vila Nova,Avaí,Vila Nova,1,0,sintetica
4461,29.0,Atlético-GO,CSA,Empate,2,2,sintetica
4462,29.0,Brasil de Pelotas,Boa Esporte,Brasil de Pelotas,2,0,sintetica
4463,29.0,Fortaleza,Criciúma,Fortaleza,2,0,sintetica
4464,29.0,Guarani,Coritiba,Guarani,2,1,sintetica
4465,29.0,Juventude,Paysandu,Empate,1,1,sintetica
4466,29.0,Londrina,Avaí,Avaí,1,2,sintetica
4467,29.0,Oeste,CRB,Oeste,2,0,sintetica
4468,29.0,Ponte Preta,Goiás,Ponte Preta,2,1,sintetica
4469,29.0,Sampaio Corrêa,São Bento,Sampaio Corrêa,2,1,sintetica
4470,29.0,Vila Nova,Figueirense,Vila Nova,3,1,sintetica
4471,30.0,Avaí,Paysandu,Avaí,3,1,sintetica
4472,30.0,Brasil de Pelotas,Vila Nova,Brasil de Pelotas,5,0,sintetica
4473,30.0,CRB,Sampaio Corrêa,CRB,2,1,sintetica
4474,30.0,Coritiba,Criciúma,Coritiba,2,1,sintetica
4475,30.0,Fortaleza,CSA,Empate,1,1,sintetica
4476,30.0,Goiás,Boa Esporte,Boa Esporte,1,2,sintetica
4477,30.0,Guarani,Ponte Preta,Ponte Preta,2,3,sintetica
4478,30.0,Juventude,Oeste,Empate,1,1,sintetica
4479,30.0,Londrina,Figueirense,Londrina,2,0,sintetica
4480,30.0,São Bento,Atlético-GO,São Bento,2,1,sintetica
4481,31.0,Atlético-GO,CRB,Atlético-GO,1,0,sintetica
4482,31.0,Avaí,Oeste,Empate,1,1,sintetica
4483,31.0,Coritiba,CSA,Empate,1,1,sintetica
4484,31.0,Criciúma,Ponte Preta,Ponte Preta,0,1,sintetica
4485,31.0,Figueirense,Paysandu,Paysandu,2,3,sintetica
4486,31.0,Guarani,Goiás,Goiás,0,2,sintetica
4487,31.0,Londrina,Brasil de Pelotas,Londrina,1,0,sintetica
4488,31.0,Sampaio Corrêa,Juventude,Empate,0,0,sintetica
4489,31.0,São Bento,Fortaleza,São Bento,2,1,sintetica
4490,31.0,Vila Nova,Boa Esporte,Vila Nova,2,0,sintetica
4491,32.0,Boa Esporte,Guarani,Boa Esporte,2,1,sintetica
4492,32.0,Brasil de Pelotas,Paysandu,Empate,0,0,sintetica
4493,32.0,Coritiba,São Bento,Empate,2,2,sintetica
4494,32.0,Criciúma,Goiás,Empate,2,2,sintetica
4495,32.0,Figueirense,Oeste,Oeste,1,2,sintetica
4496,32.0,Fortaleza,CRB,Fortaleza,3,1,sintetica
4497,32.0,Juventude,Atlético-GO,Empate,2,2,sintetica
4498,32.0,Ponte Preta,CSA,Empate,1,1,sintetica
4499,32.0,Sampaio Corrêa,Avaí,Empate,1,1,sintetica
4500,32.0,Vila Nova,Londrina,Empate,1,1,sintetica
4501,33.0,Atlético-GO,Avaí,Empate,2,2,sintetica
4502,33.0,Boa Esporte,Londrina,Boa Esporte,1,0,sintetica
4503,33.0,CRB,Coritiba,Empate,1,1,sintetica
4504,33.0,CSA,Goiás,CSA,2,1,sintetica
4505,33.0,Criciúma,Guarani,Empate,0,0,sintetica
4506,33.0,Figueirense,Sampaio Corrêa,Figueirense,1,0,sintetica
4507,33.0,Fortaleza,Juventude,Fortaleza,4,1,sintetica
4508,33.0,Oeste,Brasil de Pelotas,Empate,0,0,sintetica
4509,33.0,Paysandu,Vila Nova,Vila Nova,1,2,sintetica
4510,33.0,Ponte Preta,São Bento,Ponte Preta,2,1,sintetica
4511,34.0,Boa Esporte,Criciúma,Criciúma,1,2,sintetica
4512,34.0,CRB,Ponte Preta,CRB,2,0,sintetica
4513,34.0,Figueirense,Atlético-GO,Empate,2,2,sintetica
4514,34.0,Fortaleza,Avaí,Empate,1,1,sintetica
4515,34.0,Guarani,CSA,Guarani,1,0,sintetica
4516,34.0,Juventude,Coritiba,Empate,1,1,sintetica
4517,34.0,Londrina,Paysandu,Londrina,2,1,sintetica
4518,34.0,Oeste,Vila Nova,Oeste,2,0,sintetica
4519,34.0,Sampaio Corrêa,Brasil de Pelotas,Brasil de Pelotas,1,2,sintetica
4520,34.0,São Bento,Goiás,Empate,1,1,sintetica
4521,35.0,Boa Esporte,Paysandu,Empate,1,1,sintetica
4522,35.0,Brasil de Pelotas,Atlético-GO,Atlético-GO,1,2,sintetica
4523,35.0,CRB,Goiás,CRB,2,0,sintetica
4524,35.0,CSA,Criciúma,CSA,3,0,sintetica
4525,35.0,Coritiba,Avaí,Coritiba,1,0,sintetica
4526,35.0,Fortaleza,Figueirense,Empate,2,2,sintetica
4527,35.0,Guarani,São Bento,Empate,0,0,sintetica
4528,35.0,Juventude,Ponte Preta,Ponte Preta,0,1,sintetica
4529,35.0,Oeste,Londrina,Empate,0,0,sintetica
4530,35.0,Sampaio Corrêa,Vila Nova,Empate,0,0,sintetica
4531,36.0,Avaí,Ponte Preta,Empate,0,0,sintetica
4532,36.0,Boa Esporte,CSA,Boa Esporte,2,0,sintetica
4533,36.0,CRB,Guarani,Empate,1,1,sintetica
4534,36.0,Coritiba,Figueirense,Empate,1,1,sintetica
4535,36.0,Criciúma,São Bento,Criciúma,1,0,sintetica
4536,36.0,Fortaleza,Brasil de Pelotas,Fortaleza,2,0,sintetica
4537,36.0,Goiás,Juventude,Empate,1,1,sintetica
4538,36.0,Oeste,Paysandu,Empate,2,2,sintetica
4539,36.0,Sampaio Corrêa,Londrina,Londrina,1,2,sintetica
4540,36.0,Vila Nova,Atlético-GO,Empate,0,0,sintetica
4541,37.0,CRB,Criciúma,Empate,0,0,sintetica
4542,37.0,Coritiba,Brasil de Pelotas,Coritiba,1,0,sintetica
4543,37.0,Figueirense,Ponte Preta,Ponte Preta,0,2,sintetica
4544,37.0,Fortaleza,Vila Nova,Fortaleza,2,0,sintetica
4545,37.0,Goiás,Avaí,Avaí,0,3,sintetica
4546,37.0,Guarani,Juventude,Guarani,1,0,sintetica
4547,37.0,Londrina,Atlético-GO,Londrina,4,1,sintetica
4548,37.0,Oeste,Boa Esporte,Empate,1,1,sintetica
4549,37.0,Sampaio Corrêa,Paysandu,Empate,1,1,sintetica
4550,37.0,São Bento,CSA,São Bento,2,1,sintetica
4551,38.0,Avaí,Guarani,Empate,3,3,sintetica
4552,38.0,CSA,CRB,Empate,0,0,sintetica
4553,38.0,Coritiba,Vila Nova,Coritiba,2,0,sintetica
4554,38.0,Criciúma,Juventude,Empate,0,0,sintetica
4555,38.0,Goiás,Figueirense,Figueirense,0,2,sintetica
4556,38.0,Londrina,Fortaleza,Empate,1,1,sintetica
4557,38.0,Paysandu,Atlético-GO,Atlético-GO,2,5,sintetica
4558,38.0,Ponte Preta,Brasil de Pelotas,Brasil de Pelotas,0,1,sintetica
4559,38.0,Sampaio Corrêa,Oeste,Sampaio Corrêa,2,0,sintetica
4560,38.0,São Bento,Boa Esporte,Empate,0,0,sintetica
4561,1.0,Atlético-GO,Guarani,Atlético-GO,1,0,sintetica
4562,1.0,Botafogo-SP,Brasil de Pelotas,Brasil de Pelotas,2,3,sintetica
4563,1.0,Bragantino,Cuiabá,Empate,2,2,sintetica
4564,1.0,Criciúma,Londrina,Criciúma,2,0,sintetica
4565,1.0,Oeste,Figueirense,Empate,0,0,sintetica
4566,1.0,Operário Ferroviário,Vila Nova,Operário Ferroviário,1,0,sintetica
4567,1.0,Paraná,Coritiba,Paraná,2,0,sintetica
4568,1.0,Ponte Preta,América-MG,América-MG,0,1,sintetica
4569,1.0,Sport,Vitória,Sport,3,1,sintetica
4570,1.0,São Bento,CRB,CRB,1,2,sintetica
4571,2.0,Atlético-GO,Paraná,Atlético-GO,1,0,sintetica
4572,2.0,Bragantino,Operário Ferroviário,Bragantino,4,0,sintetica
4573,2.0,Criciúma,Botafogo-SP,Criciúma,2,0,sintetica
4574,2.0,Cuiabá,Sport,Empate,1,1,sintetica
4575,2.0,Figueirense,Vitória,Empate,1,1,sintetica
4576,2.0,Londrina,CRB,CRB,0,1,sintetica
4577,2.0,Oeste,Coritiba,Coritiba,0,2,sintetica
4578,2.0,Ponte Preta,Brasil de Pelotas,Ponte Preta,4,0,sintetica
4579,2.0,São Bento,Guarani,Empate,1,1,sintetica
4580,2.0,Vila Nova,América-MG,Empate,1,1,sintetica
4581,3.0,América-MG,Bragantino,América-MG,2,0,sintetica
4582,3.0,Botafogo-SP,Ponte Preta,Botafogo-SP,4,1,sintetica
4583,3.0,Brasil de Pelotas,Vila Nova,Vila Nova,0,2,sintetica
4584,3.0,CRB,Criciúma,CRB,2,0,sintetica
4585,3.0,Figueirense,Cuiabá,Empate,0,0,sintetica
4586,3.0,Londrina,Guarani,Londrina,2,0,sintetica
4587,3.0,Oeste,Atlético-GO,Atlético-GO,0,4,sintetica
4588,3.0,Paraná,São Bento,Paraná,2,1,sintetica
4589,3.0,Sport,Operário Ferroviário,Sport,3,1,sintetica
4590,3.0,Vitória,Coritiba,Coritiba,1,2,sintetica
4591,4.0,América-MG,Sport,Sport,1,2,sintetica
4592,4.0,Atlético-GO,Vitória,Empate,1,1,sintetica
4593,4.0,Botafogo-SP,CRB,CRB,0,2,sintetica
4594,4.0,Brasil de Pelotas,Bragantino,Bragantino,0,1,sintetica
4595,4.0,Coritiba,Cuiabá,Coritiba,2,1,sintetica
4596,4.0,Guarani,Criciúma,Guarani,1,0,sintetica
4597,4.0,Oeste,São Bento,Oeste,2,1,sintetica
4598,4.0,Operário Ferroviário,Figueirense,Operário Ferroviário,1,0,sintetica
4599,4.0,Paraná,Londrina,Paraná,1,0,sintetica
4600,4.0,Ponte Preta,Vila Nova,Vila Nova,0,1,sintetica
4601,5.0,América-MG,Figueirense,Figueirense,0,4,sintetica
4602,5.0,Botafogo-SP,Vila Nova,Vila Nova,0,1,sintetica
4603,5.0,Brasil de Pelotas,Sport,Empate,0,0,sintetica
4604,5.0,CRB,Guarani,CRB,2,1,sintetica
4605,5.0,Coritiba,Operário Ferroviário,Empate,0,0,sintetica
4606,5.0,Cuiabá,Atlético-GO,Atlético-GO,0,1,sintetica
4607,5.0,Oeste,Londrina,Oeste,1,0,sintetica
4608,5.0,Paraná,Criciúma,Empate,0,0,sintetica
4609,5.0,Ponte Preta,Bragantino,Empate,1,1,sintetica
4610,5.0,São Bento,Vitória,São Bento,2,0,sintetica
4611,6.0,Atlético-GO,Operário Ferroviário,Atlético-GO,4,2,sintetica
4612,6.0,Bragantino,Vila Nova,Bragantino,3,1,sintetica
4613,6.0,Coritiba,América-MG,Coritiba,2,1,sintetica
4614,6.0,Cuiabá,São Bento,Cuiabá,3,2,sintetica
4615,6.0,Figueirense,Brasil de Pelotas,Figueirense,1,0,sintetica
4616,6.0,Guarani,Botafogo-SP,Botafogo-SP,0,2,sintetica
4617,6.0,Oeste,Criciúma,Criciúma,1,2,sintetica
4618,6.0,Paraná,CRB,Paraná,1,0,sintetica
4619,6.0,Sport,Ponte Preta,Sport,2,1,sintetica
4620,6.0,Vitória,Londrina,Londrina,0,1,sintetica
4621,7.0,América-MG,Atlético-GO,Atlético-GO,0,1,sintetica
4622,7.0,Botafogo-SP,Bragantino,Bragantino,2,3,sintetica
4623,7.0,CRB,Oeste,Empate,2,2,sintetica
4624,7.0,Coritiba,Brasil de Pelotas,Coritiba,2,0,sintetica
4625,7.0,Guarani,Paraná,Guarani,1,0,sintetica
4626,7.0,Londrina,Cuiabá,Londrina,1,0,sintetica
4627,7.0,Ponte Preta,Figueirense,Figueirense,1,3,sintetica
4628,7.0,São Bento,Operário Ferroviário,Empate,1,1,sintetica
4629,7.0,Vila Nova,Sport,Sport,0,2,sintetica
4630,7.0,Vitória,Criciúma,Vitória,2,0,sintetica
4631,8.0,Atlético-GO,Brasil de Pelotas,Empate,0,0,sintetica
4632,8.0,Botafogo-SP,Paraná,Paraná,0,1,sintetica
4633,8.0,CRB,Vitória,Vitória,0,1,sintetica
4634,8.0,Coritiba,Ponte Preta,Coritiba,2,0,sintetica
4635,8.0,Cuiabá,Criciúma,Empate,0,0,sintetica
4636,8.0,Figueirense,Vila Nova,Empate,0,0,sintetica
4637,8.0,Guarani,Oeste,Oeste,2,3,sintetica
4638,8.0,Operário Ferroviário,Londrina,Operário Ferroviário,2,0,sintetica
4639,8.0,Sport,Bragantino,Sport,2,1,sintetica
4640,8.0,São Bento,América-MG,América-MG,0,2,sintetica
4641,9.0,Bragantino,Figueirense,Bragantino,2,0,sintetica
4642,9.0,Coritiba,Vila Nova,Coritiba,2,0,sintetica
4643,9.0,Criciúma,Operário Ferroviário,Operário Ferroviário,1,2,sintetica
4644,9.0,Cuiabá,CRB,Cuiabá,5,1,sintetica
4645,9.0,Guarani,Vitória,Guarani,3,2,sintetica
4646,9.0,Londrina,América-MG,América-MG,0,1,sintetica
4647,9.0,Oeste,Paraná,Empate,1,1,sintetica
4648,9.0,Ponte Preta,Atlético-GO,Empate,0,0,sintetica
4649,9.0,Sport,Botafogo-SP,Sport,3,0,sintetica
4650,9.0,São Bento,Brasil de Pelotas,São Bento,3,1,sintetica
4651,10.0,América-MG,Criciúma,América-MG,2,1,sintetica
4652,10.0,Botafogo-SP,Oeste,Botafogo-SP,3,2,sintetica
4653,10.0,Brasil de Pelotas,Londrina,Brasil de Pelotas,1,0,sintetica
4654,10.0,Coritiba,Bragantino,Coritiba,1,0,sintetica
4655,10.0,Cuiabá,Guarani,Cuiabá,2,1,sintetica
4656,10.0,Figueirense,Sport,Sport,1,2,sintetica
4657,10.0,Operário Ferroviário,CRB,Operário Ferroviário,2,1,sintetica
4658,10.0,Ponte Preta,São Bento,Empate,1,1,sintetica
4659,10.0,Vila Nova,Atlético-GO,Empate,1,1,sintetica
4660,10.0,Vitória,Paraná,Vitória,2,0,sintetica
4661,11.0,América-MG,CRB,América-MG,1,0,sintetica
4662,11.0,Atlético-GO,Bragantino,Empate,1,1,sintetica
4663,11.0,Brasil de Pelotas,Criciúma,Criciúma,0,1,sintetica
4664,11.0,Cuiabá,Paraná,Empate,1,1,sintetica
4665,11.0,Figueirense,Botafogo-SP,Figueirense,2,1,sintetica
4666,11.0,Operário Ferroviário,Guarani,Operário Ferroviário,1,0,sintetica
4667,11.0,Ponte Preta,Londrina,Ponte Preta,3,1,sintetica
4668,11.0,Sport,Coritiba,Empate,1,1,sintetica
4669,11.0,São Bento,Vila Nova,São Bento,3,1,sintetica
4670,11.0,Vitória,Oeste,Vitória,3,1,sintetica
4671,12.0,América-MG,Guarani,América-MG,3,2,sintetica
4672,12.0,Atlético-GO,Sport,Empate,0,0,sintetica
4673,12.0,Botafogo-SP,Vitória,Botafogo-SP,3,1,sintetica
4674,12.0,Bragantino,São Bento,Bragantino,2,0,sintetica
4675,12.0,Brasil de Pelotas,CRB,CRB,0,2,sintetica
4676,12.0,Coritiba,Figueirense,Coritiba,2,0,sintetica
4677,12.0,Londrina,Vila Nova,Vila Nova,0,1,sintetica
4678,12.0,Oeste,Cuiabá,Empate,1,1,sintetica
4679,12.0,Paraná,Operário Ferroviário,Paraná,1,0,sintetica
4680,12.0,Ponte Preta,Criciúma,Empate,1,1,sintetica
4681,13.0,América-MG,Paraná,Paraná,0,2,sintetica
4682,13.0,Botafogo-SP,Coritiba,Coritiba,0,1,sintetica
4683,13.0,Brasil de Pelotas,Guarani,Empate,0,0,sintetica
4684,13.0,CRB,Ponte Preta,CRB,2,0,sintetica
4685,13.0,Cuiabá,Vitória,Vitória,1,3,sintetica
4686,13.0,Figueirense,Atlético-GO,Figueirense,1,0,sintetica
4687,13.0,Londrina,Bragantino,Londrina,1,0,sintetica
4688,13.0,Oeste,Operário Ferroviário,Oeste,3,0,sintetica
4689,13.0,Sport,São Bento,Sport,2,0,sintetica
4690,13.0,Vila Nova,Criciúma,Empate,1,1,sintetica
4691,14.0,América-MG,Oeste,Empate,0,0,sintetica
4692,14.0,Botafogo-SP,Cuiabá,Empate,0,0,sintetica
4693,14.0,CRB,Vila Nova,Empate,1,1,sintetica
4694,14.0,Coritiba,Atlético-GO,Atlético-GO,1,2,sintetica
4695,14.0,Criciúma,Bragantino,Bragantino,0,2,sintetica
4696,14.0,Figueirense,São Bento,Empate,2,2,sintetica
4697,14.0,Guarani,Ponte Preta,Empate,0,0,sintetica
4698,14.0,Londrina,Sport,Sport,1,2,sintetica
4699,14.0,Operário Ferroviário,Vitória,Vitória,1,2,sintetica
4700,14.0,Paraná,Brasil de Pelotas,Paraná,1,0,sintetica
4701,15.0,América-MG,Vitória,América-MG,2,1,sintetica
4702,15.0,Atlético-GO,Botafogo-SP,Botafogo-SP,1,2,sintetica
4703,15.0,Bragantino,CRB,Bragantino,2,0,sintetica
4704,15.0,Brasil de Pelotas,Oeste,Empate,2,2,sintetica
4705,15.0,Coritiba,São Bento,Coritiba,2,1,sintetica
4706,15.0,Criciúma,Sport,Criciúma,1,0,sintetica
4707,15.0,Guarani,Vila Nova,Vila Nova,0,2,sintetica
4708,15.0,Londrina,Figueirense,Empate,0,0,sintetica
4709,15.0,Operário Ferroviário,Cuiabá,Operário Ferroviário,2,1,sintetica
4710,15.0,Paraná,Ponte Preta,Empate,1,1,sintetica
4711,16.0,América-MG,Cuiabá,América-MG,2,1,sintetica
4712,16.0,Botafogo-SP,Operário Ferroviário,Empate,1,1,sintetica
4713,16.0,Bragantino,Guarani,Bragantino,3,1,sintetica
4714,16.0,Brasil de Pelotas,Vitória,Brasil de Pelotas,1,0,sintetica
4715,16.0,CRB,Sport,Empate,1,1,sintetica
4716,16.0,Figueirense,Criciúma,Empate,2,2,sintetica
4717,16.0,Londrina,Coritiba,Londrina,2,1,sintetica
4718,16.0,Oeste,Ponte Preta,Empate,1,1,sintetica
4719,16.0,São Bento,Atlético-GO,Atlético-GO,1,3,sintetica
4720,16.0,Vila Nova,Paraná,Empate,1,1,sintetica
4721,17.0,Atlético-GO,Londrina,Atlético-GO,2,1,sintetica
4722,17.0,Botafogo-SP,São Bento,Botafogo-SP,1,0,sintetica
4723,17.0,Coritiba,Criciúma,Coritiba,1,0,sintetica
4724,17.0,Cuiabá,Brasil de Pelotas,Empate,1,1,sintetica
4725,17.0,Figueirense,CRB,Empate,2,2,sintetica
4726,17.0,Guarani,Sport,Guarani,1,0,sintetica
4727,17.0,Oeste,Vila Nova,Empate,1,1,sintetica
4728,17.0,Operário Ferroviário,América-MG,Operário Ferroviário,1,0,sintetica
4729,17.0,Paraná,Bragantino,Paraná,2,1,sintetica
4730,17.0,Vitória,Ponte Preta,Vitória,2,1,sintetica
4731,18.0,Atlético-GO,Criciúma,Atlético-GO,3,1,sintetica
4732,18.0,Botafogo-SP,América-MG,Empate,0,0,sintetica
4733,18.0,Bragantino,Oeste,Empate,2,2,sintetica
4734,18.0,CRB,Coritiba,CRB,1,0,sintetica
4735,18.0,Figueirense,Guarani,Guarani,0,1,sintetica
4736,18.0,Londrina,São Bento,São Bento,2,4,sintetica
4737,18.0,Operário Ferroviário,Brasil de Pelotas,Brasil de Pelotas,1,2,sintetica
4738,18.0,Paraná,Sport,Sport,0,1,sintetica
4739,18.0,Ponte Preta,Cuiabá,Ponte Preta,3,0,sintetica
4740,18.0,Vila Nova,Vitória,Vitória,0,2,sintetica
4741,19.0,América-MG,Brasil de Pelotas,América-MG,2,0,sintetica
4742,19.0,Atlético-GO,CRB,CRB,0,1,sintetica
4743,19.0,Botafogo-SP,Londrina,Botafogo-SP,2,1,sintetica
4744,19.0,Criciúma,São Bento,Empate,1,1,sintetica
4745,19.0,Figueirense,Paraná,Paraná,0,1,sintetica
4746,19.0,Guarani,Coritiba,Coritiba,0,1,sintetica
4747,19.0,Ponte Preta,Operário Ferroviário,Ponte Preta,1,0,sintetica
4748,19.0,Sport,Oeste,Empate,1,1,sintetica
4749,19.0,Vila Nova,Cuiabá,Empate,0,0,sintetica
4750,19.0,Vitória,Bragantino,Bragantino,0,2,sintetica
4751,20.0,América-MG,Ponte Preta,Empate,0,0,sintetica
4752,20.0,Brasil de Pelotas,Botafogo-SP,Brasil de Pelotas,1,0,sintetica
4753,20.0,CRB,São Bento,Empate,1,1,sintetica
4754,20.0,Coritiba,Paraná,Paraná,2,3,sintetica
4755,20.0,Cuiabá,Bragantino,Cuiabá,2,0,sintetica
4756,20.0,Figueirense,Oeste,Oeste,1,2,sintetica
4757,20.0,Guarani,Atlético-GO,Guarani,2,0,sintetica
4758,20.0,Londrina,Criciúma,Empate,1,1,sintetica
4759,20.0,Vila Nova,Operário Ferroviário,Empate,0,0,sintetica
4760,20.0,Vitória,Sport,Empate,2,2,sintetica
4761,21.0,América-MG,Vila Nova,América-MG,2,0,sintetica
4762,21.0,Botafogo-SP,Criciúma,Botafogo-SP,1,0,sintetica
4763,21.0,Brasil de Pelotas,Ponte Preta,Brasil de Pelotas,1,0,sintetica
4764,21.0,CRB,Londrina,Londrina,1,2,sintetica
4765,21.0,Coritiba,Oeste,Coritiba,1,0,sintetica
4766,21.0,Guarani,São Bento,Guarani,2,1,sintetica
4767,21.0,Operário Ferroviário,Bragantino,Bragantino,0,2,sintetica
4768,21.0,Paraná,Atlético-GO,Empate,0,0,sintetica
4769,21.0,Sport,Cuiabá,Sport,2,0,sintetica
4770,21.0,Vitória,Figueirense,Empate,2,2,sintetica
4771,22.0,Atlético-GO,Oeste,Atlético-GO,2,0,sintetica
4772,22.0,Bragantino,América-MG,Bragantino,2,0,sintetica
4773,22.0,Coritiba,Vitória,Empate,1,1,sintetica
4774,22.0,Criciúma,CRB,CRB,0,1,sintetica
4775,22.0,Cuiabá,Figueirense,Cuiabá,3,0,sintetica
4776,22.0,Guarani,Londrina,Guarani,1,0,sintetica
4777,22.0,Operário Ferroviário,Sport,Operário Ferroviário,2,1,sintetica
4778,22.0,Ponte Preta,Botafogo-SP,Empate,0,0,sintetica
4779,22.0,São Bento,Paraná,São Bento,2,1,sintetica
4780,22.0,Vila Nova,Brasil de Pelotas,Brasil de Pelotas,0,2,sintetica
4781,23.0,Bragantino,Brasil de Pelotas,Bragantino,2,1,sintetica
4782,23.0,CRB,Botafogo-SP,CRB,1,0,sintetica
4783,23.0,Criciúma,Guarani,Criciúma,1,0,sintetica
4784,23.0,Cuiabá,Coritiba,Empate,3,3,sintetica
4785,23.0,Figueirense,Operário Ferroviário,Empate,1,1,sintetica
4786,23.0,Londrina,Paraná,Londrina,3,0,sintetica
4787,23.0,Sport,América-MG,América-MG,0,2,sintetica
4788,23.0,São Bento,Oeste,São Bento,1,0,sintetica
4789,23.0,Vila Nova,Ponte Preta,Empate,0,0,sintetica
4790,23.0,Vitória,Atlético-GO,Empate,0,0,sintetica
4791,24.0,Atlético-GO,Cuiabá,Empate,1,1,sintetica
4792,24.0,Bragantino,Ponte Preta,Bragantino,2,1,sintetica
4793,24.0,Criciúma,Paraná,Empate,1,1,sintetica
4794,24.0,Figueirense,América-MG,Figueirense,2,1,sintetica
4795,24.0,Guarani,CRB,Guarani,1,0,sintetica
4796,24.0,Londrina,Oeste,Oeste,0,2,sintetica
4797,24.0,Operário Ferroviário,Coritiba,Empate,1,1,sintetica
4798,24.0,Sport,Brasil de Pelotas,Empate,0,0,sintetica
4799,24.0,Vila Nova,Botafogo-SP,Botafogo-SP,0,2,sintetica
4800,24.0,Vitória,São Bento,São Bento,1,3,sintetica
4801,25.0,América-MG,Coritiba,Empate,1,1,sintetica
4802,25.0,Botafogo-SP,Guarani,Empate,0,0,sintetica
4803,25.0,Brasil de Pelotas,Figueirense,Empate,2,2,sintetica
4804,25.0,CRB,Paraná,Paraná,1,2,sintetica
4805,25.0,Criciúma,Oeste,Criciúma,3,1,sintetica
4806,25.0,Londrina,Vitória,Londrina,3,1,sintetica
4807,25.0,Operário Ferroviário,Atlético-GO,Empate,1,1,sintetica
4808,25.0,Ponte Preta,Sport,Empate,2,2,sintetica
4809,25.0,São Bento,Cuiabá,Cuiabá,1,2,sintetica
4810,25.0,Vila Nova,Bragantino,Bragantino,0,1,sintetica
4811,26.0,Atlético-GO,América-MG,Empate,2,2,sintetica
4812,26.0,Bragantino,Botafogo-SP,Empate,0,0,sintetica
4813,26.0,Brasil de Pelotas,Coritiba,Coritiba,0,2,sintetica
4814,26.0,Criciúma,Vitória,Empate,1,1,sintetica
4815,26.0,Cuiabá,Londrina,Londrina,0,1,sintetica
4816,26.0,Figueirense,Ponte Preta,Ponte Preta,0,1,sintetica
4817,26.0,Oeste,CRB,Empate,3,3,sintetica
4818,26.0,Operário Ferroviário,São Bento,Operário Ferroviário,2,1,sintetica
4819,26.0,Paraná,Guarani,Empate,0,0,sintetica
4820,26.0,Sport,Vila Nova,Empate,0,0,sintetica
4821,27.0,América-MG,São Bento,São Bento,1,2,sintetica
4822,27.0,Bragantino,Sport,Empate,1,1,sintetica
4823,27.0,Brasil de Pelotas,Atlético-GO,Empate,2,2,sintetica
4824,27.0,Criciúma,Cuiabá,Cuiabá,0,1,sintetica
4825,27.0,Londrina,Operário Ferroviário,Operário Ferroviário,1,2,sintetica
4826,27.0,Oeste,Guarani,Oeste,2,0,sintetica
4827,27.0,Paraná,Botafogo-SP,Empate,3,3,sintetica
4828,27.0,Ponte Preta,Coritiba,Ponte Preta,1,0,sintetica
4829,27.0,Vila Nova,Figueirense,Empate,0,0,sintetica
4830,27.0,Vitória,CRB,Empate,2,2,sintetica
4831,28.0,América-MG,Londrina,América-MG,4,3,sintetica
4832,28.0,Atlético-GO,Ponte Preta,Empate,0,0,sintetica
4833,28.0,Botafogo-SP,Sport,Sport,0,2,sintetica
4834,28.0,Brasil de Pelotas,São Bento,Brasil de Pelotas,2,1,sintetica
4835,28.0,CRB,Cuiabá,Cuiabá,0,1,sintetica
4836,28.0,Figueirense,Bragantino,Bragantino,0,3,sintetica
4837,28.0,Operário Ferroviário,Criciúma,Operário Ferroviário,1,0,sintetica
4838,28.0,Paraná,Oeste,Empate,0,0,sintetica
4839,28.0,Vila Nova,Coritiba,Empate,2,2,sintetica
4840,28.0,Vitória,Guarani,Guarani,0,1,sintetica
4841,29.0,Atlético-GO,Vila Nova,Atlético-GO,2,0,sintetica
4842,29.0,Bragantino,Coritiba,Empate,1,1,sintetica
4843,29.0,CRB,Operário Ferroviário,Empate,0,0,sintetica
4844,29.0,Criciúma,América-MG,Empate,0,0,sintetica
4845,29.0,Guarani,Cuiabá,Cuiabá,0,1,sintetica
4846,29.0,Londrina,Brasil de Pelotas,Londrina,1,0,sintetica
4847,29.0,Oeste,Botafogo-SP,Botafogo-SP,0,2,sintetica
4848,29.0,Paraná,Vitória,Empate,0,0,sintetica
4849,29.0,Sport,Figueirense,Empate,0,0,sintetica
4850,29.0,São Bento,Ponte Preta,Empate,0,0,sintetica
4851,30.0,Botafogo-SP,Figueirense,Empate,0,0,sintetica
4852,30.0,Bragantino,Atlético-GO,Bragantino,3,0,sintetica
4853,30.0,CRB,América-MG,América-MG,1,3,sintetica
4854,30.0,Coritiba,Sport,Empate,0,0,sintetica
4855,30.0,Criciúma,Brasil de Pelotas,Empate,2,2,sintetica
4856,30.0,Guarani,Operário Ferroviário,Guarani,1,0,sintetica
4857,30.0,Londrina,Ponte Preta,Ponte Preta,1,3,sintetica
4858,30.0,Oeste,Vitória,Oeste,3,0,sintetica
4859,30.0,Paraná,Cuiabá,Empate,0,0,sintetica
4860,30.0,Vila Nova,São Bento,Vila Nova,1,0,sintetica
4861,31.0,CRB,Brasil de Pelotas,CRB,3,1,sintetica
4862,31.0,Criciúma,Ponte Preta,Empate,0,0,sintetica
4863,31.0,Cuiabá,Oeste,Cuiabá,2,0,sintetica
4864,31.0,Figueirense,Coritiba,Empate,1,1,sintetica
4865,31.0,Guarani,América-MG,América-MG,0,1,sintetica
4866,31.0,Operário Ferroviário,Paraná,Paraná,0,1,sintetica
4867,31.0,Sport,Atlético-GO,Empate,1,1,sintetica
4868,31.0,São Bento,Bragantino,Bragantino,0,3,sintetica
4869,31.0,Vila Nova,Londrina,Londrina,0,1,sintetica
4870,31.0,Vitória,Botafogo-SP,Empate,0,0,sintetica
4871,32.0,Atlético-GO,Figueirense,Atlético-GO,2,0,sintetica
4872,32.0,Bragantino,Londrina,Bragantino,4,1,sintetica
4873,32.0,Coritiba,Botafogo-SP,Coritiba,3,2,sintetica
4874,32.0,Criciúma,Vila Nova,Empate,1,1,sintetica
4875,32.0,Guarani,Brasil de Pelotas,Brasil de Pelotas,1,2,sintetica
4876,32.0,Operário Ferroviário,Oeste,Empate,0,0,sintetica
4877,32.0,Paraná,América-MG,Empate,0,0,sintetica
4878,32.0,Ponte Preta,CRB,CRB,0,1,sintetica
4879,32.0,São Bento,Sport,Empate,2,2,sintetica
4880,32.0,Vitória,Cuiabá,Cuiabá,0,1,sintetica
4881,33.0,Atlético-GO,Coritiba,Empate,1,1,sintetica
4882,33.0,Bragantino,Criciúma,Empate,1,1,sintetica
4883,33.0,Brasil de Pelotas,Paraná,Paraná,0,1,sintetica
4884,33.0,Cuiabá,Botafogo-SP,Cuiabá,2,0,sintetica
4885,33.0,Oeste,América-MG,América-MG,0,1,sintetica
4886,33.0,Ponte Preta,Guarani,Ponte Preta,1,0,sintetica
4887,33.0,Sport,Londrina,Sport,3,2,sintetica
4888,33.0,São Bento,Figueirense,Empate,0,0,sintetica
4889,33.0,Vila Nova,CRB,Empate,2,2,sintetica
4890,33.0,Vitória,Operário Ferroviário,Empate,0,0,sintetica
4891,34.0,Botafogo-SP,Atlético-GO,Empate,0,0,sintetica
4892,34.0,CRB,Bragantino,Bragantino,0,3,sintetica
4893,34.0,Cuiabá,Operário Ferroviário,Cuiabá,2,1,sintetica
4894,34.0,Figueirense,Londrina,Empate,1,1,sintetica
4895,34.0,Oeste,Brasil de Pelotas,Empate,1,1,sintetica
4896,34.0,Ponte Preta,Paraná,Ponte Preta,4,2,sintetica
4897,34.0,Sport,Criciúma,Sport,1,0,sintetica
4898,34.0,São Bento,Coritiba,Coritiba,1,2,sintetica
4899,34.0,Vila Nova,Guarani,Empate,1,1,sintetica
4900,34.0,Vitória,América-MG,Empate,0,0,sintetica
4901,35.0,Atlético-GO,São Bento,Atlético-GO,1,0,sintetica
4902,35.0,Coritiba,Londrina,Empate,0,0,sintetica
4903,35.0,Criciúma,Figueirense,Empate,1,1,sintetica
4904,35.0,Cuiabá,América-MG,América-MG,0,2,sintetica
4905,35.0,Guarani,Bragantino,Guarani,1,0,sintetica
4906,35.0,Operário Ferroviário,Botafogo-SP,Botafogo-SP,0,2,sintetica
4907,35.0,Paraná,Vila Nova,Empate,1,1,sintetica
4908,35.0,Ponte Preta,Oeste,Ponte Preta,3,2,sintetica
4909,35.0,Sport,CRB,Sport,1,0,sintetica
4910,35.0,Vitória,Brasil de Pelotas,Vitória,3,0,sintetica
4911,36.0,América-MG,Operário Ferroviário,Empate,0,0,sintetica
4912,36.0,Bragantino,Paraná,Bragantino,2,0,sintetica
4913,36.0,Brasil de Pelotas,Cuiabá,Empate,0,0,sintetica
4914,36.0,CRB,Figueirense,Empate,0,0,sintetica
4915,36.0,Criciúma,Coritiba,Criciúma,2,1,sintetica
4916,36.0,Londrina,Atlético-GO,Empate,1,1,sintetica
4917,36.0,Ponte Preta,Vitória,Vitória,1,2,sintetica
4918,36.0,Sport,Guarani,Empate,1,1,sintetica
4919,36.0,São Bento,Botafogo-SP,Botafogo-SP,0,1,sintetica
4920,36.0,Vila Nova,Oeste,Empate,1,1,sintetica
4921,37.0,América-MG,Botafogo-SP,Botafogo-SP,0,1,sintetica
4922,37.0,Brasil de Pelotas,Operário Ferroviário,Brasil de Pelotas,1,0,sintetica
4923,37.0,Coritiba,CRB,CRB,0,2,sintetica
4924,37.0,Criciúma,Atlético-GO,Atlético-GO,0,1,sintetica
4925,37.0,Cuiabá,Ponte Preta,Ponte Preta,1,3,sintetica
4926,37.0,Guarani,Figueirense,Empate,0,0,sintetica
4927,37.0,Oeste,Bragantino,Empate,0,0,sintetica
4928,37.0,Sport,Paraná,Sport,2,1,sintetica
4929,37.0,São Bento,Londrina,São Bento,4,1,sintetica
4930,37.0,Vitória,Vila Nova,Vitória,2,1,sintetica
4931,38.0,Bragantino,Vitória,Bragantino,2,0,sintetica
4932,38.0,Brasil de Pelotas,América-MG,Brasil de Pelotas,2,1,sintetica
4933,38.0,CRB,Atlético-GO,CRB,2,1,sintetica
4934,38.0,Coritiba,Guarani,Coritiba,1,0,sintetica
4935,38.0,Cuiabá,Vila Nova,Vila Nova,1,2,sintetica
4936,38.0,Londrina,Botafogo-SP,Empate,1,1,sintetica
4937,38.0,Oeste,Sport,Empate,0,0,sintetica
4938,38.0,Operário Ferroviário,Ponte Preta,Operário Ferroviário,2,1,sintetica
4939,38.0,Paraná,Figueirense,Figueirense,0,1,sintetica
4940,38.0,São Bento,Criciúma,São Bento,1,0,sintetica
4941,1.0,Avaí,Cuiabá,Cuiabá,0,2,sintetica
4942,1.0,CRB,Ponte Preta,CRB,1,0,sintetica
4943,1.0,Chapecoense,Figueirense,Chapecoense,2,1,sintetica
4944,1.0,Confiança,Botafogo-SP,Confiança,1,0,sintetica
4945,1.0,Cruzeiro,Brasil de Pelotas,Cruzeiro,4,1,sintetica
4946,1.0,Guarani,CSA,Guarani,2,1,sintetica
4947,1.0,Náutico,Operário Ferroviário,Empate,0,0,sintetica
4948,1.0,Oeste,Paraná,Oeste,1,0,sintetica
4949,1.0,Sampaio Corrêa,Juventude,Juventude,0,1,sintetica
4950,1.0,Vitória,América-MG,América-MG,1,2,sintetica
4951,2.0,Avaí,Confiança,Avaí,1,0,sintetica
4952,2.0,Botafogo-SP,Figueirense,Figueirense,0,1,sintetica
4953,2.0,Brasil de Pelotas,Cuiabá,Brasil de Pelotas,3,0,sintetica
4954,2.0,CRB,Sampaio Corrêa,Empate,2,2,sintetica
4955,2.0,CSA,América-MG,América-MG,0,1,sintetica
4956,2.0,Chapecoense,Náutico,Empate,0,0,sintetica
4957,2.0,Guarani,Ponte Preta,Empate,1,1,sintetica
4958,2.0,Juventude,Cruzeiro,Juventude,1,0,sintetica
4959,2.0,Operário Ferroviário,Paraná,Operário Ferroviário,1,0,sintetica
4960,2.0,Vitória,Oeste,Vitória,3,1,sintetica
4961,3.0,Brasil de Pelotas,Confiança,Brasil de Pelotas,1,0,sintetica
4962,3.0,CRB,Cruzeiro,Empate,0,0,sintetica
4963,3.0,CSA,Ponte Preta,CSA,2,1,sintetica
4964,3.0,Figueirense,Avaí,Figueirense,2,0,sintetica
4965,3.0,Guarani,Sampaio Corrêa,Empate,1,1,sintetica
4966,3.0,Juventude,Cuiabá,Empate,1,1,sintetica
4967,3.0,Náutico,Botafogo-SP,Náutico,3,1,sintetica
4968,3.0,Oeste,América-MG,Empate,1,1,sintetica
4969,3.0,Operário Ferroviário,Vitória,Empate,1,1,sintetica
4970,3.0,Paraná,Chapecoense,Empate,1,1,sintetica
4971,4.0,América-MG,Ponte Preta,Empate,1,1,sintetica
4972,4.0,CSA,Sampaio Corrêa,CSA,2,1,sintetica
4973,4.0,Chapecoense,Vitória,Empate,1,1,sintetica
4974,4.0,Cuiabá,CRB,Cuiabá,3,0,sintetica
4975,4.0,Figueirense,Brasil de Pelotas,Figueirense,3,0,sintetica
4976,4.0,Guarani,Cruzeiro,Cruzeiro,2,3,sintetica
4977,4.0,Juventude,Confiança,Juventude,3,1,sintetica
4978,4.0,Náutico,Avaí,Empate,2,2,sintetica
4979,4.0,Oeste,Operário Ferroviário,Operário Ferroviário,0,1,sintetica
4980,4.0,Paraná,Botafogo-SP,Empate,1,1,sintetica
4981,5.0,Avaí,Paraná,Avaí,2,1,sintetica
4982,5.0,Brasil de Pelotas,Náutico,Brasil de Pelotas,2,1,sintetica
4983,5.0,CSA,Cruzeiro,CSA,3,1,sintetica
4984,5.0,Chapecoense,Oeste,Empate,0,0,sintetica
4985,5.0,Confiança,CRB,Confiança,1,0,sintetica
4986,5.0,Figueirense,Juventude,Empate,1,1,sintetica
4987,5.0,Guarani,Cuiabá,Guarani,1,0,sintetica
4988,5.0,Operário Ferroviário,América-MG,América-MG,0,1,sintetica
4989,5.0,Sampaio Corrêa,Ponte Preta,Ponte Preta,1,2,sintetica
4990,5.0,Vitória,Botafogo-SP,Vitória,1,0,sintetica
4991,6.0,América-MG,Sampaio Corrêa,América-MG,2,1,sintetica
4992,6.0,Botafogo-SP,Oeste,Empate,1,1,sintetica
4993,6.0,CSA,Cuiabá,Cuiabá,1,2,sintetica
4994,6.0,Confiança,Guarani,Confiança,1,0,sintetica
4995,6.0,Figueirense,CRB,Figueirense,2,0,sintetica
4996,6.0,Juventude,Náutico,Juventude,1,0,sintetica
4997,6.0,Operário Ferroviário,Chapecoense,Operário Ferroviário,2,0,sintetica
4998,6.0,Paraná,Brasil de Pelotas,Brasil de Pelotas,0,1,sintetica
4999,6.0,Ponte Preta,Cruzeiro,Ponte Preta,2,1,sintetica
5000,6.0,Vitória,Avaí,Avaí,1,2,sintetica
5001,7.0,CRB,Náutico,CRB,2,1,sintetica
5002,7.0,CSA,Confiança,Empate,1,1,sintetica
5003,7.0,Chapecoense,América-MG,Empate,0,0,sintetica
5004,7.0,Cruzeiro,Sampaio Corrêa,Sampaio Corrêa,1,2,sintetica
5005,7.0,Guarani,Figueirense,Empate,2,2,sintetica
5006,7.0,Oeste,Avaí,Avaí,0,2,sintetica
5007,7.0,Operário Ferroviário,Botafogo-SP,Empate,0,0,sintetica
5008,7.0,Paraná,Juventude,Paraná,3,1,sintetica
5009,7.0,Ponte Preta,Cuiabá,Empate,2,2,sintetica
5010,7.0,Vitória,Brasil de Pelotas,Empate,0,0,sintetica
5011,8.0,América-MG,Cruzeiro,Cruzeiro,1,2,sintetica
5012,8.0,Brasil de Pelotas,Oeste,Empate,1,1,sintetica
5013,8.0,CSA,Figueirense,CSA,3,0,sintetica
5014,8.0,Chapecoense,Botafogo-SP,Chapecoense,1,0,sintetica
5015,8.0,Confiança,Ponte Preta,Ponte Preta,1,2,sintetica
5016,8.0,Cuiabá,Sampaio Corrêa,Sampaio Corrêa,1,3,sintetica
5017,8.0,Guarani,Náutico,Náutico,1,2,sintetica
5018,8.0,Operário Ferroviário,Avaí,Empate,1,1,sintetica
5019,8.0,Paraná,CRB,Paraná,2,0,sintetica
5020,8.0,Vitória,Juventude,Vitória,1,0,sintetica
5021,9.0,Avaí,Chapecoense,Chapecoense,0,2,sintetica
5022,9.0,Botafogo-SP,América-MG,América-MG,1,2,sintetica
5023,9.0,Brasil de Pelotas,Operário Ferroviário,Empate,0,0,sintetica
5024,9.0,Cruzeiro,Cuiabá,Empate,0,0,sintetica
5025,9.0,Figueirense,Ponte Preta,Ponte Preta,2,7,sintetica
5026,9.0,Guarani,Paraná,Paraná,1,2,sintetica
5027,9.0,Juventude,Oeste,Empate,2,2,sintetica
5028,9.0,Náutico,CSA,Empate,1,1,sintetica
5029,9.0,Sampaio Corrêa,Confiança,Confiança,1,3,sintetica
5030,9.0,Vitória,CRB,Vitória,2,1,sintetica
5031,10.0,Avaí,Botafogo-SP,Botafogo-SP,0,1,sintetica
5032,10.0,CRB,Oeste,CRB,1,0,sintetica
5033,10.0,CSA,Paraná,CSA,4,0,sintetica
5034,10.0,Chapecoense,Brasil de Pelotas,Empate,0,0,sintetica
5035,10.0,Confiança,Cruzeiro,Empate,1,1,sintetica
5036,10.0,Cuiabá,América-MG,Empate,0,0,sintetica
5037,10.0,Figueirense,Sampaio Corrêa,Sampaio Corrêa,1,2,sintetica
5038,10.0,Guarani,Vitória,Vitória,1,2,sintetica
5039,10.0,Náutico,Ponte Preta,Ponte Preta,0,2,sintetica
5040,10.0,Operário Ferroviário,Juventude,Operário Ferroviário,3,0,sintetica
5041,11.0,Avaí,América-MG,Avaí,1,0,sintetica
5042,11.0,Brasil de Pelotas,Botafogo-SP,Empate,0,0,sintetica
5043,11.0,Cruzeiro,Figueirense,Empate,1,1,sintetica
5044,11.0,Cuiabá,Confiança,Cuiabá,1,0,sintetica
5045,11.0,Juventude,Chapecoense,Empate,1,1,sintetica
5046,11.0,Náutico,Sampaio Corrêa,Náutico,1,0,sintetica
5047,11.0,Oeste,Guarani,Guarani,0,1,sintetica
5048,11.0,Operário Ferroviário,CRB,Operário Ferroviário,3,2,sintetica
5049,11.0,Ponte Preta,Paraná,Ponte Preta,2,1,sintetica
5050,11.0,Vitória,CSA,CSA,0,1,sintetica
5051,12.0,América-MG,Confiança,América-MG,2,1,sintetica
5052,12.0,Avaí,Brasil de Pelotas,Avaí,2,1,sintetica
5053,12.0,CRB,Chapecoense,Chapecoense,0,1,sintetica
5054,12.0,CSA,Oeste,CSA,2,1,sintetica
5055,12.0,Cruzeiro,Náutico,Empate,0,0,sintetica
5056,12.0,Figueirense,Cuiabá,Figueirense,1,0,sintetica
5057,12.0,Guarani,Operário Ferroviário,Guarani,3,0,sintetica
5058,12.0,Juventude,Botafogo-SP,Empate,0,0,sintetica
5059,12.0,Sampaio Corrêa,Paraná,Sampaio Corrêa,2,1,sintetica
5060,12.0,Vitória,Ponte Preta,Empate,0,0,sintetica
5061,13.0,América-MG,Brasil de Pelotas,América-MG,3,1,sintetica
5062,13.0,Avaí,Juventude,Avaí,5,2,sintetica
5063,13.0,CRB,Botafogo-SP,CRB,1,0,sintetica
5064,13.0,Chapecoense,Guarani,Chapecoense,2,0,sintetica
5065,13.0,Cruzeiro,Paraná,Cruzeiro,2,0,sintetica
5066,13.0,Cuiabá,Náutico,Cuiabá,1,0,sintetica
5067,13.0,Figueirense,Confiança,Empate,0,0,sintetica
5068,13.0,Operário Ferroviário,CSA,Operário Ferroviário,3,0,sintetica
5069,13.0,Ponte Preta,Oeste,Ponte Preta,1,0,sintetica
5070,13.0,Sampaio Corrêa,Vitória,Sampaio Corrêa,2,1,sintetica
5071,14.0,América-MG,Figueirense,Figueirense,0,1,sintetica
5072,14.0,CRB,Avaí,CRB,3,1,sintetica
5073,14.0,CSA,Chapecoense,Chapecoense,0,1,sintetica
5074,14.0,Confiança,Náutico,Confiança,2,0,sintetica
5075,14.0,Guarani,Botafogo-SP,Guarani,2,1,sintetica
5076,14.0,Juventude,Brasil de Pelotas,Brasil de Pelotas,1,2,sintetica
5077,14.0,Oeste,Sampaio Corrêa,Sampaio Corrêa,0,3,sintetica
5078,14.0,Paraná,Cuiabá,Cuiabá,0,2,sintetica
5079,14.0,Ponte Preta,Operário Ferroviário,Empate,1,1,sintetica
5080,14.0,Vitória,Cruzeiro,Cruzeiro,0,1,sintetica
5081,15.0,Avaí,Guarani,Avaí,2,1,sintetica
5082,15.0,Botafogo-SP,CSA,CSA,1,3,sintetica
5083,15.0,CRB,Brasil de Pelotas,CRB,1,0,sintetica
5084,15.0,Confiança,Paraná,Empate,2,2,sintetica
5085,15.0,Cuiabá,Vitória,Empate,3,3,sintetica
5086,15.0,Juventude,América-MG,Empate,0,0,sintetica
5087,15.0,Náutico,Figueirense,Náutico,1,0,sintetica
5088,15.0,Oeste,Cruzeiro,Empate,0,0,sintetica
5089,15.0,Operário Ferroviário,Sampaio Corrêa,Empate,1,1,sintetica
5090,15.0,Ponte Preta,Chapecoense,Chapecoense,0,5,sintetica
5091,16.0,Botafogo-SP,Ponte Preta,Botafogo-SP,2,1,sintetica
5092,16.0,Brasil de Pelotas,Guarani,Brasil de Pelotas,3,1,sintetica
5093,16.0,CSA,Avaí,Empate,1,1,sintetica
5094,16.0,Chapecoense,Sampaio Corrêa,Chapecoense,1,0,sintetica
5095,16.0,Cruzeiro,Operário Ferroviário,Cruzeiro,2,1,sintetica
5096,16.0,Juventude,CRB,Juventude,2,1,sintetica
5097,16.0,Náutico,América-MG,Empate,0,0,sintetica
5098,16.0,Oeste,Cuiabá,Cuiabá,0,2,sintetica
5099,16.0,Paraná,Figueirense,Figueirense,0,2,sintetica
5100,16.0,Vitória,Confiança,Confiança,2,3,sintetica
5101,17.0,Botafogo-SP,Sampaio Corrêa,Botafogo-SP,2,1,sintetica
5102,17.0,Brasil de Pelotas,CSA,Empate,1,1,sintetica
5103,17.0,CRB,América-MG,Empate,0,0,sintetica
5104,17.0,Cruzeiro,Chapecoense,Chapecoense,0,1,sintetica
5105,17.0,Cuiabá,Operário Ferroviário,Cuiabá,2,0,sintetica
5106,17.0,Juventude,Guarani,Juventude,1,0,sintetica
5107,17.0,Oeste,Confiança,Confiança,0,1,sintetica
5108,17.0,Paraná,Náutico,Empate,0,0,sintetica
5109,17.0,Ponte Preta,Avaí,Avaí,1,2,sintetica
5110,17.0,Vitória,Figueirense,Vitória,3,0,sintetica
5111,18.0,América-MG,Paraná,América-MG,1,0,sintetica
5112,18.0,Avaí,Sampaio Corrêa,Sampaio Corrêa,2,5,sintetica
5113,18.0,Botafogo-SP,Cruzeiro,Cruzeiro,0,1,sintetica
5114,18.0,Brasil de Pelotas,Ponte Preta,Empate,1,1,sintetica
5115,18.0,CRB,Guarani,CRB,2,0,sintetica
5116,18.0,Cuiabá,Chapecoense,Cuiabá,2,1,sintetica
5117,18.0,Figueirense,Oeste,Figueirense,4,1,sintetica
5118,18.0,Juventude,CSA,Juventude,1,0,sintetica
5119,18.0,Náutico,Vitória,Empate,0,0,sintetica
5120,18.0,Operário Ferroviário,Confiança,Empate,1,1,sintetica
5121,19.0,CSA,CRB,CRB,0,2,sintetica
5122,19.0,Chapecoense,Confiança,Chapecoense,3,1,sintetica
5123,19.0,Cruzeiro,Avaí,Avaí,0,1,sintetica
5124,19.0,Cuiabá,Botafogo-SP,Cuiabá,2,0,sintetica
5125,19.0,Figueirense,Operário Ferroviário,Operário Ferroviário,0,1,sintetica
5126,19.0,Guarani,América-MG,América-MG,0,1,sintetica
5127,19.0,Juventude,Ponte Preta,Juventude,2,1,sintetica
5128,19.0,Oeste,Náutico,Náutico,0,1,sintetica
5129,19.0,Sampaio Corrêa,Brasil de Pelotas,Brasil de Pelotas,0,1,sintetica
5130,19.0,Vitória,Paraná,Vitória,1,0,sintetica
5131,20.0,América-MG,Vitória,América-MG,4,0,sintetica
5132,20.0,Botafogo-SP,Confiança,Botafogo-SP,2,0,sintetica
5133,20.0,Brasil de Pelotas,Cruzeiro,Brasil de Pelotas,1,0,sintetica
5134,20.0,CSA,Guarani,CSA,1,0,sintetica
5135,20.0,Cuiabá,Avaí,Cuiabá,2,1,sintetica
5136,20.0,Figueirense,Chapecoense,Empate,0,0,sintetica
5137,20.0,Juventude,Sampaio Corrêa,Sampaio Corrêa,2,3,sintetica
5138,20.0,Operário Ferroviário,Náutico,Operário Ferroviário,3,1,sintetica
5139,20.0,Paraná,Oeste,Paraná,4,0,sintetica
5140,20.0,Ponte Preta,CRB,Ponte Preta,3,1,sintetica
5141,21.0,América-MG,CSA,América-MG,2,1,sintetica
5142,21.0,Confiança,Avaí,Empate,2,2,sintetica
5143,21.0,Cruzeiro,Juventude,Empate,0,0,sintetica
5144,21.0,Cuiabá,Brasil de Pelotas,Empate,0,0,sintetica
5145,21.0,Figueirense,Botafogo-SP,Empate,0,0,sintetica
5146,21.0,Náutico,Chapecoense,Empate,1,1,sintetica
5147,21.0,Oeste,Vitória,Oeste,2,1,sintetica
5148,21.0,Paraná,Operário Ferroviário,Empate,0,0,sintetica
5149,21.0,Ponte Preta,Guarani,Ponte Preta,2,0,sintetica
5150,21.0,Sampaio Corrêa,CRB,Sampaio Corrêa,3,0,sintetica
5151,22.0,América-MG,Oeste,América-MG,2,1,sintetica
5152,22.0,Avaí,Figueirense,Avaí,1,0,sintetica
5153,22.0,Botafogo-SP,Náutico,Empate,1,1,sintetica
5154,22.0,Chapecoense,Paraná,Chapecoense,2,0,sintetica
5155,22.0,Confiança,Brasil de Pelotas,Empate,1,1,sintetica
5156,22.0,Cruzeiro,CRB,Empate,1,1,sintetica
5157,22.0,Cuiabá,Juventude,Cuiabá,1,0,sintetica
5158,22.0,Ponte Preta,CSA,Ponte Preta,2,1,sintetica
5159,22.0,Sampaio Corrêa,Guarani,Guarani,0,1,sintetica
5160,22.0,Vitória,Operário Ferroviário,Empate,1,1,sintetica
5161,23.0,Avaí,Náutico,Avaí,3,1,sintetica
5162,23.0,Botafogo-SP,Paraná,Botafogo-SP,1,0,sintetica
5163,23.0,Brasil de Pelotas,Figueirense,Empate,0,0,sintetica
5164,23.0,CRB,Cuiabá,CRB,4,1,sintetica
5165,23.0,Confiança,Juventude,Juventude,0,1,sintetica
5166,23.0,Cruzeiro,Guarani,Empate,3,3,sintetica
5167,23.0,Operário Ferroviário,Oeste,Operário Ferroviário,2,0,sintetica
5168,23.0,Ponte Preta,América-MG,América-MG,0,1,sintetica
5169,23.0,Sampaio Corrêa,CSA,Sampaio Corrêa,1,0,sintetica
5170,23.0,Vitória,Chapecoense,Empate,0,0,sintetica
5171,24.0,América-MG,Operário Ferroviário,Empate,1,1,sintetica
5172,24.0,Botafogo-SP,Vitória,Botafogo-SP,2,1,sintetica
5173,24.0,CRB,Confiança,CRB,2,0,sintetica
5174,24.0,Cruzeiro,CSA,Empate,1,1,sintetica
5175,24.0,Cuiabá,Guarani,Cuiabá,4,0,sintetica
5176,24.0,Juventude,Figueirense,Juventude,2,1,sintetica
5177,24.0,Náutico,Brasil de Pelotas,Náutico,1,0,sintetica
5178,24.0,Oeste,Chapecoense,Empate,0,0,sintetica
5179,24.0,Paraná,Avaí,Paraná,1,0,sintetica
5180,24.0,Ponte Preta,Sampaio Corrêa,Empate,1,1,sintetica
5181,25.0,Avaí,Vitória,Empate,2,2,sintetica
5182,25.0,Brasil de Pelotas,Paraná,Empate,1,1,sintetica
5183,25.0,CRB,Figueirense,CRB,5,1,sintetica
5184,25.0,Chapecoense,Operário Ferroviário,Chapecoense,1,0,sintetica
5185,25.0,Cruzeiro,Ponte Preta,Cruzeiro,3,0,sintetica
5186,25.0,Cuiabá,CSA,CSA,0,1,sintetica
5187,25.0,Guarani,Confiança,Guarani,1,0,sintetica
5188,25.0,Náutico,Juventude,Empate,3,3,sintetica
5189,25.0,Oeste,Botafogo-SP,Botafogo-SP,0,1,sintetica
5190,25.0,Sampaio Corrêa,América-MG,Sampaio Corrêa,1,0,sintetica
5191,26.0,América-MG,Chapecoense,Empate,2,2,sintetica
5192,26.0,Avaí,Oeste,Oeste,0,3,sintetica
5193,26.0,Botafogo-SP,Operário Ferroviário,Operário Ferroviário,0,1,sintetica
5194,26.0,Brasil de Pelotas,Vitória,Vitória,0,1,sintetica
5195,26.0,Confiança,CSA,CSA,1,5,sintetica
5196,26.0,Cuiabá,Ponte Preta,Cuiabá,2,1,sintetica
5197,26.0,Figueirense,Guarani,Empate,2,2,sintetica
5198,26.0,Juventude,Paraná,Juventude,5,0,sintetica
5199,26.0,Náutico,CRB,Empate,1,1,sintetica
5200,26.0,Sampaio Corrêa,Cruzeiro,Cruzeiro,0,1,sintetica
5201,27.0,Avaí,Operário Ferroviário,Avaí,2,0,sintetica
5202,27.0,Botafogo-SP,Chapecoense,Botafogo-SP,3,0,sintetica
5203,27.0,CRB,Paraná,Paraná,0,2,sintetica
5204,27.0,Cruzeiro,América-MG,América-MG,1,2,sintetica
5205,27.0,Figueirense,CSA,Empate,0,0,sintetica
5206,27.0,Juventude,Vitória,Empate,1,1,sintetica
5207,27.0,Náutico,Guarani,Náutico,2,0,sintetica
5208,27.0,Oeste,Brasil de Pelotas,Oeste,2,1,sintetica
5209,27.0,Ponte Preta,Confiança,Ponte Preta,2,1,sintetica
5210,27.0,Sampaio Corrêa,Cuiabá,Sampaio Corrêa,3,0,sintetica
5211,28.0,América-MG,Botafogo-SP,Empate,1,1,sintetica
5212,28.0,CRB,Vitória,Empate,2,2,sintetica
5213,28.0,CSA,Náutico,CSA,3,1,sintetica
5214,28.0,Chapecoense,Avaí,Chapecoense,1,0,sintetica
5215,28.0,Confiança,Sampaio Corrêa,Sampaio Corrêa,0,1,sintetica
5216,28.0,Cuiabá,Cruzeiro,Cuiabá,1,0,sintetica
5217,28.0,Oeste,Juventude,Juventude,1,3,sintetica
5218,28.0,Operário Ferroviário,Brasil de Pelotas,Operário Ferroviário,2,1,sintetica
5219,28.0,Paraná,Guarani,Guarani,1,2,sintetica
5220,28.0,Ponte Preta,Figueirense,Ponte Preta,2,1,sintetica
5221,29.0,América-MG,Cuiabá,Cuiabá,0,1,sintetica
5222,29.0,Botafogo-SP,Avaí,Avaí,0,1,sintetica
5223,29.0,Brasil de Pelotas,Chapecoense,Chapecoense,0,1,sintetica
5224,29.0,Cruzeiro,Confiança,Confiança,1,2,sintetica
5225,29.0,Juventude,Operário Ferroviário,Juventude,1,0,sintetica
5226,29.0,Oeste,CRB,CRB,1,2,sintetica
5227,29.0,Paraná,CSA,Paraná,2,0,sintetica
5228,29.0,Ponte Preta,Náutico,Ponte Preta,2,0,sintetica
5229,29.0,Sampaio Corrêa,Figueirense,Sampaio Corrêa,3,0,sintetica
5230,29.0,Vitória,Guarani,Empate,1,1,sintetica
5231,30.0,América-MG,Avaí,América-MG,2,1,sintetica
5232,30.0,Botafogo-SP,Brasil de Pelotas,Brasil de Pelotas,0,1,sintetica
5233,30.0,CRB,Operário Ferroviário,CRB,4,1,sintetica
5234,30.0,CSA,Vitória,CSA,3,0,sintetica
5235,30.0,Chapecoense,Juventude,Chapecoense,1,0,sintetica
5236,30.0,Confiança,Cuiabá,Confiança,2,0,sintetica
5237,30.0,Figueirense,Cruzeiro,Cruzeiro,0,1,sintetica
5238,30.0,Guarani,Oeste,Empate,1,1,sintetica
5239,30.0,Paraná,Ponte Preta,Paraná,2,1,sintetica
5240,30.0,Sampaio Corrêa,Náutico,Sampaio Corrêa,2,1,sintetica
5241,31.0,Botafogo-SP,Juventude,Empate,1,1,sintetica
5242,31.0,Brasil de Pelotas,Avaí,Avaí,0,1,sintetica
5243,31.0,Chapecoense,CRB,Chapecoense,3,2,sintetica
5244,31.0,Confiança,América-MG,Empate,0,0,sintetica
5245,31.0,Cuiabá,Figueirense,Empate,0,0,sintetica
5246,31.0,Náutico,Cruzeiro,Empate,1,1,sintetica
5247,31.0,Oeste,CSA,Oeste,2,1,sintetica
5248,31.0,Operário Ferroviário,Guarani,Guarani,1,2,sintetica
5249,31.0,Paraná,Sampaio Corrêa,Empate,0,0,sintetica
5250,31.0,Ponte Preta,Vitória,Empate,3,3,sintetica
5251,32.0,Botafogo-SP,CRB,CRB,1,2,sintetica
5252,32.0,Brasil de Pelotas,América-MG,Empate,0,0,sintetica
5253,32.0,CSA,Operário Ferroviário,CSA,1,0,sintetica
5254,32.0,Confiança,Figueirense,Empate,1,1,sintetica
5255,32.0,Guarani,Chapecoense,Guarani,2,0,sintetica
5256,32.0,Juventude,Avaí,Juventude,3,0,sintetica
5257,32.0,Náutico,Cuiabá,Náutico,2,0,sintetica
5258,32.0,Oeste,Ponte Preta,Ponte Preta,1,3,sintetica
5259,32.0,Paraná,Cruzeiro,Empate,0,0,sintetica
5260,32.0,Vitória,Sampaio Corrêa,Vitória,1,0,sintetica
5261,33.0,Avaí,CRB,CRB,0,1,sintetica
5262,33.0,Botafogo-SP,Guarani,Guarani,0,1,sintetica
5263,33.0,Brasil de Pelotas,Juventude,Brasil de Pelotas,2,1,sintetica
5264,33.0,Chapecoense,CSA,Empate,0,0,sintetica
5265,33.0,Cruzeiro,Vitória,Cruzeiro,1,0,sintetica
5266,33.0,Cuiabá,Paraná,Empate,3,3,sintetica
5267,33.0,Figueirense,América-MG,América-MG,1,2,sintetica
5268,33.0,Náutico,Confiança,Confiança,0,1,sintetica
5269,33.0,Operário Ferroviário,Ponte Preta,Operário Ferroviário,1,0,sintetica
5270,33.0,Sampaio Corrêa,Oeste,Sampaio Corrêa,1,0,sintetica
5271,34.0,América-MG,Juventude,América-MG,2,1,sintetica
5272,34.0,Brasil de Pelotas,CRB,Brasil de Pelotas,2,1,sintetica
5273,34.0,CSA,Botafogo-SP,CSA,1,0,sintetica
5274,34.0,Chapecoense,Ponte Preta,Chapecoense,1,0,sintetica
5275,34.0,Cruzeiro,Oeste,Oeste,0,1,sintetica
5276,34.0,Figueirense,Náutico,Figueirense,2,0,sintetica
5277,34.0,Guarani,Avaí,Guarani,2,1,sintetica
5278,34.0,Paraná,Confiança,Empate,1,1,sintetica
5279,34.0,Sampaio Corrêa,Operário Ferroviário,Operário Ferroviário,0,1,sintetica
5280,34.0,Vitória,Cuiabá,Vitória,4,2,sintetica
5281,35.0,América-MG,Náutico,América-MG,2,0,sintetica
5282,35.0,Avaí,CSA,Empate,1,1,sintetica
5283,35.0,CRB,Juventude,Juventude,0,1,sintetica
5284,35.0,Confiança,Vitória,Confiança,1,0,sintetica
5285,35.0,Cuiabá,Oeste,Cuiabá,3,0,sintetica
5286,35.0,Figueirense,Paraná,Paraná,0,1,sintetica
5287,35.0,Guarani,Brasil de Pelotas,Empate,0,0,sintetica
5288,35.0,Operário Ferroviário,Cruzeiro,Cruzeiro,0,1,sintetica
5289,35.0,Ponte Preta,Botafogo-SP,Ponte Preta,1,0,sintetica
5290,35.0,Sampaio Corrêa,Chapecoense,Chapecoense,1,3,sintetica
5291,36.0,América-MG,CRB,América-MG,1,0,sintetica
5292,36.0,Avaí,Ponte Preta,Ponte Preta,0,1,sintetica
5293,36.0,CSA,Brasil de Pelotas,Empate,1,1,sintetica
5294,36.0,Chapecoense,Cruzeiro,Cruzeiro,0,1,sintetica
5295,36.0,Confiança,Oeste,Confiança,3,1,sintetica
5296,36.0,Figueirense,Vitória,Empate,0,0,sintetica
5297,36.0,Guarani,Juventude,Juventude,0,1,sintetica
5298,36.0,Náutico,Paraná,Náutico,2,1,sintetica
5299,36.0,Operário Ferroviário,Cuiabá,Empate,1,1,sintetica
5300,36.0,Sampaio Corrêa,Botafogo-SP,Sampaio Corrêa,2,0,sintetica
5301,37.0,CSA,Juventude,CSA,3,2,sintetica
5302,37.0,Chapecoense,Cuiabá,Chapecoense,1,0,sintetica
5303,37.0,Confiança,Operário Ferroviário,Operário Ferroviário,1,2,sintetica
5304,37.0,Cruzeiro,Botafogo-SP,Cruzeiro,2,1,sintetica
5305,37.0,Guarani,CRB,Guarani,3,1,sintetica
5306,37.0,Oeste,Figueirense,Oeste,2,1,sintetica
5307,37.0,Paraná,América-MG,América-MG,0,1,sintetica
5308,37.0,Ponte Preta,Brasil de Pelotas,Empate,1,1,sintetica
5309,37.0,Sampaio Corrêa,Avaí,Avaí,0,1,sintetica
5310,37.0,Vitória,Náutico,Empate,0,0,sintetica
5311,38.0,América-MG,Guarani,Empate,0,0,sintetica
5312,38.0,Avaí,Cruzeiro,Empate,1,1,sintetica
5313,38.0,Botafogo-SP,Cuiabá,Empate,1,1,sintetica
5314,38.0,Brasil de Pelotas,Sampaio Corrêa,Empate,0,0,sintetica
5315,38.0,CRB,CSA,Empate,0,0,sintetica
5316,38.0,Confiança,Chapecoense,Chapecoense,0,2,sintetica
5317,38.0,Náutico,Oeste,Náutico,4,1,sintetica
5318,38.0,Operário Ferroviário,Figueirense,Operário Ferroviário,3,1,sintetica
5319,38.0,Paraná,Vitória,Vitória,1,4,sintetica
5320,38.0,Ponte Preta,Juventude,Juventude,1,3,sintetica
5321,1.0,Avaí,Ponte Preta,Empate,1,1,sintetica
5322,1.0,Botafogo,Guarani,Empate,2,2,sintetica
5323,1.0,Brusque,Vasco da Gama,Vasco da Gama,0,1,sintetica
5324,1.0,CRB,CSA,Empate,0,0,sintetica
5325,1.0,Confiança,Coritiba,Coritiba,0,1,sintetica
5326,1.0,Cruzeiro,Brasil de Pelotas,Cruzeiro,2,0,sintetica
5327,1.0,Goiás,Operário Ferroviário,Goiás,1,0,sintetica
5328,1.0,Sampaio Corrêa,Londrina,Sampaio Corrêa,1,0,sintetica
5329,1.0,Vila Nova,Náutico,Vila Nova,1,0,sintetica
5330,1.0,Vitória,Remo,Remo,1,2,sintetica
5331,2.0,Botafogo,Brasil de Pelotas,Botafogo,1,0,sintetica
5332,2.0,CSA,Operário Ferroviário,Operário Ferroviário,2,4,sintetica
5333,2.0,Coritiba,Brusque,Coritiba,4,0,sintetica
5334,2.0,Cruzeiro,Náutico,Empate,0,0,sintetica
5335,2.0,Londrina,Goiás,Empate,0,0,sintetica
5336,2.0,Ponte Preta,Guarani,Empate,0,0,sintetica
5337,2.0,Remo,Avaí,Remo,2,1,sintetica
5338,2.0,Sampaio Corrêa,Confiança,Sampaio Corrêa,3,1,sintetica
5339,2.0,Vasco da Gama,Vila Nova,Vasco da Gama,1,0,sintetica
5340,2.0,Vitória,CRB,Empate,1,1,sintetica
5341,3.0,Avaí,CRB,Avaí,1,0,sintetica
5342,3.0,Botafogo,Náutico,Botafogo,3,1,sintetica
5343,3.0,Brasil de Pelotas,Ponte Preta,Empate,1,1,sintetica
5344,3.0,CSA,Londrina,CSA,1,0,sintetica
5345,3.0,Confiança,Goiás,Goiás,1,2,sintetica
5346,3.0,Coritiba,Vasco da Gama,Empate,1,1,sintetica
5347,3.0,Cruzeiro,Vila Nova,Empate,1,1,sintetica
5348,3.0,Remo,Guarani,Empate,0,0,sintetica
5349,3.0,Sampaio Corrêa,Brusque,Empate,2,2,sintetica
5350,3.0,Vitória,Operário Ferroviário,Empate,0,0,sintetica
5351,4.0,Avaí,Operário Ferroviário,Avaí,1,0,sintetica
5352,4.0,Botafogo,Cruzeiro,Empate,3,3,sintetica
5353,4.0,Confiança,CSA,CSA,0,2,sintetica
5354,4.0,Goiás,Brusque,Empate,2,2,sintetica
5355,4.0,Guarani,CRB,Guarani,1,0,sintetica
5356,4.0,Londrina,Vitória,Londrina,1,0,sintetica
5357,4.0,Ponte Preta,Náutico,Náutico,2,3,sintetica
5358,4.0,Remo,Brasil de Pelotas,Remo,1,0,sintetica
5359,4.0,Vasco da Gama,Sampaio Corrêa,Vasco da Gama,1,0,sintetica
5360,4.0,Vila Nova,Coritiba,Coritiba,0,1,sintetica
5361,5.0,Avaí,Londrina,Avaí,2,0,sintetica
5362,5.0,Brasil de Pelotas,CRB,CRB,0,1,sintetica
5363,5.0,Brusque,CSA,CSA,2,3,sintetica
5364,5.0,Confiança,Vitória,Empate,1,1,sintetica
5365,5.0,Goiás,Vasco da Gama,Goiás,1,0,sintetica
5366,5.0,Operário Ferroviário,Guarani,Guarani,2,5,sintetica
5367,5.0,Ponte Preta,Cruzeiro,Cruzeiro,0,1,sintetica
5368,5.0,Remo,Náutico,Remo,1,0,sintetica
5369,5.0,Sampaio Corrêa,Coritiba,Coritiba,2,3,sintetica
5370,5.0,Vila Nova,Botafogo,Empate,1,1,sintetica
5371,6.0,Avaí,Confiança,Avaí,2,1,sintetica
5372,6.0,Brasil de Pelotas,Operário Ferroviário,Brasil de Pelotas,1,0,sintetica
5373,6.0,Brusque,Vitória,Empate,0,0,sintetica
5374,6.0,CRB,Náutico,Empate,1,1,sintetica
5375,6.0,Coritiba,Goiás,Empate,1,1,sintetica
5376,6.0,Londrina,Guarani,Guarani,0,1,sintetica
5377,6.0,Ponte Preta,Botafogo,Empate,0,0,sintetica
5378,6.0,Remo,Cruzeiro,Remo,1,0,sintetica
5379,6.0,Vasco da Gama,CSA,CSA,1,3,sintetica
5380,6.0,Vila Nova,Sampaio Corrêa,Sampaio Corrêa,0,2,sintetica
5381,7.0,Brusque,Avaí,Empate,0,0,sintetica
5382,7.0,CSA,Coritiba,CSA,3,0,sintetica
5383,7.0,Confiança,Guarani,Guarani,1,4,sintetica
5384,7.0,Cruzeiro,CRB,CRB,3,4,sintetica
5385,7.0,Goiás,Sampaio Corrêa,Empate,2,2,sintetica
5386,7.0,Londrina,Brasil de Pelotas,Empate,0,0,sintetica
5387,7.0,Operário Ferroviário,Náutico,Náutico,1,2,sintetica
5388,7.0,Remo,Botafogo,Botafogo,0,1,sintetica
5389,7.0,Vasco da Gama,Vitória,Vitória,0,3,sintetica
5390,7.0,Vila Nova,Ponte Preta,Empate,0,0,sintetica
5391,8.0,Avaí,Vasco da Gama,Avaí,3,1,sintetica
5392,8.0,Brasil de Pelotas,Confiança,Empate,1,1,sintetica
5393,8.0,CRB,Botafogo,CRB,2,1,sintetica
5394,8.0,Coritiba,Vitória,Coritiba,1,0,sintetica
5395,8.0,Goiás,Vila Nova,Vila Nova,1,2,sintetica
5396,8.0,Guarani,Brusque,Guarani,4,1,sintetica
5397,8.0,Londrina,Náutico,Empate,0,0,sintetica
5398,8.0,Operário Ferroviário,Cruzeiro,Operário Ferroviário,2,1,sintetica
5399,8.0,Ponte Preta,Remo,Remo,1,2,sintetica
5400,8.0,Sampaio Corrêa,CSA,Sampaio Corrêa,2,0,sintetica
5401,9.0,Brasil de Pelotas,Brusque,Brusque,0,2,sintetica
5402,9.0,CSA,Goiás,Goiás,0,1,sintetica
5403,9.0,Confiança,Náutico,Empate,0,0,sintetica
5404,9.0,Coritiba,Avaí,Coritiba,2,0,sintetica
5405,9.0,Cruzeiro,Londrina,Empate,2,2,sintetica
5406,9.0,Operário Ferroviário,Botafogo,Operário Ferroviário,1,0,sintetica
5407,9.0,Ponte Preta,CRB,Ponte Preta,1,0,sintetica
5408,9.0,Remo,Vila Nova,Vila Nova,0,1,sintetica
5409,9.0,Sampaio Corrêa,Vitória,Vitória,0,1,sintetica
5410,9.0,Vasco da Gama,Guarani,Vasco da Gama,4,1,sintetica
5411,10.0,Avaí,Sampaio Corrêa,Avaí,2,1,sintetica
5412,10.0,Brusque,Náutico,Brusque,4,3,sintetica
5413,10.0,CRB,Remo,Empate,2,2,sintetica
5414,10.0,CSA,Vila Nova,Empate,1,1,sintetica
5415,10.0,Coritiba,Guarani,Coritiba,1,0,sintetica
5416,10.0,Cruzeiro,Confiança,Cruzeiro,1,0,sintetica
5417,10.0,Londrina,Botafogo,Empate,2,2,sintetica
5418,10.0,Operário Ferroviário,Ponte Preta,Ponte Preta,1,2,sintetica
5419,10.0,Vasco da Gama,Brasil de Pelotas,Empate,1,1,sintetica
5420,10.0,Vitória,Goiás,Empate,1,1,sintetica
5421,11.0,Brasil de Pelotas,Coritiba,Coritiba,0,2,sintetica
5422,11.0,Brusque,Cruzeiro,Cruzeiro,1,2,sintetica
5423,11.0,Confiança,Botafogo,Botafogo,0,1,sintetica
5424,11.0,Goiás,Avaí,Goiás,3,0,sintetica
5425,11.0,Guarani,Sampaio Corrêa,Empate,0,0,sintetica
5426,11.0,Londrina,Ponte Preta,Londrina,2,1,sintetica
5427,11.0,Náutico,Vasco da Gama,Empate,2,2,sintetica
5428,11.0,Operário Ferroviário,Remo,Operário Ferroviário,2,1,sintetica
5429,11.0,Vila Nova,CRB,Empate,0,0,sintetica
5430,11.0,Vitória,CSA,CSA,0,1,sintetica
5431,12.0,Avaí,CSA,Empate,1,1,sintetica
5432,12.0,Brusque,Botafogo,Brusque,2,1,sintetica
5433,12.0,CRB,Operário Ferroviário,Empate,0,0,sintetica
5434,12.0,Coritiba,Náutico,Coritiba,3,1,sintetica
5435,12.0,Goiás,Guarani,Goiás,2,1,sintetica
5436,12.0,Ponte Preta,Confiança,Ponte Preta,4,2,sintetica
5437,12.0,Remo,Londrina,Londrina,0,1,sintetica
5438,12.0,Sampaio Corrêa,Brasil de Pelotas,Sampaio Corrêa,2,1,sintetica
5439,12.0,Vasco da Gama,Cruzeiro,Empate,1,1,sintetica
5440,12.0,Vitória,Vila Nova,Vila Nova,0,1,sintetica
5441,13.0,Avaí,Vitória,Empate,1,1,sintetica
5442,13.0,Botafogo,Vasco da Gama,Botafogo,2,0,sintetica
5443,13.0,CRB,Londrina,CRB,1,0,sintetica
5444,13.0,CSA,Guarani,Empate,1,1,sintetica
5445,13.0,Cruzeiro,Coritiba,Empate,0,0,sintetica
5446,13.0,Goiás,Brasil de Pelotas,Goiás,2,1,sintetica
5447,13.0,Operário Ferroviário,Vila Nova,Vila Nova,1,2,sintetica
5448,13.0,Ponte Preta,Brusque,Ponte Preta,3,0,sintetica
5449,13.0,Remo,Confiança,Empate,0,0,sintetica
5450,13.0,Sampaio Corrêa,Náutico,Sampaio Corrêa,2,0,sintetica
5451,14.0,Brasil de Pelotas,CSA,CSA,0,1,sintetica
5452,14.0,CRB,Confiança,CRB,3,2,sintetica
5453,14.0,Coritiba,Botafogo,Botafogo,0,1,sintetica
5454,14.0,Goiás,Náutico,Náutico,0,1,sintetica
5455,14.0,Guarani,Vitória,Empate,1,1,sintetica
5456,14.0,Londrina,Operário Ferroviário,Operário Ferroviário,1,2,sintetica
5457,14.0,Ponte Preta,Vasco da Gama,Empate,1,1,sintetica
5458,14.0,Remo,Brusque,Remo,2,1,sintetica
5459,14.0,Sampaio Corrêa,Cruzeiro,Empate,1,1,sintetica
5460,14.0,Vila Nova,Avaí,Vila Nova,1,0,sintetica
5461,15.0,Brusque,CRB,Brusque,1,0,sintetica
5462,15.0,Goiás,Cruzeiro,Empate,1,1,sintetica
5463,15.0,Guarani,Avaí,Guarani,4,0,sintetica
5464,15.0,Londrina,Vila Nova,Londrina,1,0,sintetica
5465,15.0,Náutico,CSA,Náutico,1,0,sintetica
5466,15.0,Operário Ferroviário,Confiança,Empate,0,0,sintetica
5467,15.0,Ponte Preta,Coritiba,Ponte Preta,3,2,sintetica
5468,15.0,Sampaio Corrêa,Botafogo,Sampaio Corrêa,2,0,sintetica
5469,15.0,Vasco da Gama,Remo,Empate,2,2,sintetica
5470,15.0,Vitória,Brasil de Pelotas,Vitória,4,0,sintetica
5471,16.0,Avaí,Brasil de Pelotas,Empate,1,1,sintetica
5472,16.0,Botafogo,Goiás,Goiás,0,2,sintetica
5473,16.0,CRB,Vasco da Gama,Empate,1,1,sintetica
5474,16.0,CSA,Cruzeiro,CSA,2,1,sintetica
5475,16.0,Guarani,Vila Nova,Vila Nova,1,4,sintetica
5476,16.0,Londrina,Confiança,Empate,0,0,sintetica
5477,16.0,Náutico,Vitória,Empate,1,1,sintetica
5478,16.0,Operário Ferroviário,Brusque,Empate,1,1,sintetica
5479,16.0,Ponte Preta,Sampaio Corrêa,Ponte Preta,3,2,sintetica
5480,16.0,Remo,Coritiba,Empate,0,0,sintetica
5481,17.0,Avaí,Náutico,Avaí,2,0,sintetica
5482,17.0,Brasil de Pelotas,Guarani,Guarani,0,1,sintetica
5483,17.0,Brusque,Londrina,Empate,0,0,sintetica
5484,17.0,CRB,Coritiba,Empate,1,1,sintetica
5485,17.0,CSA,Botafogo,CSA,2,0,sintetica
5486,17.0,Ponte Preta,Goiás,Ponte Preta,2,1,sintetica
5487,17.0,Remo,Sampaio Corrêa,Sampaio Corrêa,0,2,sintetica
5488,17.0,Vasco da Gama,Operário Ferroviário,Operário Ferroviário,0,2,sintetica
5489,17.0,Vila Nova,Confiança,Empate,0,0,sintetica
5490,17.0,Vitória,Cruzeiro,Vitória,3,0,sintetica
5491,18.0,Avaí,Cruzeiro,Avaí,1,0,sintetica
5492,18.0,CSA,Ponte Preta,CSA,2,1,sintetica
5493,18.0,Confiança,Brusque,Confiança,3,2,sintetica
5494,18.0,Guarani,Náutico,Náutico,1,3,sintetica
5495,18.0,Londrina,Vasco da Gama,Londrina,3,0,sintetica
5496,18.0,Operário Ferroviário,Coritiba,Operário Ferroviário,1,0,sintetica
5497,18.0,Remo,Goiás,Goiás,0,1,sintetica
5498,18.0,Sampaio Corrêa,CRB,CRB,2,3,sintetica
5499,18.0,Vila Nova,Brasil de Pelotas,Empate,0,0,sintetica
5500,18.0,Vitória,Botafogo,Empate,0,0,sintetica
5501,19.0,Avaí,Botafogo,Empate,1,1,sintetica
5502,19.0,Brasil de Pelotas,Náutico,Brasil de Pelotas,3,2,sintetica
5503,19.0,Brusque,Vila Nova,Vila Nova,2,3,sintetica
5504,19.0,CSA,Remo,CSA,2,0,sintetica
5505,19.0,Cruzeiro,Guarani,Empate,3,3,sintetica
5506,19.0,Goiás,CRB,Goiás,1,0,sintetica
5507,19.0,Londrina,Coritiba,Coritiba,2,3,sintetica
5508,19.0,Sampaio Corrêa,Operário Ferroviário,Empate,0,0,sintetica
5509,19.0,Vasco da Gama,Confiança,Vasco da Gama,1,0,sintetica
5510,19.0,Vitória,Ponte Preta,Vitória,1,0,sintetica
5511,20.0,Brasil de Pelotas,Cruzeiro,Empate,0,0,sintetica
5512,20.0,CSA,CRB,CRB,0,1,sintetica
5513,20.0,Coritiba,Confiança,Empate,1,1,sintetica
5514,20.0,Guarani,Botafogo,Empate,1,1,sintetica
5515,20.0,Londrina,Sampaio Corrêa,Londrina,3,1,sintetica
5516,20.0,Náutico,Vila Nova,Náutico,2,0,sintetica
5517,20.0,Operário Ferroviário,Goiás,Empate,1,1,sintetica
5518,20.0,Ponte Preta,Avaí,Empate,0,0,sintetica
5519,20.0,Remo,Vitória,Empate,0,0,sintetica
5520,20.0,Vasco da Gama,Brusque,Vasco da Gama,2,1,sintetica
5521,21.0,Avaí,Remo,Avaí,1,0,sintetica
5522,21.0,Brasil de Pelotas,Botafogo,Botafogo,0,1,sintetica
5523,21.0,Brusque,Coritiba,Empate,0,0,sintetica
5524,21.0,CRB,Vitória,CRB,3,1,sintetica
5525,21.0,Confiança,Sampaio Corrêa,Confiança,2,0,sintetica
5526,21.0,Goiás,Londrina,Empate,0,0,sintetica
5527,21.0,Guarani,Ponte Preta,Guarani,1,0,sintetica
5528,21.0,Náutico,Cruzeiro,Cruzeiro,0,1,sintetica
5529,21.0,Operário Ferroviário,CSA,CSA,0,2,sintetica
5530,21.0,Vila Nova,Vasco da Gama,Empate,2,2,sintetica
5531,22.0,Brusque,Sampaio Corrêa,Empate,0,0,sintetica
5532,22.0,CRB,Avaí,Avaí,1,2,sintetica
5533,22.0,Goiás,Confiança,Goiás,2,0,sintetica
5534,22.0,Guarani,Remo,Guarani,2,0,sintetica
5535,22.0,Londrina,CSA,CSA,0,2,sintetica
5536,22.0,Náutico,Botafogo,Náutico,3,1,sintetica
5537,22.0,Operário Ferroviário,Vitória,Vitória,0,1,sintetica
5538,22.0,Ponte Preta,Brasil de Pelotas,Ponte Preta,1,0,sintetica
5539,22.0,Vasco da Gama,Coritiba,Vasco da Gama,2,1,sintetica
5540,22.0,Vila Nova,Cruzeiro,Empate,0,0,sintetica
5541,23.0,Brasil de Pelotas,Remo,Empate,1,1,sintetica
5542,23.0,Brusque,Goiás,Goiás,0,1,sintetica
5543,23.0,CRB,Guarani,Empate,2,2,sintetica
5544,23.0,CSA,Confiança,Empate,0,0,sintetica
5545,23.0,Coritiba,Vila Nova,Coritiba,1,0,sintetica
5546,23.0,Cruzeiro,Botafogo,Empate,0,0,sintetica
5547,23.0,Náutico,Ponte Preta,Empate,1,1,sintetica
5548,23.0,Operário Ferroviário,Avaí,Operário Ferroviário,2,1,sintetica
5549,23.0,Sampaio Corrêa,Vasco da Gama,Sampaio Corrêa,1,0,sintetica
5550,23.0,Vitória,Londrina,Londrina,1,2,sintetica
5551,24.0,Botafogo,Vila Nova,Botafogo,3,2,sintetica
5552,24.0,CRB,Brasil de Pelotas,CRB,2,1,sintetica
5553,24.0,CSA,Brusque,CSA,4,1,sintetica
5554,24.0,Coritiba,Sampaio Corrêa,Coritiba,3,0,sintetica
5555,24.0,Cruzeiro,Ponte Preta,Cruzeiro,1,0,sintetica
5556,24.0,Guarani,Operário Ferroviário,Guarani,3,0,sintetica
5557,24.0,Londrina,Avaí,Avaí,1,3,sintetica
5558,24.0,Náutico,Remo,Empate,1,1,sintetica
5559,24.0,Vasco da Gama,Goiás,Vasco da Gama,2,0,sintetica
5560,24.0,Vitória,Confiança,Confiança,0,1,sintetica
5561,25.0,Botafogo,Ponte Preta,Botafogo,2,0,sintetica
5562,25.0,CSA,Vasco da Gama,Empate,2,2,sintetica
5563,25.0,Confiança,Avaí,Confiança,3,1,sintetica
5564,25.0,Cruzeiro,Remo,Remo,1,3,sintetica
5565,25.0,Goiás,Coritiba,Goiás,2,1,sintetica
5566,25.0,Guarani,Londrina,Guarani,3,0,sintetica
5567,25.0,Náutico,CRB,CRB,1,3,sintetica
5568,25.0,Operário Ferroviário,Brasil de Pelotas,Operário Ferroviário,2,1,sintetica
5569,25.0,Sampaio Corrêa,Vila Nova,Sampaio Corrêa,3,0,sintetica
5570,25.0,Vitória,Brusque,Vitória,3,1,sintetica
5571,26.0,Avaí,Brusque,Brusque,1,2,sintetica
5572,26.0,Botafogo,Remo,Botafogo,3,0,sintetica
5573,26.0,Brasil de Pelotas,Londrina,Empate,0,0,sintetica
5574,26.0,CRB,Cruzeiro,Empate,0,0,sintetica
5575,26.0,Coritiba,CSA,CSA,0,1,sintetica
5576,26.0,Guarani,Confiança,Confiança,1,2,sintetica
5577,26.0,Náutico,Operário Ferroviário,Náutico,5,0,sintetica
5578,26.0,Ponte Preta,Vila Nova,Empate,1,1,sintetica
5579,26.0,Sampaio Corrêa,Goiás,Empate,0,0,sintetica
5580,26.0,Vitória,Vasco da Gama,Vasco da Gama,0,1,sintetica
5581,27.0,Botafogo,CRB,Botafogo,2,0,sintetica
5582,27.0,Brusque,Guarani,Brusque,2,0,sintetica
5583,27.0,CSA,Sampaio Corrêa,Empate,0,0,sintetica
5584,27.0,Confiança,Brasil de Pelotas,Empate,1,1,sintetica
5585,27.0,Cruzeiro,Operário Ferroviário,Empate,1,1,sintetica
5586,27.0,Náutico,Londrina,Londrina,1,2,sintetica
5587,27.0,Remo,Ponte Preta,Ponte Preta,0,1,sintetica
5588,27.0,Vasco da Gama,Avaí,Avaí,0,2,sintetica
5589,27.0,Vila Nova,Goiás,Empate,0,0,sintetica
5590,27.0,Vitória,Coritiba,Empate,0,0,sintetica
5591,28.0,Avaí,Coritiba,Coritiba,1,2,sintetica
5592,28.0,Botafogo,Operário Ferroviário,Botafogo,2,1,sintetica
5593,28.0,Brusque,Brasil de Pelotas,Brusque,1,0,sintetica
5594,28.0,CRB,Ponte Preta,Empate,1,1,sintetica
5595,28.0,Goiás,CSA,Goiás,3,1,sintetica
5596,28.0,Guarani,Vasco da Gama,Guarani,1,0,sintetica
5597,28.0,Londrina,Cruzeiro,Cruzeiro,0,1,sintetica
5598,28.0,Náutico,Confiança,Confiança,0,4,sintetica
5599,28.0,Vila Nova,Remo,Vila Nova,1,0,sintetica
5600,28.0,Vitória,Sampaio Corrêa,Empate,2,2,sintetica
5601,29.0,Botafogo,Londrina,Botafogo,4,0,sintetica
5602,29.0,Brasil de Pelotas,Vasco da Gama,Vasco da Gama,1,2,sintetica
5603,29.0,Confiança,Cruzeiro,Confiança,3,1,sintetica
5604,29.0,Goiás,Vitória,Goiás,3,0,sintetica
5605,29.0,Guarani,Coritiba,Coritiba,0,2,sintetica
5606,29.0,Náutico,Brusque,Empate,1,1,sintetica
5607,29.0,Ponte Preta,Operário Ferroviário,Empate,0,0,sintetica
5608,29.0,Remo,CRB,CRB,1,2,sintetica
5609,29.0,Sampaio Corrêa,Avaí,Avaí,0,2,sintetica
5610,29.0,Vila Nova,CSA,Vila Nova,1,0,sintetica
5611,30.0,Avaí,Goiás,Avaí,1,0,sintetica
5612,30.0,Botafogo,Confiança,Botafogo,1,0,sintetica
5613,30.0,CRB,Vila Nova,CRB,2,1,sintetica
5614,30.0,CSA,Vitória,CSA,2,1,sintetica
5615,30.0,Coritiba,Brasil de Pelotas,Coritiba,2,1,sintetica
5616,30.0,Cruzeiro,Brusque,Cruzeiro,2,0,sintetica
5617,30.0,Ponte Preta,Londrina,Ponte Preta,2,1,sintetica
5618,30.0,Remo,Operário Ferroviário,Operário Ferroviário,0,1,sintetica
5619,30.0,Sampaio Corrêa,Guarani,Guarani,0,1,sintetica
5620,30.0,Vasco da Gama,Náutico,Empate,1,1,sintetica
5621,31.0,Botafogo,Brusque,Botafogo,3,0,sintetica
5622,31.0,Brasil de Pelotas,Sampaio Corrêa,Sampaio Corrêa,1,2,sintetica
5623,31.0,CSA,Avaí,Empate,0,0,sintetica
5624,31.0,Confiança,Ponte Preta,Ponte Preta,0,1,sintetica
5625,31.0,Cruzeiro,Vasco da Gama,Cruzeiro,2,1,sintetica
5626,31.0,Guarani,Goiás,Goiás,0,2,sintetica
5627,31.0,Londrina,Remo,Londrina,1,0,sintetica
5628,31.0,Náutico,Coritiba,Náutico,2,1,sintetica
5629,31.0,Operário Ferroviário,CRB,Operário Ferroviário,2,1,sintetica
5630,31.0,Vila Nova,Vitória,Empate,0,0,sintetica
5631,32.0,Brasil de Pelotas,Goiás,Brasil de Pelotas,2,1,sintetica
5632,32.0,Brusque,Ponte Preta,Brusque,2,1,sintetica
5633,32.0,Confiança,Remo,Remo,1,2,sintetica
5634,32.0,Coritiba,Cruzeiro,Cruzeiro,0,3,sintetica
5635,32.0,Guarani,CSA,Guarani,1,0,sintetica
5636,32.0,Londrina,CRB,CRB,0,2,sintetica
5637,32.0,Náutico,Sampaio Corrêa,Náutico,2,1,sintetica
5638,32.0,Vasco da Gama,Botafogo,Botafogo,0,4,sintetica
5639,32.0,Vila Nova,Operário Ferroviário,Vila Nova,2,1,sintetica
5640,32.0,Vitória,Avaí,Empate,0,0,sintetica
5641,33.0,Avaí,Vila Nova,Empate,1,1,sintetica
5642,33.0,Botafogo,Coritiba,Botafogo,2,0,sintetica
5643,33.0,Brusque,Remo,Brusque,3,1,sintetica
5644,33.0,CSA,Brasil de Pelotas,CSA,4,0,sintetica
5645,33.0,Confiança,CRB,CRB,1,2,sintetica
5646,33.0,Cruzeiro,Sampaio Corrêa,Empate,1,1,sintetica
5647,33.0,Náutico,Goiás,Náutico,3,2,sintetica
5648,33.0,Operário Ferroviário,Londrina,Empate,0,0,sintetica
5649,33.0,Vasco da Gama,Ponte Preta,Vasco da Gama,2,0,sintetica
5650,33.0,Vitória,Guarani,Vitória,1,0,sintetica
5651,34.0,Avaí,Guarani,Guarani,0,1,sintetica
5652,34.0,Botafogo,Sampaio Corrêa,Botafogo,2,0,sintetica
5653,34.0,Brasil de Pelotas,Vitória,Brasil de Pelotas,1,0,sintetica
5654,34.0,CRB,Brusque,CRB,3,0,sintetica
5655,34.0,CSA,Náutico,Náutico,0,1,sintetica
5656,34.0,Confiança,Operário Ferroviário,Confiança,1,0,sintetica
5657,34.0,Coritiba,Ponte Preta,Coritiba,2,0,sintetica
5658,34.0,Cruzeiro,Goiás,Empate,1,1,sintetica
5659,34.0,Remo,Vasco da Gama,Remo,2,1,sintetica
5660,34.0,Vila Nova,Londrina,Vila Nova,2,1,sintetica
5661,35.0,Brasil de Pelotas,Avaí,Avaí,0,1,sintetica
5662,35.0,Brusque,Operário Ferroviário,Brusque,2,0,sintetica
5663,35.0,Confiança,Londrina,Londrina,0,2,sintetica
5664,35.0,Coritiba,Remo,Coritiba,2,1,sintetica
5665,35.0,Cruzeiro,CSA,CSA,1,2,sintetica
5666,35.0,Goiás,Botafogo,Empate,1,1,sintetica
5667,35.0,Sampaio Corrêa,Ponte Preta,Sampaio Corrêa,1,0,sintetica
5668,35.0,Vasco da Gama,CRB,Vasco da Gama,3,0,sintetica
5669,35.0,Vila Nova,Guarani,Empate,2,2,sintetica
5670,35.0,Vitória,Náutico,Náutico,0,1,sintetica
5671,36.0,Botafogo,CSA,Botafogo,2,0,sintetica
5672,36.0,Confiança,Vila Nova,Confiança,1,0,sintetica
5673,36.0,Coritiba,CRB,Empate,1,1,sintetica
5674,36.0,Cruzeiro,Vitória,Empate,2,2,sintetica
5675,36.0,Goiás,Ponte Preta,Empate,2,2,sintetica
5676,36.0,Guarani,Brasil de Pelotas,Guarani,2,0,sintetica
5677,36.0,Londrina,Brusque,Brusque,0,1,sintetica
5678,36.0,Náutico,Avaí,Avaí,1,2,sintetica
5679,36.0,Operário Ferroviário,Vasco da Gama,Operário Ferroviário,2,0,sintetica
5680,36.0,Sampaio Corrêa,Remo,Empate,1,1,sintetica
5681,37.0,Botafogo,Vitória,Botafogo,1,0,sintetica
5682,37.0,Brasil de Pelotas,Vila Nova,Empate,2,2,sintetica
5683,37.0,Brusque,Confiança,Brusque,3,0,sintetica
5684,37.0,CRB,Sampaio Corrêa,CRB,1,0,sintetica
5685,37.0,Coritiba,Operário Ferroviário,Coritiba,3,1,sintetica
5686,37.0,Cruzeiro,Avaí,Avaí,0,3,sintetica
5687,37.0,Goiás,Remo,Empate,1,1,sintetica
5688,37.0,Náutico,Guarani,Empate,1,1,sintetica
5689,37.0,Ponte Preta,CSA,Ponte Preta,2,1,sintetica
5690,37.0,Vasco da Gama,Londrina,Londrina,1,2,sintetica
5691,38.0,Botafogo,Avaí,Avaí,1,2,sintetica
5692,38.0,CRB,Goiás,Goiás,0,1,sintetica
5693,38.0,Confiança,Vasco da Gama,Vasco da Gama,1,2,sintetica
5694,38.0,Coritiba,Londrina,Empate,1,1,sintetica
5695,38.0,Guarani,Cruzeiro,Empate,1,1,sintetica
5696,38.0,Náutico,Brasil de Pelotas,Náutico,2,1,sintetica
5697,38.0,Operário Ferroviário,Sampaio Corrêa,Operário Ferroviário,1,0,sintetica
5698,38.0,Ponte Preta,Vitória,Empate,0,0,sintetica
5699,38.0,Remo,CSA,Remo,1,0,sintetica
5700,38.0,Vila Nova,Brusque,Brusque,0,1,sintetica
5701,1.0,CSA,Brusque,CSA,1,0,sintetica
5702,1.0,Criciúma,Cruzeiro,Cruzeiro,0,1,sintetica
5703,1.0,Grêmio,Ponte Preta,Grêmio,2,1,sintetica
5704,1.0,Novorizontino,Londrina,Londrina,0,1,sintetica
5705,1.0,Náutico,CRB,Náutico,2,1,sintetica
5706,1.0,Operário Ferroviário,Bahia,Bahia,0,1,sintetica
5707,1.0,Sampaio Corrêa,Ituano,Sampaio Corrêa,2,0,sintetica
5708,1.0,Sport,Guarani,Sport,2,1,sintetica
5709,1.0,Tombense,Chapecoense,Tombense,2,1,sintetica
5710,1.0,Vasco da Gama,Vila Nova,Empate,1,1,sintetica
5711,2.0,CRB,Operário Ferroviário,CRB,2,1,sintetica
5712,2.0,Criciúma,Bahia,Empate,0,0,sintetica
5713,2.0,Grêmio,Brusque,Grêmio,3,0,sintetica
5714,2.0,Ituano,Chapecoense,Ituano,1,0,sintetica
5715,2.0,Londrina,Cruzeiro,Cruzeiro,1,2,sintetica
5716,2.0,Náutico,CSA,Empate,1,1,sintetica
5717,2.0,Sampaio Corrêa,Vasco da Gama,Sampaio Corrêa,3,1,sintetica
5718,2.0,Sport,Novorizontino,Sport,1,0,sintetica
5719,2.0,Tombense,Ponte Preta,Empate,0,0,sintetica
5720,2.0,Vila Nova,Guarani,Vila Nova,2,1,sintetica
5721,3.0,Brusque,Tombense,Brusque,1,0,sintetica
5722,3.0,CRB,Criciúma,Empate,0,0,sintetica
5723,3.0,CSA,Operário Ferroviário,Empate,0,0,sintetica
5724,3.0,Chapecoense,Ponte Preta,Chapecoense,3,0,sintetica
5725,3.0,Grêmio,Náutico,Grêmio,2,0,sintetica
5726,3.0,Guarani,Sampaio Corrêa,Guarani,3,0,sintetica
5727,3.0,Ituano,Vasco da Gama,Vasco da Gama,0,1,sintetica
5728,3.0,Londrina,Bahia,Empate,1,1,sintetica
5729,3.0,Novorizontino,Vila Nova,Empate,1,1,sintetica
5730,3.0,Sport,Cruzeiro,Sport,3,1,sintetica
5731,4.0,CRB,Londrina,CRB,1,0,sintetica
5732,4.0,Criciúma,CSA,Criciúma,2,1,sintetica
5733,4.0,Ituano,Guarani,Ituano,2,1,sintetica
5734,4.0,Novorizontino,Sampaio Corrêa,Empate,0,0,sintetica
5735,4.0,Operário Ferroviário,Grêmio,Grêmio,0,1,sintetica
5736,4.0,Ponte Preta,Brusque,Ponte Preta,2,0,sintetica
5737,4.0,Sport,Bahia,Sport,1,0,sintetica
5738,4.0,Tombense,Náutico,Empate,1,1,sintetica
5739,4.0,Vasco da Gama,Chapecoense,Empate,0,0,sintetica
5740,4.0,Vila Nova,Cruzeiro,Vila Nova,1,0,sintetica
5741,5.0,Bahia,Vila Nova,Empate,1,1,sintetica
5742,5.0,CSA,Londrina,Londrina,0,1,sintetica
5743,5.0,Chapecoense,Brusque,Chapecoense,1,0,sintetica
5744,5.0,Criciúma,Grêmio,Criciúma,2,0,sintetica
5745,5.0,Cruzeiro,Sampaio Corrêa,Cruzeiro,2,0,sintetica
5746,5.0,Ituano,Novorizontino,Ituano,1,0,sintetica
5747,5.0,Náutico,Ponte Preta,Ponte Preta,0,1,sintetica
5748,5.0,Sport,CRB,CRB,0,1,sintetica
5749,5.0,Tombense,Operário Ferroviário,Empate,1,1,sintetica
5750,5.0,Vasco da Gama,Guarani,Vasco da Gama,2,1,sintetica
5751,6.0,Bahia,Sampaio Corrêa,Bahia,1,0,sintetica
5752,6.0,Brusque,Náutico,Náutico,1,2,sintetica
5753,6.0,Criciúma,Tombense,Criciúma,2,0,sintetica
5754,6.0,Grêmio,Londrina,Grêmio,1,0,sintetica
5755,6.0,Guarani,Chapecoense,Guarani,1,0,sintetica
5756,6.0,Ituano,Cruzeiro,Empate,1,1,sintetica
5757,6.0,Ponte Preta,Operário Ferroviário,Ponte Preta,3,0,sintetica
5758,6.0,Sport,CSA,Sport,4,0,sintetica
5759,6.0,Vasco da Gama,Novorizontino,Vasco da Gama,3,0,sintetica
5760,6.0,Vila Nova,CRB,Vila Nova,1,0,sintetica
5761,7.0,Bahia,Ituano,Bahia,2,0,sintetica
5762,7.0,Chapecoense,Náutico,Chapecoense,1,0,sintetica
5763,7.0,Criciúma,Ponte Preta,Empate,1,1,sintetica
5764,7.0,Guarani,Novorizontino,Guarani,2,0,sintetica
5765,7.0,Londrina,Tombense,Empate,1,1,sintetica
5766,7.0,Operário Ferroviário,Brusque,Empate,0,0,sintetica
5767,7.0,Sampaio Corrêa,CRB,CRB,1,2,sintetica
5768,7.0,Sport,Grêmio,Empate,0,0,sintetica
5769,7.0,Vasco da Gama,Cruzeiro,Vasco da Gama,1,0,sintetica
5770,7.0,Vila Nova,CSA,CSA,1,2,sintetica
5771,8.0,Bahia,Vasco da Gama,Bahia,2,1,sintetica
5772,8.0,CRB,Ituano,Empate,1,1,sintetica
5773,8.0,CSA,Sampaio Corrêa,Empate,0,0,sintetica
5774,8.0,Criciúma,Brusque,Brusque,0,1,sintetica
5775,8.0,Cruzeiro,Guarani,Guarani,0,1,sintetica
5776,8.0,Grêmio,Vila Nova,Grêmio,2,1,sintetica
5777,8.0,Novorizontino,Chapecoense,Chapecoense,0,3,sintetica
5778,8.0,Náutico,Operário Ferroviário,Náutico,2,0,sintetica
5779,8.0,Ponte Preta,Londrina,Londrina,1,2,sintetica
5780,8.0,Tombense,Sport,Tombense,1,0,sintetica
5781,9.0,Bahia,Guarani,Empate,1,1,sintetica
5782,9.0,Brusque,Londrina,Londrina,0,1,sintetica
5783,9.0,CRB,Vasco da Gama,Empate,1,1,sintetica
5784,9.0,CSA,Ituano,Ituano,1,3,sintetica
5785,9.0,Criciúma,Náutico,Criciúma,2,1,sintetica
5786,9.0,Cruzeiro,Novorizontino,Cruzeiro,2,1,sintetica
5787,9.0,Grêmio,Sampaio Corrêa,Grêmio,2,0,sintetica
5788,9.0,Operário Ferroviário,Chapecoense,Operário Ferroviário,2,1,sintetica
5789,9.0,Sport,Ponte Preta,Sport,2,1,sintetica
5790,9.0,Tombense,Vila Nova,Empate,0,0,sintetica
5791,10.0,Brusque,Sport,Sport,0,1,sintetica
5792,10.0,CRB,Guarani,Empate,1,1,sintetica
5793,10.0,Cruzeiro,Chapecoense,Empate,1,1,sintetica
5794,10.0,Ituano,Grêmio,Empate,1,1,sintetica
5795,10.0,Novorizontino,Bahia,Empate,1,1,sintetica
5796,10.0,Náutico,Londrina,Londrina,1,2,sintetica
5797,10.0,Operário Ferroviário,Criciúma,Operário Ferroviário,2,0,sintetica
5798,10.0,Tombense,Sampaio Corrêa,Tombense,3,0,sintetica
5799,10.0,Vasco da Gama,CSA,Vasco da Gama,1,0,sintetica
5800,10.0,Vila Nova,Ponte Preta,Empate,1,1,sintetica
5801,11.0,Bahia,Cruzeiro,Bahia,2,0,sintetica
5802,11.0,Brusque,Vila Nova,Vila Nova,0,1,sintetica
5803,11.0,CRB,Novorizontino,CRB,2,1,sintetica
5804,11.0,Criciúma,Chapecoense,Criciúma,2,0,sintetica
5805,11.0,Grêmio,Vasco da Gama,Grêmio,2,1,sintetica
5806,11.0,Guarani,CSA,Empate,0,0,sintetica
5807,11.0,Ituano,Tombense,Ituano,3,0,sintetica
5808,11.0,Londrina,Operário Ferroviário,Londrina,2,1,sintetica
5809,11.0,Sampaio Corrêa,Ponte Preta,Sampaio Corrêa,2,1,sintetica
5810,11.0,Sport,Náutico,Sport,2,1,sintetica
5811,12.0,Chapecoense,Bahia,Chapecoense,3,1,sintetica
5812,12.0,Criciúma,Londrina,Criciúma,1,0,sintetica
5813,12.0,Cruzeiro,CRB,Cruzeiro,2,0,sintetica
5814,12.0,Grêmio,Guarani,Grêmio,3,1,sintetica
5815,12.0,Novorizontino,CSA,Empate,1,1,sintetica
5816,12.0,Operário Ferroviário,Sport,Empate,0,0,sintetica
5817,12.0,Ponte Preta,Ituano,Empate,1,1,sintetica
5818,12.0,Sampaio Corrêa,Brusque,Sampaio Corrêa,3,1,sintetica
5819,12.0,Tombense,Vasco da Gama,Empate,1,1,sintetica
5820,12.0,Vila Nova,Náutico,Vila Nova,2,0,sintetica
5821,13.0,CRB,Bahia,Bahia,1,2,sintetica
5822,13.0,CSA,Cruzeiro,Empate,1,1,sintetica
5823,13.0,Criciúma,Sport,Empate,1,1,sintetica
5824,13.0,Grêmio,Novorizontino,Grêmio,2,0,sintetica
5825,13.0,Guarani,Tombense,Guarani,2,1,sintetica
5826,13.0,Ituano,Brusque,Ituano,2,0,sintetica
5827,13.0,Londrina,Chapecoense,Londrina,2,1,sintetica
5828,13.0,Ponte Preta,Vasco da Gama,Ponte Preta,3,1,sintetica
5829,13.0,Sampaio Corrêa,Náutico,Sampaio Corrêa,2,0,sintetica
5830,13.0,Vila Nova,Operário Ferroviário,Empate,0,0,sintetica
5831,14.0,Bahia,CSA,Bahia,1,0,sintetica
5832,14.0,Brusque,Vasco da Gama,Brusque,1,0,sintetica
5833,14.0,CRB,Chapecoense,CRB,2,1,sintetica
5834,14.0,Criciúma,Vila Nova,Criciúma,1,0,sintetica
5835,14.0,Cruzeiro,Grêmio,Cruzeiro,1,0,sintetica
5836,14.0,Guarani,Ponte Preta,Empate,0,0,sintetica
5837,14.0,Londrina,Sport,Londrina,2,1,sintetica
5838,14.0,Novorizontino,Tombense,Tombense,1,3,sintetica
5839,14.0,Náutico,Ituano,Náutico,2,0,sintetica
5840,14.0,Operário Ferroviário,Sampaio Corrêa,Empate,1,1,sintetica
5841,15.0,CSA,CRB,Empate,1,1,sintetica
5842,15.0,Chapecoense,Sport,Sport,0,1,sintetica
5843,15.0,Cruzeiro,Tombense,Cruzeiro,2,0,sintetica
5844,15.0,Grêmio,Bahia,Empate,1,1,sintetica
5845,15.0,Guarani,Brusque,Empate,1,1,sintetica
5846,15.0,Ituano,Operário Ferroviário,Empate,0,0,sintetica
5847,15.0,Novorizontino,Ponte Preta,Empate,1,1,sintetica
5848,15.0,Sampaio Corrêa,Criciúma,Empate,1,1,sintetica
5849,15.0,Vasco da Gama,Náutico,Vasco da Gama,4,1,sintetica
5850,15.0,Vila Nova,Londrina,Empate,0,0,sintetica
5851,16.0,CRB,Grêmio,CRB,2,0,sintetica
5852,16.0,Chapecoense,CSA,Chapecoense,1,0,sintetica
5853,16.0,Guarani,Náutico,Guarani,1,0,sintetica
5854,16.0,Ituano,Criciúma,Criciúma,1,2,sintetica
5855,16.0,Londrina,Sampaio Corrêa,Londrina,1,0,sintetica
5856,16.0,Novorizontino,Brusque,Novorizontino,1,0,sintetica
5857,16.0,Ponte Preta,Cruzeiro,Cruzeiro,1,4,sintetica
5858,16.0,Tombense,Bahia,Tombense,1,0,sintetica
5859,16.0,Vasco da Gama,Operário Ferroviário,Vasco da Gama,3,0,sintetica
5860,16.0,Vila Nova,Sport,Empate,0,0,sintetica
5861,17.0,Brusque,Cruzeiro,Empate,0,0,sintetica
5862,17.0,CSA,Grêmio,Empate,1,1,sintetica
5863,17.0,Criciúma,Vasco da Gama,Vasco da Gama,0,1,sintetica
5864,17.0,Guarani,Operário Ferroviário,Operário Ferroviário,0,3,sintetica
5865,17.0,Ituano,Londrina,Empate,0,0,sintetica
5866,17.0,Náutico,Novorizontino,Náutico,3,1,sintetica
5867,17.0,Ponte Preta,Bahia,Ponte Preta,2,0,sintetica
5868,17.0,Sport,Sampaio Corrêa,Sport,1,0,sintetica
5869,17.0,Tombense,CRB,CRB,1,2,sintetica
5870,17.0,Vila Nova,Chapecoense,Empate,0,0,sintetica
5871,18.0,Bahia,Brusque,Bahia,1,0,sintetica
5872,18.0,CSA,Tombense,CSA,2,0,sintetica
5873,18.0,Grêmio,Chapecoense,Chapecoense,0,1,sintetica
5874,18.0,Guarani,Criciúma,Guarani,1,0,sintetica
5875,18.0,Londrina,Vasco da Gama,Vasco da Gama,0,1,sintetica
5876,18.0,Náutico,Cruzeiro,Cruzeiro,0,1,sintetica
5877,18.0,Operário Ferroviário,Novorizontino,Novorizontino,0,3,sintetica
5878,18.0,Ponte Preta,CRB,Ponte Preta,1,0,sintetica
5879,18.0,Sport,Ituano,Sport,1,0,sintetica
5880,18.0,Vila Nova,Sampaio Corrêa,Empate,0,0,sintetica
5881,19.0,CRB,Brusque,Empate,1,1,sintetica
5882,19.0,Cruzeiro,Operário Ferroviário,Cruzeiro,1,0,sintetica
5883,19.0,Grêmio,Tombense,Grêmio,3,0,sintetica
5884,19.0,Londrina,Guarani,Londrina,3,1,sintetica
5885,19.0,Novorizontino,Criciúma,Novorizontino,3,1,sintetica
5886,19.0,Náutico,Bahia,Bahia,0,1,sintetica
5887,19.0,Ponte Preta,CSA,CSA,0,2,sintetica
5888,19.0,Sampaio Corrêa,Chapecoense,Sampaio Corrêa,2,1,sintetica
5889,19.0,Vasco da Gama,Sport,Empate,0,0,sintetica
5890,19.0,Vila Nova,Ituano,Empate,1,1,sintetica
5891,20.0,Bahia,Operário Ferroviário,Empate,2,2,sintetica
5892,20.0,Brusque,CSA,Brusque,2,0,sintetica
5893,20.0,CRB,Náutico,Náutico,1,2,sintetica
5894,20.0,Chapecoense,Tombense,Chapecoense,3,2,sintetica
5895,20.0,Cruzeiro,Criciúma,Empate,1,1,sintetica
5896,20.0,Guarani,Sport,Empate,0,0,sintetica
5897,20.0,Ituano,Sampaio Corrêa,Ituano,1,0,sintetica
5898,20.0,Londrina,Novorizontino,Empate,1,1,sintetica
5899,20.0,Ponte Preta,Grêmio,Empate,0,0,sintetica
5900,20.0,Vila Nova,Vasco da Gama,Vila Nova,1,0,sintetica
5901,21.0,Bahia,Criciúma,Bahia,2,1,sintetica
5902,21.0,Brusque,Grêmio,Empate,1,1,sintetica
5903,21.0,CSA,Náutico,CSA,2,0,sintetica
5904,21.0,Chapecoense,Ituano,Empate,1,1,sintetica
5905,21.0,Cruzeiro,Londrina,Cruzeiro,1,0,sintetica
5906,21.0,Guarani,Vila Nova,Empate,1,1,sintetica
5907,21.0,Novorizontino,Sport,Empate,0,0,sintetica
5908,21.0,Operário Ferroviário,CRB,CRB,2,3,sintetica
5909,21.0,Ponte Preta,Tombense,Empate,0,0,sintetica
5910,21.0,Vasco da Gama,Sampaio Corrêa,Sampaio Corrêa,2,3,sintetica
5911,22.0,Bahia,Londrina,Bahia,4,0,sintetica
5912,22.0,Criciúma,CRB,Criciúma,3,0,sintetica
5913,22.0,Cruzeiro,Sport,Cruzeiro,2,1,sintetica
5914,22.0,Náutico,Grêmio,Grêmio,0,3,sintetica
5915,22.0,Operário Ferroviário,CSA,Empate,0,0,sintetica
5916,22.0,Ponte Preta,Chapecoense,Empate,0,0,sintetica
5917,22.0,Sampaio Corrêa,Guarani,Sampaio Corrêa,2,1,sintetica
5918,22.0,Tombense,Brusque,Tombense,1,0,sintetica
5919,22.0,Vasco da Gama,Ituano,Empate,1,1,sintetica
5920,22.0,Vila Nova,Novorizontino,Empate,0,0,sintetica
5921,23.0,Bahia,Sport,Bahia,1,0,sintetica
5922,23.0,Brusque,Ponte Preta,Brusque,2,1,sintetica
5923,23.0,CSA,Criciúma,Empate,1,1,sintetica
5924,23.0,Chapecoense,Vasco da Gama,Empate,0,0,sintetica
5925,23.0,Cruzeiro,Vila Nova,Cruzeiro,2,0,sintetica
5926,23.0,Grêmio,Operário Ferroviário,Grêmio,5,1,sintetica
5927,23.0,Guarani,Ituano,Ituano,0,2,sintetica
5928,23.0,Londrina,CRB,Londrina,1,0,sintetica
5929,23.0,Náutico,Tombense,Náutico,4,3,sintetica
5930,23.0,Sampaio Corrêa,Novorizontino,Sampaio Corrêa,2,1,sintetica
5931,24.0,Brusque,Chapecoense,Empate,0,0,sintetica
5932,24.0,CRB,Sport,CRB,2,0,sintetica
5933,24.0,Grêmio,Criciúma,Empate,0,0,sintetica
5934,24.0,Guarani,Vasco da Gama,Empate,0,0,sintetica
5935,24.0,Londrina,CSA,Empate,0,0,sintetica
5936,24.0,Novorizontino,Ituano,Novorizontino,2,1,sintetica
5937,24.0,Operário Ferroviário,Tombense,Empate,0,0,sintetica
5938,24.0,Ponte Preta,Náutico,Ponte Preta,1,0,sintetica
5939,24.0,Sampaio Corrêa,Cruzeiro,Empate,1,1,sintetica
5940,24.0,Vila Nova,Bahia,Empate,1,1,sintetica
5941,25.0,CRB,Vila Nova,CRB,1,0,sintetica
5942,25.0,CSA,Sport,CSA,1,0,sintetica
5943,25.0,Chapecoense,Guarani,Empate,0,0,sintetica
5944,25.0,Cruzeiro,Ituano,Empate,1,1,sintetica
5945,25.0,Londrina,Grêmio,Empate,1,1,sintetica
5946,25.0,Novorizontino,Vasco da Gama,Novorizontino,2,0,sintetica
5947,25.0,Náutico,Brusque,Náutico,1,0,sintetica
5948,25.0,Operário Ferroviário,Ponte Preta,Operário Ferroviário,2,0,sintetica
5949,25.0,Sampaio Corrêa,Bahia,Sampaio Corrêa,2,0,sintetica
5950,25.0,Tombense,Criciúma,Tombense,1,0,sintetica
5951,26.0,Brusque,Operário Ferroviário,Brusque,2,0,sintetica
5952,26.0,CRB,Sampaio Corrêa,CRB,2,1,sintetica
5953,26.0,CSA,Vila Nova,CSA,1,0,sintetica
5954,26.0,Cruzeiro,Vasco da Gama,Cruzeiro,3,0,sintetica
5955,26.0,Grêmio,Sport,Grêmio,3,0,sintetica
5956,26.0,Ituano,Bahia,Ituano,1,0,sintetica
5957,26.0,Novorizontino,Guarani,Guarani,1,2,sintetica
5958,26.0,Náutico,Chapecoense,Chapecoense,1,2,sintetica
5959,26.0,Ponte Preta,Criciúma,Empate,1,1,sintetica
5960,26.0,Tombense,Londrina,Empate,1,1,sintetica
5961,27.0,Brusque,Criciúma,Criciúma,0,2,sintetica
5962,27.0,Chapecoense,Novorizontino,Empate,2,2,sintetica
5963,27.0,Guarani,Cruzeiro,Guarani,1,0,sintetica
5964,27.0,Ituano,CRB,Ituano,1,0,sintetica
5965,27.0,Londrina,Ponte Preta,Ponte Preta,0,2,sintetica
5966,27.0,Operário Ferroviário,Náutico,Operário Ferroviário,1,0,sintetica
5967,27.0,Sampaio Corrêa,CSA,Sampaio Corrêa,2,0,sintetica
5968,27.0,Sport,Tombense,Sport,2,0,sintetica
5969,27.0,Vasco da Gama,Bahia,Vasco da Gama,1,0,sintetica
5970,27.0,Vila Nova,Grêmio,Empate,0,0,sintetica
5971,28.0,Chapecoense,Operário Ferroviário,Empate,1,1,sintetica
5972,28.0,Guarani,Bahia,Bahia,0,2,sintetica
5973,28.0,Ituano,CSA,Empate,0,0,sintetica
5974,28.0,Londrina,Brusque,Londrina,2,1,sintetica
5975,28.0,Novorizontino,Cruzeiro,Cruzeiro,1,4,sintetica
5976,28.0,Náutico,Criciúma,Empate,1,1,sintetica
5977,28.0,Ponte Preta,Sport,Ponte Preta,1,0,sintetica
5978,28.0,Sampaio Corrêa,Grêmio,Sampaio Corrêa,2,1,sintetica
5979,28.0,Vasco da Gama,CRB,Vasco da Gama,4,0,sintetica
5980,28.0,Vila Nova,Tombense,Empate,1,1,sintetica
5981,29.0,Bahia,Novorizontino,Novorizontino,0,1,sintetica
5982,29.0,CSA,Vasco da Gama,CSA,2,0,sintetica
5983,29.0,Chapecoense,Cruzeiro,Cruzeiro,0,2,sintetica
5984,29.0,Criciúma,Operário Ferroviário,Criciúma,2,0,sintetica
5985,29.0,Grêmio,Ituano,Ituano,0,1,sintetica
5986,29.0,Guarani,CRB,Guarani,1,0,sintetica
5987,29.0,Londrina,Náutico,Londrina,2,0,sintetica
5988,29.0,Ponte Preta,Vila Nova,Empate,1,1,sintetica
5989,29.0,Sampaio Corrêa,Tombense,Empate,1,1,sintetica
5990,29.0,Sport,Brusque,Empate,0,0,sintetica
5991,30.0,CSA,Guarani,Guarani,1,2,sintetica
5992,30.0,Chapecoense,Criciúma,Criciúma,2,3,sintetica
5993,30.0,Cruzeiro,Bahia,Cruzeiro,1,0,sintetica
5994,30.0,Novorizontino,CRB,Novorizontino,3,1,sintetica
5995,30.0,Náutico,Sport,Empate,1,1,sintetica
5996,30.0,Operário Ferroviário,Londrina,Operário Ferroviário,1,0,sintetica
5997,30.0,Ponte Preta,Sampaio Corrêa,Empate,0,0,sintetica
5998,30.0,Tombense,Ituano,Tombense,2,1,sintetica
5999,30.0,Vasco da Gama,Grêmio,Empate,0,0,sintetica
6000,30.0,Vila Nova,Brusque,Brusque,0,2,sintetica
6001,31.0,Bahia,Chapecoense,Chapecoense,0,1,sintetica
6002,31.0,Brusque,Sampaio Corrêa,Empate,1,1,sintetica
6003,31.0,CRB,Cruzeiro,Cruzeiro,0,2,sintetica
6004,31.0,CSA,Novorizontino,CSA,2,1,sintetica
6005,31.0,Guarani,Grêmio,Grêmio,1,2,sintetica
6006,31.0,Ituano,Ponte Preta,Ponte Preta,1,2,sintetica
6007,31.0,Londrina,Criciúma,Empate,1,1,sintetica
6008,31.0,Náutico,Vila Nova,Vila Nova,1,2,sintetica
6009,31.0,Sport,Operário Ferroviário,Sport,5,1,sintetica
6010,31.0,Vasco da Gama,Tombense,Vasco da Gama,3,1,sintetica
6011,32.0,Bahia,CRB,Empate,1,1,sintetica
6012,32.0,Brusque,Ituano,Ituano,0,1,sintetica
6013,32.0,Chapecoense,Londrina,Londrina,0,3,sintetica
6014,32.0,Cruzeiro,CSA,Cruzeiro,3,2,sintetica
6015,32.0,Novorizontino,Grêmio,Novorizontino,2,0,sintetica
6016,32.0,Náutico,Sampaio Corrêa,Sampaio Corrêa,1,3,sintetica
6017,32.0,Operário Ferroviário,Vila Nova,Empate,1,1,sintetica
6018,32.0,Sport,Criciúma,Empate,1,1,sintetica
6019,32.0,Tombense,Guarani,Empate,1,1,sintetica
6020,32.0,Vasco da Gama,Ponte Preta,Vasco da Gama,1,0,sintetica
6021,33.0,CSA,Bahia,Empate,1,1,sintetica
6022,33.0,Chapecoense,CRB,CRB,1,2,sintetica
6023,33.0,Grêmio,Cruzeiro,Empate,2,2,sintetica
6024,33.0,Ituano,Náutico,Empate,0,0,sintetica
6025,33.0,Ponte Preta,Guarani,Ponte Preta,1,0,sintetica
6026,33.0,Sampaio Corrêa,Operário Ferroviário,Empate,1,1,sintetica
6027,33.0,Sport,Londrina,Sport,2,0,sintetica
6028,33.0,Tombense,Novorizontino,Tombense,2,0,sintetica
6029,33.0,Vasco da Gama,Brusque,Vasco da Gama,2,0,sintetica
6030,33.0,Vila Nova,Criciúma,Vila Nova,1,0,sintetica
6031,34.0,Bahia,Grêmio,Empate,0,0,sintetica
6032,34.0,Brusque,Guarani,Brusque,1,0,sintetica
6033,34.0,CRB,CSA,Empate,0,0,sintetica
6034,34.0,Criciúma,Sampaio Corrêa,Criciúma,3,1,sintetica
6035,34.0,Londrina,Vila Nova,Empate,2,2,sintetica
6036,34.0,Náutico,Vasco da Gama,Vasco da Gama,2,3,sintetica
6037,34.0,Operário Ferroviário,Ituano,Operário Ferroviário,3,2,sintetica
6038,34.0,Ponte Preta,Novorizontino,Novorizontino,0,1,sintetica
6039,34.0,Sport,Chapecoense,Sport,1,0,sintetica
6040,34.0,Tombense,Cruzeiro,Empate,1,1,sintetica
6041,35.0,Bahia,Tombense,Bahia,3,1,sintetica
6042,35.0,Brusque,Novorizontino,Empate,2,2,sintetica
6043,35.0,CSA,Chapecoense,Empate,1,1,sintetica
6044,35.0,Criciúma,Ituano,Criciúma,3,0,sintetica
6045,35.0,Cruzeiro,Ponte Preta,Cruzeiro,2,0,sintetica
6046,35.0,Grêmio,CRB,Grêmio,2,0,sintetica
6047,35.0,Náutico,Guarani,Empate,1,1,sintetica
6048,35.0,Operário Ferroviário,Vasco da Gama,Vasco da Gama,2,3,sintetica
6049,35.0,Sampaio Corrêa,Londrina,Sampaio Corrêa,2,1,sintetica
6050,35.0,Sport,Vila Nova,Empate,0,0,sintetica
6051,36.0,Bahia,Ponte Preta,Bahia,2,1,sintetica
6052,36.0,CRB,Tombense,Empate,0,0,sintetica
6053,36.0,Chapecoense,Vila Nova,Vila Nova,1,2,sintetica
6054,36.0,Cruzeiro,Brusque,Cruzeiro,1,0,sintetica
6055,36.0,Grêmio,CSA,Grêmio,2,0,sintetica
6056,36.0,Londrina,Ituano,Ituano,0,2,sintetica
6057,36.0,Novorizontino,Náutico,Novorizontino,6,0,sintetica
6058,36.0,Operário Ferroviário,Guarani,Guarani,0,1,sintetica
6059,36.0,Sampaio Corrêa,Sport,Sampaio Corrêa,4,1,sintetica
6060,36.0,Vasco da Gama,Criciúma,Vasco da Gama,2,1,sintetica
6061,37.0,Brusque,Bahia,Bahia,0,2,sintetica
6062,37.0,CRB,Ponte Preta,Empate,1,1,sintetica
6063,37.0,Chapecoense,Grêmio,Empate,0,0,sintetica
6064,37.0,Criciúma,Guarani,Empate,0,0,sintetica
6065,37.0,Cruzeiro,Náutico,Cruzeiro,4,0,sintetica
6066,37.0,Ituano,Sport,Ituano,4,1,sintetica
6067,37.0,Novorizontino,Operário Ferroviário,Novorizontino,2,1,sintetica
6068,37.0,Sampaio Corrêa,Vila Nova,Sampaio Corrêa,2,0,sintetica
6069,37.0,Tombense,CSA,Tombense,2,1,sintetica
6070,37.0,Vasco da Gama,Londrina,Empate,1,1,sintetica
6071,38.0,Bahia,Náutico,Bahia,3,0,sintetica
6072,38.0,Brusque,CRB,Empate,0,0,sintetica
6073,38.0,CSA,Ponte Preta,Ponte Preta,0,1,sintetica
6074,38.0,Chapecoense,Sampaio Corrêa,Chapecoense,3,1,sintetica
6075,38.0,Criciúma,Novorizontino,Empate,1,1,sintetica
6076,38.0,Guarani,Londrina,Guarani,1,0,sintetica
6077,38.0,Ituano,Vila Nova,Ituano,3,1,sintetica
6078,38.0,Operário Ferroviário,Cruzeiro,Cruzeiro,1,2,sintetica
6079,38.0,Sport,Vasco da Gama,Empate,1,1,sintetica
6080,38.0,Tombense,Grêmio,Empate,2,2,sintetica
6081,1.0,Atlético-GO,Londrina,Atlético-GO,2,1,sintetica
6082,1.0,Botafogo-SP,Vitória,Vitória,0,3,sintetica
6083,1.0,CRB,Vila Nova,Vila Nova,0,3,sintetica
6084,1.0,Juventude,ABC,Empate,1,1,sintetica
6085,1.0,Mirassol,Avaí,Empate,2,2,sintetica
6086,1.0,Novorizontino,Guarani,Novorizontino,1,0,sintetica
6087,1.0,Ponte Preta,Criciúma,Criciúma,1,2,sintetica
6088,1.0,Sampaio Corrêa,Chapecoense,Sampaio Corrêa,2,0,sintetica
6089,1.0,Sport,Ceará,Sport,2,0,sintetica
6090,1.0,Tombense,Ituano,Tombense,3,0,sintetica
6091,2.0,ABC,Sampaio Corrêa,Empate,1,1,sintetica
6092,2.0,CRB,Guarani,CRB,1,0,sintetica
6093,2.0,Ceará,Atlético-GO,Atlético-GO,0,1,sintetica
6094,2.0,Juventude,Criciúma,Juventude,1,0,sintetica
6095,2.0,Novorizontino,Londrina,Novorizontino,3,0,sintetica
6096,2.0,Ponte Preta,Avaí,Avaí,0,1,sintetica
6097,2.0,Sport,Botafogo-SP,Sport,3,0,sintetica
6098,2.0,Tombense,Chapecoense,Tombense,4,2,sintetica
6099,2.0,Vila Nova,Ituano,Vila Nova,1,0,sintetica
6100,2.0,Vitória,Mirassol,Empate,0,0,sintetica
6101,3.0,Atlético-GO,Botafogo-SP,Empate,1,1,sintetica
6102,3.0,Avaí,Vitória,Empate,1,1,sintetica
6103,3.0,Ceará,Novorizontino,Novorizontino,0,3,sintetica
6104,3.0,Guarani,Ituano,Guarani,1,0,sintetica
6105,3.0,Londrina,CRB,Empate,1,1,sintetica
6106,3.0,Ponte Preta,Juventude,Empate,0,0,sintetica
6107,3.0,Sampaio Corrêa,Criciúma,Criciúma,0,2,sintetica
6108,3.0,Sport,Mirassol,Empate,0,0,sintetica
6109,3.0,Tombense,ABC,Tombense,3,0,sintetica
6110,3.0,Vila Nova,Chapecoense,Empate,0,0,sintetica
6111,4.0,Botafogo-SP,Novorizontino,Botafogo-SP,2,0,sintetica
6112,4.0,CRB,Ceará,CRB,2,0,sintetica
6113,4.0,Guarani,Chapecoense,Empate,3,3,sintetica
6114,4.0,Juventude,Avaí,Juventude,3,2,sintetica
6115,4.0,Londrina,Ituano,Empate,2,2,sintetica
6116,4.0,Mirassol,Atlético-GO,Mirassol,4,1,sintetica
6117,4.0,Ponte Preta,Sampaio Corrêa,Empate,0,0,sintetica
6118,4.0,Sport,Vitória,Vitória,1,2,sintetica
6119,4.0,Tombense,Criciúma,Empate,2,2,sintetica
6120,4.0,Vila Nova,ABC,Empate,1,1,sintetica
6121,5.0,CRB,Botafogo-SP,Empate,0,0,sintetica
6122,5.0,Ceará,Ituano,Empate,1,1,sintetica
6123,5.0,Chapecoense,Londrina,Chapecoense,3,0,sintetica
6124,5.0,Criciúma,Vila Nova,Criciúma,1,0,sintetica
6125,5.0,Guarani,ABC,ABC,2,3,sintetica
6126,5.0,Juventude,Sampaio Corrêa,Empate,0,0,sintetica
6127,5.0,Mirassol,Novorizontino,Novorizontino,0,2,sintetica
6128,5.0,Sport,Avaí,Sport,2,1,sintetica
6129,5.0,Tombense,Ponte Preta,Ponte Preta,0,1,sintetica
6130,5.0,Vitória,Atlético-GO,Atlético-GO,2,3,sintetica
6131,6.0,Botafogo-SP,Ituano,Ituano,0,2,sintetica
6132,6.0,Chapecoense,Ceará,Empate,1,1,sintetica
6133,6.0,Guarani,Criciúma,Empate,1,1,sintetica
6134,6.0,Londrina,ABC,Londrina,1,0,sintetica
6135,6.0,Mirassol,CRB,Mirassol,1,0,sintetica
6136,6.0,Sampaio Corrêa,Avaí,Sampaio Corrêa,4,0,sintetica
6137,6.0,Sport,Atlético-GO,Empate,0,0,sintetica
6138,6.0,Tombense,Juventude,Empate,1,1,sintetica
6139,6.0,Vila Nova,Ponte Preta,Empate,1,1,sintetica
6140,6.0,Vitória,Novorizontino,Vitória,2,1,sintetica
6141,7.0,ABC,Ceará,Ceará,1,2,sintetica
6142,7.0,Avaí,Atlético-GO,Atlético-GO,0,2,sintetica
6143,7.0,CRB,Vitória,CRB,6,0,sintetica
6144,7.0,Chapecoense,Botafogo-SP,Chapecoense,2,0,sintetica
6145,7.0,Ituano,Mirassol,Empate,0,0,sintetica
6146,7.0,Londrina,Criciúma,Empate,1,1,sintetica
6147,7.0,Ponte Preta,Guarani,Empate,1,1,sintetica
6148,7.0,Sampaio Corrêa,Tombense,Tombense,1,2,sintetica
6149,7.0,Sport,Novorizontino,Sport,1,0,sintetica
6150,7.0,Vila Nova,Juventude,Vila Nova,1,0,sintetica
6151,8.0,Botafogo-SP,ABC,Empate,0,0,sintetica
6152,8.0,Chapecoense,Mirassol,Mirassol,0,1,sintetica
6153,8.0,Criciúma,Ceará,Ceará,1,2,sintetica
6154,8.0,Ituano,Vitória,Vitória,0,2,sintetica
6155,8.0,Juventude,Guarani,Juventude,1,0,sintetica
6156,8.0,Londrina,Ponte Preta,Londrina,3,0,sintetica
6157,8.0,Novorizontino,Atlético-GO,Empate,2,2,sintetica
6158,8.0,Sport,CRB,Sport,2,0,sintetica
6159,8.0,Tombense,Avaí,Avaí,0,1,sintetica
6160,8.0,Vila Nova,Sampaio Corrêa,Vila Nova,3,0,sintetica
6161,9.0,Atlético-GO,CRB,Atlético-GO,2,1,sintetica
6162,9.0,Avaí,Novorizontino,Avaí,1,0,sintetica
6163,9.0,Ceará,Ponte Preta,Empate,1,1,sintetica
6164,9.0,Chapecoense,Vitória,Chapecoense,3,1,sintetica
6165,9.0,Criciúma,Botafogo-SP,Criciúma,3,0,sintetica
6166,9.0,Ituano,Sport,Empate,1,1,sintetica
6167,9.0,Londrina,Juventude,Juventude,1,2,sintetica
6168,9.0,Mirassol,ABC,Mirassol,3,2,sintetica
6169,9.0,Sampaio Corrêa,Guarani,Empate,1,1,sintetica
6170,9.0,Vila Nova,Tombense,Vila Nova,1,0,sintetica
6171,10.0,ABC,Vitória,Vitória,0,3,sintetica
6172,10.0,Atlético-GO,Ituano,Atlético-GO,1,0,sintetica
6173,10.0,Avaí,Vila Nova,Vila Nova,0,3,sintetica
6174,10.0,Botafogo-SP,Ponte Preta,Empate,0,0,sintetica
6175,10.0,CRB,Novorizontino,CRB,1,0,sintetica
6176,10.0,Ceará,Juventude,Juventude,1,3,sintetica
6177,10.0,Criciúma,Mirassol,Criciúma,2,1,sintetica
6178,10.0,Londrina,Sampaio Corrêa,Londrina,1,0,sintetica
6179,10.0,Sport,Chapecoense,Sport,2,1,sintetica
6180,10.0,Tombense,Guarani,Empate,1,1,sintetica
6181,11.0,Atlético-GO,Chapecoense,Atlético-GO,2,1,sintetica
6182,11.0,Avaí,CRB,Empate,1,1,sintetica
6183,11.0,Guarani,Vila Nova,Empate,1,1,sintetica
6184,11.0,Juventude,Botafogo-SP,Botafogo-SP,1,2,sintetica
6185,11.0,Londrina,Tombense,Empate,1,1,sintetica
6186,11.0,Mirassol,Ponte Preta,Mirassol,1,0,sintetica
6187,11.0,Novorizontino,Ituano,Novorizontino,2,0,sintetica
6188,11.0,Sampaio Corrêa,Ceará,Empate,1,1,sintetica
6189,11.0,Sport,ABC,Sport,4,1,sintetica
6190,11.0,Vitória,Criciúma,Criciúma,0,1,sintetica
6191,12.0,ABC,Atlético-GO,Empate,1,1,sintetica
6192,12.0,Ceará,Tombense,Ceará,2,0,sintetica
6193,12.0,Chapecoense,Novorizontino,Empate,1,1,sintetica
6194,12.0,Criciúma,Sport,Criciúma,1,0,sintetica
6195,12.0,Guarani,Avaí,Guarani,4,1,sintetica
6196,12.0,Ituano,CRB,Empate,0,0,sintetica
6197,12.0,Mirassol,Juventude,Juventude,0,1,sintetica
6198,12.0,Sampaio Corrêa,Botafogo-SP,Empate,0,0,sintetica
6199,12.0,Vila Nova,Londrina,Vila Nova,4,1,sintetica
6200,12.0,Vitória,Ponte Preta,Vitória,3,0,sintetica
6201,13.0,ABC,Novorizontino,Novorizontino,0,1,sintetica
6202,13.0,Ceará,Vila Nova,Ceará,1,0,sintetica
6203,13.0,Chapecoense,CRB,Chapecoense,2,1,sintetica
6204,13.0,Criciúma,Atlético-GO,Criciúma,3,0,sintetica
6205,13.0,Guarani,Londrina,Guarani,2,1,sintetica
6206,13.0,Ituano,Avaí,Avaí,0,1,sintetica
6207,13.0,Juventude,Vitória,Juventude,1,0,sintetica
6208,13.0,Mirassol,Sampaio Corrêa,Empate,0,0,sintetica
6209,13.0,Ponte Preta,Sport,Empate,1,1,sintetica
6210,13.0,Tombense,Botafogo-SP,Empate,0,0,sintetica
6211,14.0,ABC,CRB,CRB,1,2,sintetica
6212,14.0,Atlético-GO,Ponte Preta,Atlético-GO,1,0,sintetica
6213,14.0,Ceará,Guarani,Guarani,0,3,sintetica
6214,14.0,Chapecoense,Ituano,Chapecoense,1,0,sintetica
6215,14.0,Criciúma,Novorizontino,Novorizontino,0,1,sintetica
6216,14.0,Juventude,Sport,Empate,2,2,sintetica
6217,14.0,Londrina,Avaí,Empate,1,1,sintetica
6218,14.0,Mirassol,Tombense,Mirassol,2,0,sintetica
6219,14.0,Sampaio Corrêa,Vitória,Vitória,0,1,sintetica
6220,14.0,Vila Nova,Botafogo-SP,Vila Nova,3,1,sintetica
6221,15.0,Atlético-GO,Juventude,Atlético-GO,3,0,sintetica
6222,15.0,Ceará,Londrina,Ceará,3,1,sintetica
6223,15.0,Chapecoense,Avaí,Empate,0,0,sintetica
6224,15.0,Criciúma,CRB,Criciúma,2,1,sintetica
6225,15.0,Guarani,Botafogo-SP,Botafogo-SP,0,1,sintetica
6226,15.0,Ituano,ABC,Ituano,3,0,sintetica
6227,15.0,Ponte Preta,Novorizontino,Ponte Preta,1,0,sintetica
6228,15.0,Sport,Sampaio Corrêa,Sport,4,1,sintetica
6229,15.0,Vila Nova,Mirassol,Vila Nova,2,0,sintetica
6230,15.0,Vitória,Tombense,Vitória,1,0,sintetica
6231,16.0,Atlético-GO,Sampaio Corrêa,Empate,2,2,sintetica
6232,16.0,Botafogo-SP,Londrina,Londrina,0,1,sintetica
6233,16.0,Ceará,Avaí,Empate,0,0,sintetica
6234,16.0,Chapecoense,ABC,Empate,0,0,sintetica
6235,16.0,Ituano,Criciúma,Ituano,3,0,sintetica
6236,16.0,Juventude,Novorizontino,Juventude,1,0,sintetica
6237,16.0,Mirassol,Guarani,Empate,0,0,sintetica
6238,16.0,Ponte Preta,CRB,Ponte Preta,3,0,sintetica
6239,16.0,Tombense,Sport,Empate,0,0,sintetica
6240,16.0,Vila Nova,Vitória,Vila Nova,1,0,sintetica
6241,17.0,Atlético-GO,Tombense,Atlético-GO,3,2,sintetica
6242,17.0,Avaí,ABC,ABC,0,2,sintetica
6243,17.0,Botafogo-SP,Ceará,Empate,2,2,sintetica
6244,17.0,CRB,Juventude,Juventude,1,2,sintetica
6245,17.0,Criciúma,Chapecoense,Chapecoense,1,2,sintetica
6246,17.0,Londrina,Mirassol,Mirassol,1,2,sintetica
6247,17.0,Novorizontino,Sampaio Corrêa,Novorizontino,1,0,sintetica
6248,17.0,Ponte Preta,Ituano,Empate,0,0,sintetica
6249,17.0,Vila Nova,Sport,Sport,0,1,sintetica
6250,17.0,Vitória,Guarani,Vitória,2,0,sintetica
6251,18.0,Atlético-GO,Vila Nova,Empate,1,1,sintetica
6252,18.0,Avaí,Botafogo-SP,Empate,1,1,sintetica
6253,18.0,CRB,Sampaio Corrêa,Empate,0,0,sintetica
6254,18.0,Ceará,Mirassol,Ceará,2,0,sintetica
6255,18.0,Chapecoense,Ponte Preta,Empate,1,1,sintetica
6256,18.0,Criciúma,ABC,Criciúma,1,0,sintetica
6257,18.0,Guarani,Sport,Guarani,3,1,sintetica
6258,18.0,Ituano,Juventude,Empate,1,1,sintetica
6259,18.0,Londrina,Vitória,Londrina,2,0,sintetica
6260,18.0,Tombense,Novorizontino,Novorizontino,1,2,sintetica
6261,19.0,ABC,Ponte Preta,ABC,2,0,sintetica
6262,19.0,Avaí,Criciúma,Avaí,1,0,sintetica
6263,19.0,Botafogo-SP,Mirassol,Botafogo-SP,1,0,sintetica
6264,19.0,Ceará,Vitória,Vitória,0,2,sintetica
6265,19.0,Guarani,Atlético-GO,Guarani,1,0,sintetica
6266,19.0,Ituano,Sampaio Corrêa,Ituano,2,1,sintetica
6267,19.0,Juventude,Chapecoense,Empate,0,0,sintetica
6268,19.0,Sport,Londrina,Sport,4,0,sintetica
6269,19.0,Tombense,CRB,Tombense,2,1,sintetica
6270,19.0,Vila Nova,Novorizontino,Vila Nova,2,1,sintetica
6271,20.0,ABC,Juventude,Empate,0,0,sintetica
6272,20.0,Avaí,Mirassol,Avaí,1,0,sintetica
6273,20.0,Ceará,Sport,Ceará,2,1,sintetica
6274,20.0,Chapecoense,Sampaio Corrêa,Sampaio Corrêa,0,1,sintetica
6275,20.0,Criciúma,Ponte Preta,Criciúma,2,1,sintetica
6276,20.0,Guarani,Novorizontino,Guarani,2,1,sintetica
6277,20.0,Ituano,Tombense,Ituano,1,0,sintetica
6278,20.0,Londrina,Atlético-GO,Atlético-GO,0,2,sintetica
6279,20.0,Vila Nova,CRB,CRB,0,1,sintetica
6280,20.0,Vitória,Botafogo-SP,Vitória,2,0,sintetica
6281,21.0,Atlético-GO,Ceará,Ceará,0,3,sintetica
6282,21.0,Avaí,Ponte Preta,Ponte Preta,0,1,sintetica
6283,21.0,Botafogo-SP,Sport,Empate,1,1,sintetica
6284,21.0,Chapecoense,Tombense,Tombense,1,2,sintetica
6285,21.0,Criciúma,Juventude,Juventude,0,1,sintetica
6286,21.0,Guarani,CRB,CRB,0,1,sintetica
6287,21.0,Ituano,Vila Nova,Vila Nova,1,2,sintetica
6288,21.0,Londrina,Novorizontino,Novorizontino,0,1,sintetica
6289,21.0,Mirassol,Vitória,Mirassol,2,0,sintetica
6290,21.0,Sampaio Corrêa,ABC,Sampaio Corrêa,1,0,sintetica
6291,22.0,ABC,Tombense,ABC,1,0,sintetica
6292,22.0,Botafogo-SP,Atlético-GO,Botafogo-SP,1,0,sintetica
6293,22.0,CRB,Londrina,CRB,2,1,sintetica
6294,22.0,Chapecoense,Vila Nova,Vila Nova,0,1,sintetica
6295,22.0,Criciúma,Sampaio Corrêa,Criciúma,3,0,sintetica
6296,22.0,Ituano,Guarani,Empate,1,1,sintetica
6297,22.0,Juventude,Ponte Preta,Empate,0,0,sintetica
6298,22.0,Mirassol,Sport,Mirassol,2,1,sintetica
6299,22.0,Novorizontino,Ceará,Novorizontino,4,1,sintetica
6300,22.0,Vitória,Avaí,Vitória,3,0,sintetica
6301,23.0,ABC,Vila Nova,ABC,3,2,sintetica
6302,23.0,Atlético-GO,Mirassol,Empate,2,2,sintetica
6303,23.0,Avaí,Juventude,Juventude,0,2,sintetica
6304,23.0,Ceará,CRB,CRB,1,3,sintetica
6305,23.0,Chapecoense,Guarani,Guarani,0,1,sintetica
6306,23.0,Criciúma,Tombense,Criciúma,2,0,sintetica
6307,23.0,Ituano,Londrina,Ituano,3,1,sintetica
6308,23.0,Novorizontino,Botafogo-SP,Botafogo-SP,0,1,sintetica
6309,23.0,Sampaio Corrêa,Ponte Preta,Empate,0,0,sintetica
6310,23.0,Vitória,Sport,Vitória,1,0,sintetica
6311,24.0,ABC,Guarani,Guarani,0,1,sintetica
6312,24.0,Atlético-GO,Vitória,Empate,0,0,sintetica
6313,24.0,Avaí,Sport,Empate,2,2,sintetica
6314,24.0,Botafogo-SP,CRB,Botafogo-SP,2,0,sintetica
6315,24.0,Ituano,Ceará,Ituano,2,0,sintetica
6316,24.0,Londrina,Chapecoense,Empate,1,1,sintetica
6317,24.0,Novorizontino,Mirassol,Novorizontino,2,1,sintetica
6318,24.0,Ponte Preta,Tombense,Tombense,0,1,sintetica
6319,24.0,Sampaio Corrêa,Juventude,Sampaio Corrêa,2,1,sintetica
6320,24.0,Vila Nova,Criciúma,Empate,0,0,sintetica
6321,25.0,ABC,Londrina,Empate,0,0,sintetica
6322,25.0,Atlético-GO,Sport,Atlético-GO,3,1,sintetica
6323,25.0,Avaí,Sampaio Corrêa,Avaí,2,0,sintetica
6324,25.0,CRB,Mirassol,CRB,2,0,sintetica
6325,25.0,Ceará,Chapecoense,Ceará,2,0,sintetica
6326,25.0,Criciúma,Guarani,Empate,1,1,sintetica
6327,25.0,Ituano,Botafogo-SP,Empate,1,1,sintetica
6328,25.0,Juventude,Tombense,Tombense,1,2,sintetica
6329,25.0,Novorizontino,Vitória,Vitória,1,2,sintetica
6330,25.0,Ponte Preta,Vila Nova,Ponte Preta,1,0,sintetica
6331,26.0,Atlético-GO,Avaí,Empate,0,0,sintetica
6332,26.0,Botafogo-SP,Chapecoense,Chapecoense,1,2,sintetica
6333,26.0,Ceará,ABC,Ceará,1,0,sintetica
6334,26.0,Criciúma,Londrina,Criciúma,2,0,sintetica
6335,26.0,Guarani,Ponte Preta,Guarani,1,0,sintetica
6336,26.0,Juventude,Vila Nova,Vila Nova,0,2,sintetica
6337,26.0,Mirassol,Ituano,Ituano,0,1,sintetica
6338,26.0,Novorizontino,Sport,Empate,0,0,sintetica
6339,26.0,Tombense,Sampaio Corrêa,Sampaio Corrêa,0,1,sintetica
6340,26.0,Vitória,CRB,Vitória,1,0,sintetica
6341,27.0,ABC,Botafogo-SP,Botafogo-SP,1,2,sintetica
6342,27.0,Atlético-GO,Novorizontino,Empate,2,2,sintetica
6343,27.0,Avaí,Tombense,Avaí,4,2,sintetica
6344,27.0,CRB,Sport,CRB,2,0,sintetica
6345,27.0,Ceará,Criciúma,Ceará,1,0,sintetica
6346,27.0,Guarani,Juventude,Juventude,0,1,sintetica
6347,27.0,Mirassol,Chapecoense,Mirassol,1,0,sintetica
6348,27.0,Ponte Preta,Londrina,Ponte Preta,1,0,sintetica
6349,27.0,Sampaio Corrêa,Vila Nova,Sampaio Corrêa,2,1,sintetica
6350,27.0,Vitória,Ituano,Vitória,3,0,sintetica
6351,28.0,ABC,Mirassol,Mirassol,1,2,sintetica
6352,28.0,Botafogo-SP,Criciúma,Botafogo-SP,1,0,sintetica
6353,28.0,CRB,Atlético-GO,CRB,2,1,sintetica
6354,28.0,Guarani,Sampaio Corrêa,Guarani,2,0,sintetica
6355,28.0,Juventude,Londrina,Empate,2,2,sintetica
6356,28.0,Novorizontino,Avaí,Novorizontino,2,0,sintetica
6357,28.0,Ponte Preta,Ceará,Empate,0,0,sintetica
6358,28.0,Sport,Ituano,Ituano,1,2,sintetica
6359,28.0,Tombense,Vila Nova,Tombense,2,1,sintetica
6360,28.0,Vitória,Chapecoense,Vitória,1,0,sintetica
6361,29.0,Chapecoense,Sport,Empate,1,1,sintetica
6362,29.0,Guarani,Tombense,Guarani,3,0,sintetica
6363,29.0,Ituano,Atlético-GO,Empate,1,1,sintetica
6364,29.0,Juventude,Ceará,Juventude,1,0,sintetica
6365,29.0,Mirassol,Criciúma,Mirassol,1,0,sintetica
6366,29.0,Novorizontino,CRB,CRB,0,1,sintetica
6367,29.0,Ponte Preta,Botafogo-SP,Ponte Preta,2,0,sintetica
6368,29.0,Sampaio Corrêa,Londrina,Sampaio Corrêa,2,0,sintetica
6369,29.0,Vila Nova,Avaí,Empate,1,1,sintetica
6370,29.0,Vitória,ABC,Vitória,2,0,sintetica
6371,30.0,ABC,Sport,Sport,0,1,sintetica
6372,30.0,Botafogo-SP,Juventude,Juventude,0,2,sintetica
6373,30.0,CRB,Avaí,Empate,1,1,sintetica
6374,30.0,Ceará,Sampaio Corrêa,Empate,0,0,sintetica
6375,30.0,Chapecoense,Atlético-GO,Atlético-GO,0,1,sintetica
6376,30.0,Criciúma,Vitória,Criciúma,1,0,sintetica
6377,30.0,Ituano,Novorizontino,Novorizontino,0,2,sintetica
6378,30.0,Ponte Preta,Mirassol,Mirassol,0,3,sintetica
6379,30.0,Tombense,Londrina,Londrina,0,2,sintetica
6380,30.0,Vila Nova,Guarani,Empate,0,0,sintetica
6381,31.0,Atlético-GO,ABC,Atlético-GO,3,1,sintetica
6382,31.0,Avaí,Guarani,Guarani,1,2,sintetica
6383,31.0,Botafogo-SP,Sampaio Corrêa,Botafogo-SP,1,0,sintetica
6384,31.0,CRB,Ituano,Empate,2,2,sintetica
6385,31.0,Juventude,Mirassol,Mirassol,0,1,sintetica
6386,31.0,Londrina,Vila Nova,Londrina,1,0,sintetica
6387,31.0,Novorizontino,Chapecoense,Chapecoense,1,2,sintetica
6388,31.0,Ponte Preta,Vitória,Empate,2,2,sintetica
6389,31.0,Sport,Criciúma,Empate,3,3,sintetica
6390,31.0,Tombense,Ceará,Empate,2,2,sintetica
6391,32.0,Atlético-GO,Criciúma,Atlético-GO,3,1,sintetica
6392,32.0,Avaí,Ituano,Empate,0,0,sintetica
6393,32.0,Botafogo-SP,Tombense,Empate,0,0,sintetica
6394,32.0,CRB,Chapecoense,CRB,3,2,sintetica
6395,32.0,Londrina,Guarani,Empate,0,0,sintetica
6396,32.0,Novorizontino,ABC,Novorizontino,2,1,sintetica
6397,32.0,Sampaio Corrêa,Mirassol,Mirassol,1,3,sintetica
6398,32.0,Sport,Ponte Preta,Empate,3,3,sintetica
6399,32.0,Vila Nova,Ceará,Vila Nova,3,1,sintetica
6400,32.0,Vitória,Juventude,Empate,0,0,sintetica
6401,33.0,Avaí,Londrina,Empate,0,0,sintetica
6402,33.0,Botafogo-SP,Vila Nova,Vila Nova,0,3,sintetica
6403,33.0,CRB,ABC,Empate,1,1,sintetica
6404,33.0,Guarani,Ceará,Empate,0,0,sintetica
6405,33.0,Ituano,Chapecoense,Empate,0,0,sintetica
6406,33.0,Novorizontino,Criciúma,Novorizontino,2,0,sintetica
6407,33.0,Ponte Preta,Atlético-GO,Atlético-GO,0,2,sintetica
6408,33.0,Sport,Juventude,Sport,3,0,sintetica
6409,33.0,Tombense,Mirassol,Mirassol,0,1,sintetica
6410,33.0,Vitória,Sampaio Corrêa,Vitória,2,1,sintetica
6411,34.0,ABC,Ituano,Empate,1,1,sintetica
6412,34.0,Avaí,Chapecoense,Chapecoense,1,4,sintetica
6413,34.0,Botafogo-SP,Guarani,Botafogo-SP,1,0,sintetica
6414,34.0,CRB,Criciúma,Criciúma,0,1,sintetica
6415,34.0,Juventude,Atlético-GO,Juventude,3,0,sintetica
6416,34.0,Londrina,Ceará,Ceará,1,3,sintetica
6417,34.0,Mirassol,Vila Nova,Empate,1,1,sintetica
6418,34.0,Novorizontino,Ponte Preta,Novorizontino,2,0,sintetica
6419,34.0,Sampaio Corrêa,Sport,Sport,1,2,sintetica
6420,34.0,Tombense,Vitória,Vitória,1,2,sintetica
6421,35.0,ABC,Chapecoense,Empate,1,1,sintetica
6422,35.0,Avaí,Ceará,Avaí,1,0,sintetica
6423,35.0,CRB,Ponte Preta,CRB,1,0,sintetica
6424,35.0,Criciúma,Ituano,Criciúma,2,1,sintetica
6425,35.0,Guarani,Mirassol,Guarani,2,1,sintetica
6426,35.0,Londrina,Botafogo-SP,Botafogo-SP,1,2,sintetica
6427,35.0,Novorizontino,Juventude,Novorizontino,1,0,sintetica
6428,35.0,Sampaio Corrêa,Atlético-GO,Empate,3,3,sintetica
6429,35.0,Sport,Tombense,Sport,3,2,sintetica
6430,35.0,Vitória,Vila Nova,Empate,1,1,sintetica
6431,36.0,ABC,Avaí,Empate,1,1,sintetica
6432,36.0,Ceará,Botafogo-SP,Ceará,3,0,sintetica
6433,36.0,Chapecoense,Criciúma,Empate,1,1,sintetica
6434,36.0,Guarani,Vitória,Guarani,2,0,sintetica
6435,36.0,Ituano,Ponte Preta,Ponte Preta,0,1,sintetica
6436,36.0,Juventude,CRB,Juventude,3,1,sintetica
6437,36.0,Mirassol,Londrina,Mirassol,2,0,sintetica
6438,36.0,Sampaio Corrêa,Novorizontino,Empate,1,1,sintetica
6439,36.0,Sport,Vila Nova,Sport,1,0,sintetica
6440,36.0,Tombense,Atlético-GO,Empate,1,1,sintetica
6441,37.0,ABC,Criciúma,Criciúma,0,1,sintetica
6442,37.0,Botafogo-SP,Avaí,Avaí,0,1,sintetica
6443,37.0,Juventude,Ituano,Juventude,2,1,sintetica
6444,37.0,Mirassol,Ceará,Empate,1,1,sintetica
6445,37.0,Novorizontino,Tombense,Empate,0,0,sintetica
6446,37.0,Ponte Preta,Chapecoense,Ponte Preta,1,0,sintetica
6447,37.0,Sampaio Corrêa,CRB,Empate,1,1,sintetica
6448,37.0,Sport,Guarani,Sport,2,0,sintetica
6449,37.0,Vila Nova,Atlético-GO,Vila Nova,2,1,sintetica
6450,37.0,Vitória,Londrina,Vitória,2,0,sintetica
6451,38.0,Atlético-GO,Guarani,Atlético-GO,3,0,sintetica
6452,38.0,CRB,Tombense,CRB,2,0,sintetica
6453,38.0,Chapecoense,Juventude,Juventude,0,2,sintetica
6454,38.0,Criciúma,Avaí,Criciúma,1,0,sintetica
6455,38.0,Londrina,Sport,Sport,1,2,sintetica
6456,38.0,Mirassol,Botafogo-SP,Mirassol,1,0,sintetica
6457,38.0,Novorizontino,Vila Nova,Novorizontino,3,1,sintetica
6458,38.0,Ponte Preta,ABC,Empate,0,0,sintetica
6459,38.0,Sampaio Corrêa,Ituano,Empate,0,0,sintetica
6460,38.0,Vitória,Ceará,Vitória,1,0,sintetica
6461,1.0,Amazonas,Paysandu,Empate,1,1,sintetica
6462,1.0,Avaí,CRB,Avaí,2,1,sintetica
6463,1.0,Brusque,Chapecoense,Chapecoense,0,1,sintetica
6464,1.0,Ceará,América-MG,Ceará,1,0,sintetica
6465,1.0,Coritiba,Botafogo-SP,Botafogo-SP,1,3,sintetica
6466,1.0,Guarani,Novorizontino,Novorizontino,0,2,sintetica
6467,1.0,Mirassol,Vila Nova,Mirassol,1,0,sintetica
6468,1.0,Ponte Preta,Goiás,Empate,1,1,sintetica
6469,1.0,Santos,Ituano,Santos,2,0,sintetica
6470,1.0,Sport,Operário Ferroviário,Operário Ferroviário,1,2,sintetica
6471,2.0,Botafogo-SP,Chapecoense,Empate,0,0,sintetica
6472,2.0,Brusque,Santos,Santos,0,1,sintetica
6473,2.0,CRB,Amazonas,Empate,0,0,sintetica
6474,2.0,Ceará,Avaí,Ceará,2,0,sintetica
6475,2.0,Coritiba,Sport,Sport,0,1,sintetica
6476,2.0,Goiás,Paysandu,Empate,1,1,sintetica
6477,2.0,Guarani,Ituano,Empate,3,3,sintetica
6478,2.0,Mirassol,América-MG,Mirassol,1,0,sintetica
6479,2.0,Novorizontino,Ponte Preta,Novorizontino,2,1,sintetica
6480,2.0,Vila Nova,Operário Ferroviário,Vila Nova,1,0,sintetica
6481,3.0,Avaí,Mirassol,Empate,0,0,sintetica
6482,3.0,Brusque,Guarani,Brusque,2,1,sintetica
6483,3.0,Ceará,CRB,Empate,2,2,sintetica
6484,3.0,Coritiba,Vila Nova,Empate,1,1,sintetica
6485,3.0,Goiás,Amazonas,Goiás,1,0,sintetica
6486,3.0,Ituano,Ponte Preta,Ituano,2,0,sintetica
6487,3.0,Novorizontino,Paysandu,Empate,1,1,sintetica
6488,3.0,Operário Ferroviário,América-MG,Operário Ferroviário,1,0,sintetica
6489,3.0,Santos,Botafogo-SP,Botafogo-SP,1,2,sintetica
6490,3.0,Sport,Chapecoense,Empate,1,1,sintetica
6491,4.0,América-MG,Coritiba,América-MG,2,1,sintetica
6492,4.0,Botafogo-SP,Guarani,Botafogo-SP,3,2,sintetica
6493,4.0,CRB,Mirassol,Mirassol,0,1,sintetica
6494,4.0,Ceará,Amazonas,Ceará,2,1,sintetica
6495,4.0,Goiás,Novorizontino,Goiás,1,0,sintetica
6496,4.0,Ituano,Paysandu,Paysandu,3,5,sintetica
6497,4.0,Operário Ferroviário,Avaí,Operário Ferroviário,1,0,sintetica
6498,4.0,Ponte Preta,Brusque,Ponte Preta,2,0,sintetica
6499,4.0,Sport,Santos,Sport,2,1,sintetica
6500,4.0,Vila Nova,Chapecoense,Vila Nova,3,2,sintetica
6501,5.0,América-MG,Chapecoense,Empate,0,0,sintetica
6502,5.0,Brusque,Paysandu,Brusque,1,0,sintetica
6503,5.0,Coritiba,Avaí,Coritiba,1,0,sintetica
6504,5.0,Goiás,Ituano,Goiás,2,0,sintetica
6505,5.0,Mirassol,Ceará,Mirassol,3,2,sintetica
6506,5.0,Novorizontino,Amazonas,Empate,1,1,sintetica
6507,5.0,Operário Ferroviário,CRB,Operário Ferroviário,2,0,sintetica
6508,5.0,Ponte Preta,Botafogo-SP,Ponte Preta,1,0,sintetica
6509,5.0,Santos,Vila Nova,Santos,3,0,sintetica
6510,5.0,Sport,Guarani,Sport,4,0,sintetica
6511,6.0,Amazonas,Mirassol,Amazonas,1,0,sintetica
6512,6.0,Avaí,Chapecoense,Empate,0,0,sintetica
6513,6.0,Botafogo-SP,Paysandu,Empate,1,1,sintetica
6514,6.0,Brusque,Goiás,Goiás,0,2,sintetica
6515,6.0,CRB,Coritiba,CRB,2,1,sintetica
6516,6.0,Guarani,Vila Nova,Guarani,2,0,sintetica
6517,6.0,Novorizontino,Ituano,Novorizontino,1,0,sintetica
6518,6.0,Operário Ferroviário,Ceará,Empate,0,0,sintetica
6519,6.0,Santos,América-MG,Santos,2,1,sintetica
6520,6.0,Sport,Ponte Preta,Sport,3,1,sintetica
6521,7.0,Botafogo-SP,Goiás,Botafogo-SP,1,0,sintetica
6522,7.0,Chapecoense,CRB,Empate,0,0,sintetica
6523,7.0,Coritiba,Ceará,Coritiba,3,1,sintetica
6524,7.0,Guarani,América-MG,América-MG,1,2,sintetica
6525,7.0,Ituano,Amazonas,Amazonas,0,1,sintetica
6526,7.0,Novorizontino,Brusque,Novorizontino,1,0,sintetica
6527,7.0,Operário Ferroviário,Mirassol,Empate,1,1,sintetica
6528,7.0,Paysandu,Sport,Sport,0,1,sintetica
6529,7.0,Ponte Preta,Vila Nova,Ponte Preta,2,0,sintetica
6530,7.0,Santos,Avaí,Avaí,0,1,sintetica
6531,8.0,Brusque,Ituano,Brusque,1,0,sintetica
6532,8.0,Chapecoense,Ceará,Chapecoense,2,1,sintetica
6533,8.0,Coritiba,Mirassol,Mirassol,0,1,sintetica
6534,8.0,Guarani,Avaí,Empate,0,0,sintetica
6535,8.0,Novorizontino,Botafogo-SP,Novorizontino,2,0,sintetica
6536,8.0,Operário Ferroviário,Amazonas,Operário Ferroviário,1,0,sintetica
6537,8.0,Ponte Preta,América-MG,América-MG,0,2,sintetica
6538,8.0,Santos,CRB,CRB,0,2,sintetica
6539,8.0,Sport,Goiás,Empate,1,1,sintetica
6540,8.0,Vila Nova,Paysandu,Empate,2,2,sintetica
6541,9.0,Avaí,Ponte Preta,Avaí,2,1,sintetica
6542,9.0,Brusque,Amazonas,Brusque,1,0,sintetica
6543,9.0,CRB,Guarani,CRB,1,0,sintetica
6544,9.0,Ceará,Santos,Santos,0,1,sintetica
6545,9.0,Coritiba,Operário Ferroviário,Coritiba,3,0,sintetica
6546,9.0,Goiás,Vila Nova,Vila Nova,0,1,sintetica
6547,9.0,Ituano,Botafogo-SP,Ituano,3,2,sintetica
6548,9.0,Mirassol,Chapecoense,Mirassol,1,0,sintetica
6549,9.0,Novorizontino,Sport,Sport,1,3,sintetica
6550,9.0,Paysandu,América-MG,Paysandu,2,0,sintetica
6551,10.0,Botafogo-SP,Brusque,Empate,2,2,sintetica
6552,10.0,Chapecoense,Operário Ferroviário,Operário Ferroviário,0,1,sintetica
6553,10.0,Coritiba,Amazonas,Coritiba,3,1,sintetica
6554,10.0,Goiás,América-MG,Goiás,2,1,sintetica
6555,10.0,Guarani,Ceará,Empate,0,0,sintetica
6556,10.0,Ituano,Sport,Ituano,1,0,sintetica
6557,10.0,Mirassol,Santos,Empate,0,0,sintetica
6558,10.0,Novorizontino,Vila Nova,Novorizontino,2,0,sintetica
6559,10.0,Paysandu,Avaí,Empate,0,0,sintetica
6560,10.0,Ponte Preta,CRB,Ponte Preta,4,2,sintetica
6561,11.0,Amazonas,Botafogo-SP,Botafogo-SP,0,1,sintetica
6562,11.0,CRB,Paysandu,CRB,3,2,sintetica
6563,11.0,Ceará,Ponte Preta,Ceará,1,0,sintetica
6564,11.0,Chapecoense,Coritiba,Chapecoense,2,1,sintetica
6565,11.0,Goiás,Avaí,Goiás,2,1,sintetica
6566,11.0,Ituano,Vila Nova,Empate,0,0,sintetica
6567,11.0,Mirassol,Guarani,Mirassol,3,0,sintetica
6568,11.0,Novorizontino,América-MG,Empate,1,1,sintetica
6569,11.0,Santos,Operário Ferroviário,Santos,1,0,sintetica
6570,11.0,Sport,Brusque,Sport,4,1,sintetica
6571,12.0,Amazonas,Chapecoense,Chapecoense,0,1,sintetica
6572,12.0,CRB,Goiás,Goiás,0,1,sintetica
6573,12.0,Guarani,Operário Ferroviário,Operário Ferroviário,0,1,sintetica
6574,12.0,Ituano,América-MG,Empate,0,0,sintetica
6575,12.0,Mirassol,Ponte Preta,Mirassol,3,0,sintetica
6576,12.0,Novorizontino,Avaí,Novorizontino,2,0,sintetica
6577,12.0,Paysandu,Ceará,Paysandu,2,1,sintetica
6578,12.0,Santos,Coritiba,Santos,4,0,sintetica
6579,12.0,Sport,Botafogo-SP,Sport,3,1,sintetica
6580,12.0,Vila Nova,Brusque,Empate,2,2,sintetica
6581,13.0,Brusque,América-MG,Empate,0,0,sintetica
6582,13.0,Coritiba,Guarani,Coritiba,1,0,sintetica
6583,13.0,Goiás,Ceará,Goiás,2,1,sintetica
6584,13.0,Ituano,Avaí,Avaí,0,1,sintetica
6585,13.0,Novorizontino,CRB,Novorizontino,2,1,sintetica
6586,13.0,Operário Ferroviário,Ponte Preta,Empate,1,1,sintetica
6587,13.0,Paysandu,Mirassol,Empate,0,0,sintetica
6588,13.0,Santos,Chapecoense,Santos,1,0,sintetica
6589,13.0,Sport,Amazonas,Sport,3,2,sintetica
6590,13.0,Vila Nova,Botafogo-SP,Empate,1,1,sintetica
6591,14.0,América-MG,Botafogo-SP,América-MG,3,1,sintetica
6592,14.0,Brusque,Avaí,Empate,0,0,sintetica
6593,14.0,Chapecoense,Guarani,Guarani,0,4,sintetica
6594,14.0,Goiás,Mirassol,Mirassol,0,1,sintetica
6595,14.0,Ituano,CRB,CRB,1,2,sintetica
6596,14.0,Novorizontino,Ceará,Ceará,0,3,sintetica
6597,14.0,Paysandu,Operário Ferroviário,Empate,1,1,sintetica
6598,14.0,Ponte Preta,Coritiba,Empate,1,1,sintetica
6599,14.0,Santos,Amazonas,Empate,0,0,sintetica
6600,14.0,Sport,Vila Nova,Sport,2,0,sintetica
6601,15.0,Amazonas,Vila Nova,Vila Nova,1,2,sintetica
6602,15.0,América-MG,Sport,América-MG,2,1,sintetica
6603,15.0,Avaí,Botafogo-SP,Empate,1,1,sintetica
6604,15.0,CRB,Brusque,Empate,1,1,sintetica
6605,15.0,Ceará,Ituano,Ceará,4,2,sintetica
6606,15.0,Chapecoense,Ponte Preta,Empate,0,0,sintetica
6607,15.0,Novorizontino,Mirassol,Empate,1,1,sintetica
6608,15.0,Operário Ferroviário,Goiás,Operário Ferroviário,2,0,sintetica
6609,15.0,Paysandu,Coritiba,Paysandu,2,1,sintetica
6610,15.0,Santos,Guarani,Santos,4,1,sintetica
6611,16.0,Avaí,Sport,Sport,0,2,sintetica
6612,16.0,Brusque,Ceará,Brusque,1,0,sintetica
6613,16.0,CRB,Botafogo-SP,CRB,4,1,sintetica
6614,16.0,Chapecoense,Paysandu,Paysandu,1,2,sintetica
6615,16.0,Coritiba,Goiás,Empate,0,0,sintetica
6616,16.0,Guarani,Amazonas,Empate,0,0,sintetica
6617,16.0,Mirassol,Ituano,Mirassol,2,0,sintetica
6618,16.0,Operário Ferroviário,Novorizontino,Empate,0,0,sintetica
6619,16.0,Santos,Ponte Preta,Empate,2,2,sintetica
6620,16.0,Vila Nova,América-MG,Vila Nova,1,0,sintetica
6621,17.0,Amazonas,América-MG,Amazonas,1,0,sintetica
6622,17.0,Ceará,Botafogo-SP,Ceará,4,1,sintetica
6623,17.0,Goiás,Chapecoense,Chapecoense,1,2,sintetica
6624,17.0,Ituano,Operário Ferroviário,Operário Ferroviário,0,2,sintetica
6625,17.0,Mirassol,Brusque,Mirassol,2,0,sintetica
6626,17.0,Novorizontino,Coritiba,Empate,0,0,sintetica
6627,17.0,Paysandu,Santos,Santos,0,3,sintetica
6628,17.0,Ponte Preta,Guarani,Guarani,0,1,sintetica
6629,17.0,Sport,CRB,Sport,2,0,sintetica
6630,17.0,Vila Nova,Avaí,Vila Nova,2,1,sintetica
6631,18.0,Avaí,América-MG,Empate,2,2,sintetica
6632,18.0,CRB,Vila Nova,CRB,1,0,sintetica
6633,18.0,Ceará,Sport,Empate,0,0,sintetica
6634,18.0,Chapecoense,Novorizontino,Novorizontino,0,2,sintetica
6635,18.0,Ituano,Coritiba,Coritiba,0,1,sintetica
6636,18.0,Mirassol,Botafogo-SP,Botafogo-SP,1,2,sintetica
6637,18.0,Operário Ferroviário,Brusque,Empate,0,0,sintetica
6638,18.0,Paysandu,Guarani,Paysandu,2,1,sintetica
6639,18.0,Ponte Preta,Amazonas,Ponte Preta,3,0,sintetica
6640,18.0,Santos,Goiás,Santos,2,0,sintetica
6641,19.0,Amazonas,Avaí,Amazonas,2,1,sintetica
6642,19.0,CRB,América-MG,CRB,2,1,sintetica
6643,19.0,Coritiba,Brusque,Coritiba,1,0,sintetica
6644,19.0,Goiás,Guarani,Goiás,1,0,sintetica
6645,19.0,Ituano,Chapecoense,Ituano,2,1,sintetica
6646,19.0,Novorizontino,Santos,Novorizontino,3,1,sintetica
6647,19.0,Operário Ferroviário,Botafogo-SP,Botafogo-SP,0,1,sintetica
6648,19.0,Ponte Preta,Paysandu,Paysandu,1,2,sintetica
6649,19.0,Sport,Mirassol,Sport,1,0,sintetica
6650,19.0,Vila Nova,Ceará,Vila Nova,3,2,sintetica
6651,20.0,América-MG,Ceará,Empate,2,2,sintetica
6652,20.0,Botafogo-SP,Coritiba,Botafogo-SP,2,0,sintetica
6653,20.0,CRB,Avaí,Avaí,1,2,sintetica
6654,20.0,Chapecoense,Brusque,Empate,1,1,sintetica
6655,20.0,Goiás,Ponte Preta,Goiás,3,0,sintetica
6656,20.0,Ituano,Santos,Santos,0,2,sintetica
6657,20.0,Novorizontino,Guarani,Empate,1,1,sintetica
6658,20.0,Operário Ferroviário,Sport,Operário Ferroviário,2,1,sintetica
6659,20.0,Paysandu,Amazonas,Amazonas,0,1,sintetica
6660,20.0,Vila Nova,Mirassol,Vila Nova,1,0,sintetica
6661,21.0,Amazonas,CRB,Amazonas,2,0,sintetica
6662,21.0,América-MG,Mirassol,Empate,0,0,sintetica
6663,21.0,Avaí,Ceará,Ceará,0,1,sintetica
6664,21.0,Chapecoense,Botafogo-SP,Empate,1,1,sintetica
6665,21.0,Ituano,Guarani,Ituano,1,0,sintetica
6666,21.0,Operário Ferroviário,Vila Nova,Vila Nova,2,3,sintetica
6667,21.0,Paysandu,Goiás,Empate,1,1,sintetica
6668,21.0,Ponte Preta,Novorizontino,Ponte Preta,1,0,sintetica
6669,21.0,Santos,Brusque,Santos,4,0,sintetica
6670,21.0,Sport,Coritiba,Coritiba,0,1,sintetica
6671,22.0,Amazonas,Goiás,Goiás,0,4,sintetica
6672,22.0,América-MG,Operário Ferroviário,América-MG,2,0,sintetica
6673,22.0,Botafogo-SP,Santos,Santos,0,1,sintetica
6674,22.0,CRB,Ceará,Ceará,0,2,sintetica
6675,22.0,Chapecoense,Sport,Empate,1,1,sintetica
6676,22.0,Guarani,Brusque,Guarani,1,0,sintetica
6677,22.0,Mirassol,Avaí,Empate,0,0,sintetica
6678,22.0,Paysandu,Novorizontino,Novorizontino,1,3,sintetica
6679,22.0,Ponte Preta,Ituano,Ituano,1,4,sintetica
6680,22.0,Vila Nova,Coritiba,Coritiba,0,3,sintetica
6681,23.0,Amazonas,Ceará,Empate,1,1,sintetica
6682,23.0,Avaí,Operário Ferroviário,Avaí,1,0,sintetica
6683,23.0,Brusque,Ponte Preta,Empate,0,0,sintetica
6684,23.0,Chapecoense,Vila Nova,Empate,1,1,sintetica
6685,23.0,Coritiba,América-MG,Coritiba,1,0,sintetica
6686,23.0,Guarani,Botafogo-SP,Guarani,2,0,sintetica
6687,23.0,Mirassol,CRB,Mirassol,1,0,sintetica
6688,23.0,Novorizontino,Goiás,Novorizontino,2,1,sintetica
6689,23.0,Paysandu,Ituano,Paysandu,1,0,sintetica
6690,23.0,Santos,Sport,Empate,1,1,sintetica
6691,24.0,Amazonas,Novorizontino,Amazonas,1,0,sintetica
6692,24.0,Avaí,Coritiba,Avaí,1,0,sintetica
6693,24.0,Botafogo-SP,Ponte Preta,Botafogo-SP,2,0,sintetica
6694,24.0,CRB,Operário Ferroviário,Empate,1,1,sintetica
6695,24.0,Ceará,Mirassol,Mirassol,1,2,sintetica
6696,24.0,Chapecoense,América-MG,Empate,2,2,sintetica
6697,24.0,Guarani,Sport,Sport,0,1,sintetica
6698,24.0,Ituano,Goiás,Ituano,1,0,sintetica
6699,24.0,Paysandu,Brusque,Paysandu,1,0,sintetica
6700,24.0,Vila Nova,Santos,Empate,1,1,sintetica
6701,25.0,América-MG,Santos,América-MG,2,1,sintetica
6702,25.0,Ceará,Operário Ferroviário,Ceará,2,1,sintetica
6703,25.0,Chapecoense,Avaí,Chapecoense,1,0,sintetica
6704,25.0,Coritiba,CRB,Coritiba,2,1,sintetica
6705,25.0,Goiás,Brusque,Goiás,4,1,sintetica
6706,25.0,Ituano,Novorizontino,Novorizontino,1,3,sintetica
6707,25.0,Mirassol,Amazonas,Empate,0,0,sintetica
6708,25.0,Paysandu,Botafogo-SP,Empate,1,1,sintetica
6709,25.0,Ponte Preta,Sport,Sport,0,4,sintetica
6710,25.0,Vila Nova,Guarani,Vila Nova,2,0,sintetica
6711,26.0,Amazonas,Ituano,Amazonas,1,0,sintetica
6712,26.0,América-MG,Guarani,América-MG,3,0,sintetica
6713,26.0,Avaí,Santos,Santos,0,2,sintetica
6714,26.0,Brusque,Novorizontino,Empate,0,0,sintetica
6715,26.0,CRB,Chapecoense,CRB,2,0,sintetica
6716,26.0,Ceará,Coritiba,Ceará,1,0,sintetica
6717,26.0,Goiás,Botafogo-SP,Goiás,4,0,sintetica
6718,26.0,Mirassol,Operário Ferroviário,Mirassol,1,0,sintetica
6719,26.0,Sport,Paysandu,Sport,1,0,sintetica
6720,26.0,Vila Nova,Ponte Preta,Vila Nova,2,1,sintetica
6721,27.0,Amazonas,Operário Ferroviário,Amazonas,2,1,sintetica
6722,27.0,América-MG,Ponte Preta,América-MG,2,0,sintetica
6723,27.0,Avaí,Guarani,Avaí,3,2,sintetica
6724,27.0,Botafogo-SP,Novorizontino,Novorizontino,0,1,sintetica
6725,27.0,CRB,Santos,Empate,1,1,sintetica
6726,27.0,Ceará,Chapecoense,Ceará,2,1,sintetica
6727,27.0,Goiás,Sport,Goiás,3,0,sintetica
6728,27.0,Ituano,Brusque,Empate,1,1,sintetica
6729,27.0,Mirassol,Coritiba,Mirassol,4,1,sintetica
6730,27.0,Paysandu,Vila Nova,Paysandu,2,1,sintetica
6731,28.0,Amazonas,Brusque,Amazonas,2,1,sintetica
6732,28.0,América-MG,Paysandu,América-MG,2,0,sintetica
6733,28.0,Botafogo-SP,Ituano,Ituano,0,1,sintetica
6734,28.0,Chapecoense,Mirassol,Mirassol,0,1,sintetica
6735,28.0,Guarani,CRB,Guarani,2,1,sintetica
6736,28.0,Operário Ferroviário,Coritiba,Operário Ferroviário,2,1,sintetica
6737,28.0,Ponte Preta,Avaí,Ponte Preta,1,0,sintetica
6738,28.0,Santos,Ceará,Santos,1,0,sintetica
6739,28.0,Sport,Novorizontino,Novorizontino,1,2,sintetica
6740,28.0,Vila Nova,Goiás,Vila Nova,1,0,sintetica
6741,29.0,Amazonas,Coritiba,Amazonas,1,0,sintetica
6742,29.0,América-MG,Goiás,Empate,2,2,sintetica
6743,29.0,Avaí,Paysandu,Avaí,1,0,sintetica
6744,29.0,Brusque,Botafogo-SP,Botafogo-SP,0,1,sintetica
6745,29.0,CRB,Ponte Preta,Ponte Preta,0,1,sintetica
6746,29.0,Ceará,Guarani,Ceará,3,1,sintetica
6747,29.0,Operário Ferroviário,Chapecoense,Operário Ferroviário,3,2,sintetica
6748,29.0,Santos,Mirassol,Santos,3,2,sintetica
6749,29.0,Sport,Ituano,Sport,3,2,sintetica
6750,29.0,Vila Nova,Novorizontino,Vila Nova,2,1,sintetica
6751,30.0,América-MG,Novorizontino,América-MG,2,0,sintetica
6752,30.0,Avaí,Goiás,Avaí,2,0,sintetica
6753,30.0,Botafogo-SP,Amazonas,Amazonas,0,1,sintetica
6754,30.0,Brusque,Sport,Brusque,1,0,sintetica
6755,30.0,Coritiba,Chapecoense,Coritiba,1,0,sintetica
6756,30.0,Guarani,Mirassol,Guarani,1,0,sintetica
6757,30.0,Operário Ferroviário,Santos,Operário Ferroviário,1,0,sintetica
6758,30.0,Paysandu,CRB,Empate,1,1,sintetica
6759,30.0,Ponte Preta,Ceará,Ponte Preta,3,1,sintetica
6760,30.0,Vila Nova,Ituano,Ituano,3,4,sintetica
6761,31.0,América-MG,Ituano,América-MG,3,2,sintetica
6762,31.0,Avaí,Novorizontino,Novorizontino,0,1,sintetica
6763,31.0,Botafogo-SP,Sport,Empate,1,1,sintetica
6764,31.0,Brusque,Vila Nova,Brusque,3,1,sintetica
6765,31.0,Ceará,Paysandu,Ceará,2,1,sintetica
6766,31.0,Chapecoense,Amazonas,Chapecoense,2,0,sintetica
6767,31.0,Coritiba,Santos,Santos,0,2,sintetica
6768,31.0,Goiás,CRB,Empate,1,1,sintetica
6769,31.0,Operário Ferroviário,Guarani,Operário Ferroviário,1,0,sintetica
6770,31.0,Ponte Preta,Mirassol,Ponte Preta,4,2,sintetica
6771,32.0,Amazonas,Sport,Sport,2,3,sintetica
6772,32.0,América-MG,Brusque,América-MG,3,0,sintetica
6773,32.0,Avaí,Ituano,Avaí,2,0,sintetica
6774,32.0,Botafogo-SP,Vila Nova,Botafogo-SP,1,0,sintetica
6775,32.0,CRB,Novorizontino,Novorizontino,0,1,sintetica
6776,32.0,Ceará,Goiás,Empate,1,1,sintetica
6777,32.0,Chapecoense,Santos,Chapecoense,3,2,sintetica
6778,32.0,Guarani,Coritiba,Guarani,2,1,sintetica
6779,32.0,Mirassol,Paysandu,Mirassol,2,1,sintetica
6780,32.0,Ponte Preta,Operário Ferroviário,Operário Ferroviário,0,1,sintetica
6781,33.0,Amazonas,Santos,Amazonas,1,0,sintetica
6782,33.0,Avaí,Brusque,Empate,0,0,sintetica
6783,33.0,Botafogo-SP,América-MG,Empate,1,1,sintetica
6784,33.0,CRB,Ituano,CRB,1,0,sintetica
6785,33.0,Ceará,Novorizontino,Ceará,1,0,sintetica
6786,33.0,Coritiba,Ponte Preta,Empate,1,1,sintetica
6787,33.0,Guarani,Chapecoense,Chapecoense,0,1,sintetica
6788,33.0,Mirassol,Goiás,Mirassol,1,0,sintetica
6789,33.0,Operário Ferroviário,Paysandu,Empate,1,1,sintetica
6790,33.0,Vila Nova,Sport,Vila Nova,2,0,sintetica
6791,34.0,Botafogo-SP,Avaí,Avaí,1,3,sintetica
6792,34.0,Brusque,CRB,CRB,1,2,sintetica
6793,34.0,Coritiba,Paysandu,Empate,1,1,sintetica
6794,34.0,Goiás,Operário Ferroviário,Goiás,3,0,sintetica
6795,34.0,Guarani,Santos,Empate,1,1,sintetica
6796,34.0,Ituano,Ceará,Ceará,1,2,sintetica
6797,34.0,Mirassol,Novorizontino,Mirassol,1,0,sintetica
6798,34.0,Ponte Preta,Chapecoense,Chapecoense,0,2,sintetica
6799,34.0,Sport,América-MG,Empate,1,1,sintetica
6800,34.0,Vila Nova,Amazonas,Vila Nova,1,0,sintetica
6801,35.0,Amazonas,Guarani,Empate,1,1,sintetica
6802,35.0,América-MG,Vila Nova,América-MG,3,1,sintetica
6803,35.0,Botafogo-SP,CRB,Empate,0,0,sintetica
6804,35.0,Ceará,Brusque,Ceará,1,0,sintetica
6805,35.0,Goiás,Coritiba,Empate,1,1,sintetica
6806,35.0,Ituano,Mirassol,Ituano,3,2,sintetica
6807,35.0,Novorizontino,Operário Ferroviário,Operário Ferroviário,0,1,sintetica
6808,35.0,Paysandu,Chapecoense,Paysandu,2,0,sintetica
6809,35.0,Ponte Preta,Santos,Santos,1,2,sintetica
6810,35.0,Sport,Avaí,Avaí,1,2,sintetica
6811,36.0,América-MG,Amazonas,Empate,0,0,sintetica
6812,36.0,Avaí,Vila Nova,Avaí,3,0,sintetica
6813,36.0,Botafogo-SP,Ceará,Ceará,1,4,sintetica
6814,36.0,Brusque,Mirassol,Brusque,3,1,sintetica
6815,36.0,CRB,Sport,Empate,1,1,sintetica
6816,36.0,Chapecoense,Goiás,Goiás,0,4,sintetica
6817,36.0,Coritiba,Novorizontino,Empate,2,2,sintetica
6818,36.0,Guarani,Ponte Preta,Empate,1,1,sintetica
6819,36.0,Operário Ferroviário,Ituano,Ituano,1,2,sintetica
6820,36.0,Santos,Paysandu,Santos,2,0,sintetica
6821,37.0,Amazonas,Ponte Preta,Amazonas,2,1,sintetica
6822,37.0,América-MG,Avaí,Empate,1,1,sintetica
6823,37.0,Botafogo-SP,Mirassol,Empate,0,0,sintetica
6824,37.0,Brusque,Operário Ferroviário,Empate,0,0,sintetica
6825,37.0,Coritiba,Ituano,Coritiba,4,2,sintetica
6826,37.0,Goiás,Santos,Goiás,3,1,sintetica
6827,37.0,Guarani,Paysandu,Empate,0,0,sintetica
6828,37.0,Novorizontino,Chapecoense,Novorizontino,1,0,sintetica
6829,37.0,Sport,Ceará,Sport,2,1,sintetica
6830,37.0,Vila Nova,CRB,Vila Nova,1,0,sintetica
6831,38.0,América-MG,CRB,América-MG,2,1,sintetica
6832,38.0,Avaí,Amazonas,Empate,1,1,sintetica
6833,38.0,Botafogo-SP,Operário Ferroviário,Empate,0,0,sintetica
6834,38.0,Brusque,Coritiba,Coritiba,0,1,sintetica
6835,38.0,Ceará,Vila Nova,Ceará,4,0,sintetica
6836,38.0,Chapecoense,Ituano,Chapecoense,3,1,sintetica
6837,38.0,Guarani,Goiás,Goiás,2,3,sintetica
6838,38.0,Mirassol,Sport,Empate,0,0,sintetica
6839,38.0,Paysandu,Ponte Preta,Paysandu,1,0,sintetica
6840,38.0,Santos,Novorizontino,Empate,1,1,sintetica
6841,1.0,Amazonas,CRB,Empate,1,1,sintetica
6842,1.0,Athletic,Atlético-GO,Empate,1,1,sintetica
6843,1.0,Criciúma,Coritiba,Coritiba,0,1,sintetica
6844,1.0,Cuiabá,Avaí,Empate,2,2,sintetica
6845,1.0,Ferroviária,Athletico Paranaense,Athletico Paranaense,1,2,sintetica
6846,1.0,Goiás,América-MG,Goiás,1,0,sintetica
6847,1.0,Novorizontino,Operário Ferroviário,Novorizontino,3,0,sintetica
6848,1.0,Paysandu,Chapecoense,Chapecoense,0,2,sintetica
6849,1.0,Remo,Vila Nova,Remo,2,0,sintetica
6850,1.0,Volta Redonda,Botafogo-SP,Botafogo-SP,0,1,sintetica
6851,2.0,Athletico Paranaense,Volta Redonda,Athletico Paranaense,2,0,sintetica
6852,2.0,Atlético-GO,Avaí,Atlético-GO,2,1,sintetica
6853,2.0,Botafogo-SP,CRB,Botafogo-SP,2,1,sintetica
6854,2.0,Coritiba,Chapecoense,Empate,0,0,sintetica
6855,2.0,Criciúma,América-MG,Criciúma,2,1,sintetica
6856,2.0,Cuiabá,Paysandu,Cuiabá,1,0,sintetica
6857,2.0,Ferroviária,Goiás,Empate,1,1,sintetica
6858,2.0,Novorizontino,Amazonas,Empate,1,1,sintetica
6859,2.0,Operário Ferroviário,Remo,Remo,0,1,sintetica
6860,2.0,Vila Nova,Athletic,Empate,1,1,sintetica
6861,3.0,Amazonas,Remo,Remo,1,3,sintetica
6862,3.0,América-MG,Chapecoense,Chapecoense,0,1,sintetica
6863,3.0,Athletic,Avaí,Athletic,4,0,sintetica
6864,3.0,CRB,Athletico Paranaense,Athletico Paranaense,0,1,sintetica
6865,3.0,Criciúma,Ferroviária,Criciúma,2,1,sintetica
6866,3.0,Cuiabá,Coritiba,Cuiabá,1,0,sintetica
6867,3.0,Goiás,Volta Redonda,Goiás,2,0,sintetica
6868,3.0,Novorizontino,Botafogo-SP,Empate,1,1,sintetica
6869,3.0,Operário Ferroviário,Vila Nova,Empate,2,2,sintetica
6870,3.0,Paysandu,Atlético-GO,Empate,2,2,sintetica
6871,4.0,Athletic,Paysandu,Athletic,2,1,sintetica
6872,4.0,Atlético-GO,Coritiba,Empate,0,0,sintetica
6873,4.0,Avaí,Vila Nova,Empate,1,1,sintetica
6874,4.0,CRB,Goiás,CRB,2,0,sintetica
6875,4.0,Chapecoense,Ferroviária,Chapecoense,2,1,sintetica
6876,4.0,Criciúma,Volta Redonda,Empate,0,0,sintetica
6877,4.0,Cuiabá,América-MG,Cuiabá,3,1,sintetica
6878,4.0,Novorizontino,Athletico Paranaense,Novorizontino,2,1,sintetica
6879,4.0,Operário Ferroviário,Amazonas,Operário Ferroviário,2,1,sintetica
6880,4.0,Remo,Botafogo-SP,Empate,1,1,sintetica
6881,5.0,América-MG,Atlético-GO,América-MG,2,1,sintetica
6882,5.0,Athletico Paranaense,Remo,Athletico Paranaense,2,1,sintetica
6883,5.0,Avaí,Paysandu,Empate,0,0,sintetica
6884,5.0,Botafogo-SP,Operário Ferroviário,Empate,1,1,sintetica
6885,5.0,Coritiba,Athletic,Empate,0,0,sintetica
6886,5.0,Criciúma,CRB,Criciúma,1,0,sintetica
6887,5.0,Cuiabá,Ferroviária,Cuiabá,1,0,sintetica
6888,5.0,Novorizontino,Goiás,Novorizontino,1,0,sintetica
6889,5.0,Vila Nova,Amazonas,Vila Nova,1,0,sintetica
6890,5.0,Volta Redonda,Chapecoense,Empate,1,1,sintetica
6891,6.0,Athletic,América-MG,América-MG,0,2,sintetica
6892,6.0,Atlético-GO,Ferroviária,Ferroviária,1,3,sintetica
6893,6.0,Botafogo-SP,Amazonas,Botafogo-SP,1,0,sintetica
6894,6.0,Chapecoense,CRB,Chapecoense,3,2,sintetica
6895,6.0,Coritiba,Avaí,Coritiba,2,1,sintetica
6896,6.0,Cuiabá,Volta Redonda,Cuiabá,2,0,sintetica
6897,6.0,Novorizontino,Criciúma,Empate,1,1,sintetica
6898,6.0,Operário Ferroviário,Athletico Paranaense,Empate,2,2,sintetica
6899,6.0,Remo,Goiás,Remo,3,1,sintetica
6900,6.0,Vila Nova,Paysandu,Vila Nova,1,0,sintetica
6901,7.0,Amazonas,Athletico Paranaense,Athletico Paranaense,0,1,sintetica
6902,7.0,Athletic,Ferroviária,Athletic,2,1,sintetica
6903,7.0,Avaí,América-MG,Avaí,3,0,sintetica
6904,7.0,Botafogo-SP,Vila Nova,Botafogo-SP,2,0,sintetica
6905,7.0,CRB,Cuiabá,Empate,1,1,sintetica
6906,7.0,Chapecoense,Novorizontino,Chapecoense,1,0,sintetica
6907,7.0,Coritiba,Paysandu,Paysandu,2,5,sintetica
6908,7.0,Criciúma,Remo,Empate,1,1,sintetica
6909,7.0,Operário Ferroviário,Goiás,Goiás,1,2,sintetica
6910,7.0,Volta Redonda,Atlético-GO,Volta Redonda,3,0,sintetica
6911,8.0,América-MG,Paysandu,Empate,2,2,sintetica
6912,8.0,Atlético-GO,CRB,Atlético-GO,2,1,sintetica
6913,8.0,Avaí,Ferroviária,Empate,2,2,sintetica
6914,8.0,Botafogo-SP,Athletico Paranaense,Athletico Paranaense,1,3,sintetica
6915,8.0,Chapecoense,Remo,Empate,1,1,sintetica
6916,8.0,Criciúma,Operário Ferroviário,Operário Ferroviário,1,2,sintetica
6917,8.0,Goiás,Amazonas,Goiás,1,0,sintetica
6918,8.0,Novorizontino,Cuiabá,Novorizontino,3,0,sintetica
6919,8.0,Vila Nova,Coritiba,Coritiba,1,2,sintetica
6920,8.0,Volta Redonda,Athletic,Athletic,0,2,sintetica
6921,9.0,Amazonas,Criciúma,Amazonas,2,1,sintetica
6922,9.0,Athletico Paranaense,Vila Nova,Athletico Paranaense,2,0,sintetica
6923,9.0,Atlético-GO,Novorizontino,Atlético-GO,1,0,sintetica
6924,9.0,CRB,Athletic,CRB,1,0,sintetica
6925,9.0,Coritiba,América-MG,Coritiba,1,0,sintetica
6926,9.0,Goiás,Botafogo-SP,Botafogo-SP,2,3,sintetica
6927,9.0,Operário Ferroviário,Chapecoense,Chapecoense,1,2,sintetica
6928,9.0,Paysandu,Ferroviária,Paysandu,2,1,sintetica
6929,9.0,Remo,Cuiabá,Empate,0,0,sintetica
6930,9.0,Volta Redonda,Avaí,Empate,1,1,sintetica
6931,10.0,Amazonas,Chapecoense,Chapecoense,1,3,sintetica
6932,10.0,América-MG,Vila Nova,Empate,1,1,sintetica
6933,10.0,Athletico Paranaense,Goiás,Goiás,0,1,sintetica
6934,10.0,Avaí,CRB,Avaí,1,0,sintetica
6935,10.0,Criciúma,Botafogo-SP,Criciúma,2,0,sintetica
6936,10.0,Ferroviária,Coritiba,Ferroviária,2,1,sintetica
6937,10.0,Novorizontino,Athletic,Novorizontino,1,0,sintetica
6938,10.0,Operário Ferroviário,Cuiabá,Empate,1,1,sintetica
6939,10.0,Paysandu,Volta Redonda,Volta Redonda,1,2,sintetica
6940,10.0,Remo,Atlético-GO,Atlético-GO,0,1,sintetica
6941,11.0,América-MG,Ferroviária,Ferroviária,1,2,sintetica
6942,11.0,Athletic,Remo,Remo,1,2,sintetica
6943,11.0,Athletico Paranaense,Criciúma,Athletico Paranaense,2,1,sintetica
6944,11.0,Atlético-GO,Operário Ferroviário,Empate,0,0,sintetica
6945,11.0,Avaí,Novorizontino,Empate,1,1,sintetica
6946,11.0,CRB,Paysandu,CRB,2,0,sintetica
6947,11.0,Chapecoense,Botafogo-SP,Empate,1,1,sintetica
6948,11.0,Cuiabá,Amazonas,Cuiabá,3,1,sintetica
6949,11.0,Goiás,Vila Nova,Empate,2,2,sintetica
6950,11.0,Volta Redonda,Coritiba,Coritiba,0,1,sintetica
6951,12.0,Amazonas,Atlético-GO,Empate,1,1,sintetica
6952,12.0,Botafogo-SP,Cuiabá,Empate,2,2,sintetica
6953,12.0,Chapecoense,Athletico Paranaense,Athletico Paranaense,2,3,sintetica
6954,12.0,Coritiba,CRB,Empate,0,0,sintetica
6955,12.0,Goiás,Criciúma,Empate,1,1,sintetica
6956,12.0,Operário Ferroviário,Athletic,Athletic,1,4,sintetica
6957,12.0,Paysandu,Novorizontino,Novorizontino,0,1,sintetica
6958,12.0,Remo,Avaí,Remo,2,1,sintetica
6959,12.0,Vila Nova,Ferroviária,Empate,2,2,sintetica
6960,12.0,Volta Redonda,América-MG,Volta Redonda,1,0,sintetica
6961,13.0,Amazonas,Athletic,Amazonas,1,0,sintetica
6962,13.0,Athletico Paranaense,Cuiabá,Empate,1,1,sintetica
6963,13.0,Atlético-GO,Botafogo-SP,Atlético-GO,2,0,sintetica
6964,13.0,CRB,América-MG,América-MG,1,2,sintetica
6965,13.0,Chapecoense,Goiás,Goiás,1,2,sintetica
6966,13.0,Criciúma,Vila Nova,Criciúma,1,0,sintetica
6967,13.0,Ferroviária,Volta Redonda,Empate,0,0,sintetica
6968,13.0,Novorizontino,Coritiba,Coritiba,1,2,sintetica
6969,13.0,Operário Ferroviário,Avaí,Empate,0,0,sintetica
6970,13.0,Remo,Paysandu,Paysandu,0,1,sintetica
6971,14.0,América-MG,Novorizontino,Empate,2,2,sintetica
6972,14.0,Atlético-GO,Athletico Paranaense,Atlético-GO,3,0,sintetica
6973,14.0,Avaí,Amazonas,Amazonas,1,2,sintetica
6974,14.0,Botafogo-SP,Athletic,Athletic,0,3,sintetica
6975,14.0,CRB,Ferroviária,Empate,2,2,sintetica
6976,14.0,Criciúma,Chapecoense,Criciúma,2,0,sintetica
6977,14.0,Goiás,Cuiabá,Goiás,3,1,sintetica
6978,14.0,Paysandu,Operário Ferroviário,Operário Ferroviário,1,2,sintetica
6979,14.0,Remo,Coritiba,Remo,1,0,sintetica
6980,14.0,Vila Nova,Volta Redonda,Empate,2,2,sintetica
6981,15.0,Athletic,Athletico Paranaense,Athletico Paranaense,0,3,sintetica
6982,15.0,Atlético-GO,Goiás,Goiás,1,2,sintetica
6983,15.0,Avaí,Botafogo-SP,Avaí,5,0,sintetica
6984,15.0,CRB,Volta Redonda,CRB,1,0,sintetica
6985,15.0,Chapecoense,Vila Nova,Empate,2,2,sintetica
6986,15.0,Coritiba,Operário Ferroviário,Coritiba,2,0,sintetica
6987,15.0,Criciúma,Cuiabá,Criciúma,1,0,sintetica
6988,15.0,Ferroviária,Novorizontino,Novorizontino,1,2,sintetica
6989,15.0,Paysandu,Amazonas,Empate,2,2,sintetica
6990,15.0,Remo,América-MG,Remo,2,0,sintetica
6991,16.0,Avaí,Athletico Paranaense,Athletico Paranaense,1,2,sintetica
6992,16.0,Botafogo-SP,Paysandu,Botafogo-SP,1,0,sintetica
6993,16.0,Coritiba,Amazonas,Empate,1,1,sintetica
6994,16.0,Criciúma,Atlético-GO,Criciúma,1,0,sintetica
6995,16.0,Cuiabá,Chapecoense,Cuiabá,1,0,sintetica
6996,16.0,Ferroviária,Remo,Empate,1,1,sintetica
6997,16.0,Goiás,Athletic,Athletic,1,2,sintetica
6998,16.0,Novorizontino,Volta Redonda,Novorizontino,1,0,sintetica
6999,16.0,Operário Ferroviário,América-MG,Operário Ferroviário,1,0,sintetica
7000,16.0,Vila Nova,CRB,Vila Nova,2,0,sintetica
7001,17.0,Amazonas,América-MG,Empate,2,2,sintetica
7002,17.0,Athletic,Criciúma,Empate,1,1,sintetica
7003,17.0,Athletico Paranaense,Paysandu,Empate,1,1,sintetica
7004,17.0,Atlético-GO,Chapecoense,Empate,0,0,sintetica
7005,17.0,CRB,Novorizontino,CRB,4,0,sintetica
7006,17.0,Coritiba,Botafogo-SP,Coritiba,2,0,sintetica
7007,17.0,Goiás,Avaí,Goiás,2,1,sintetica
7008,17.0,Operário Ferroviário,Ferroviária,Operário Ferroviário,2,1,sintetica
7009,17.0,Remo,Volta Redonda,Empate,1,1,sintetica
7010,17.0,Vila Nova,Cuiabá,Empate,2,2,sintetica
7011,18.0,Amazonas,Ferroviária,Empate,0,0,sintetica
7012,18.0,Athletico Paranaense,Coritiba,Coritiba,0,1,sintetica
7013,18.0,Atlético-GO,Cuiabá,Empate,1,1,sintetica
7014,18.0,Avaí,Criciúma,Empate,1,1,sintetica
7015,18.0,Botafogo-SP,América-MG,Botafogo-SP,2,1,sintetica
7016,18.0,CRB,Remo,CRB,2,0,sintetica
7017,18.0,Chapecoense,Athletic,Chapecoense,1,0,sintetica
7018,18.0,Goiás,Paysandu,Goiás,1,0,sintetica
7019,18.0,Operário Ferroviário,Volta Redonda,Operário Ferroviário,2,1,sintetica
7020,18.0,Vila Nova,Novorizontino,Novorizontino,0,1,sintetica
7021,19.0,América-MG,Athletico Paranaense,Empate,2,2,sintetica
7022,19.0,Athletic,Cuiabá,Cuiabá,0,2,sintetica
7023,19.0,Avaí,Chapecoense,Avaí,2,1,sintetica
7024,19.0,Coritiba,Goiás,Empate,0,0,sintetica
7025,19.0,Ferroviária,Botafogo-SP,Empate,1,1,sintetica
7026,19.0,Operário Ferroviário,CRB,Empate,1,1,sintetica
7027,19.0,Paysandu,Criciúma,Criciúma,0,1,sintetica
7028,19.0,Remo,Novorizontino,Empate,1,1,sintetica
7029,19.0,Vila Nova,Atlético-GO,Vila Nova,1,0,sintetica
7030,19.0,Volta Redonda,Amazonas,Empate,1,1,sintetica
7031,20.0,América-MG,Goiás,América-MG,1,0,sintetica
7032,20.0,Athletico Paranaense,Ferroviária,Empate,1,1,sintetica
7033,20.0,Atlético-GO,Athletic,Atlético-GO,4,2,sintetica
7034,20.0,Avaí,Cuiabá,Avaí,2,0,sintetica
7035,20.0,Botafogo-SP,Volta Redonda,Empate,0,0,sintetica
7036,20.0,CRB,Amazonas,CRB,2,0,sintetica
7037,20.0,Chapecoense,Paysandu,Chapecoense,2,0,sintetica
7038,20.0,Coritiba,Criciúma,Criciúma,0,2,sintetica
7039,20.0,Operário Ferroviário,Novorizontino,Operário Ferroviário,2,0,sintetica
7040,20.0,Vila Nova,Remo,Empate,1,1,sintetica
7041,21.0,Amazonas,Novorizontino,Empate,0,0,sintetica
7042,21.0,América-MG,Criciúma,Empate,1,1,sintetica
7043,21.0,Athletic,Vila Nova,Vila Nova,0,1,sintetica
7044,21.0,Avaí,Atlético-GO,Empate,0,0,sintetica
7045,21.0,CRB,Botafogo-SP,CRB,3,2,sintetica
7046,21.0,Chapecoense,Coritiba,Coritiba,1,2,sintetica
7047,21.0,Goiás,Ferroviária,Goiás,2,0,sintetica
7048,21.0,Paysandu,Cuiabá,Empate,1,1,sintetica
7049,21.0,Remo,Operário Ferroviário,Remo,2,1,sintetica
7050,21.0,Volta Redonda,Athletico Paranaense,Volta Redonda,3,2,sintetica
7051,22.0,Athletico Paranaense,CRB,Athletico Paranaense,2,0,sintetica
7052,22.0,Atlético-GO,Paysandu,Atlético-GO,2,1,sintetica
7053,22.0,Avaí,Athletic,Avaí,2,1,sintetica
7054,22.0,Botafogo-SP,Novorizontino,Empate,0,0,sintetica
7055,22.0,Chapecoense,América-MG,América-MG,0,1,sintetica
7056,22.0,Coritiba,Cuiabá,Coritiba,2,0,sintetica
7057,22.0,Ferroviária,Criciúma,Empate,0,0,sintetica
7058,22.0,Remo,Amazonas,Remo,1,0,sintetica
7059,22.0,Vila Nova,Operário Ferroviário,Empate,0,0,sintetica
7060,22.0,Volta Redonda,Goiás,Empate,0,0,sintetica
7061,23.0,Amazonas,Operário Ferroviário,Amazonas,2,0,sintetica
7062,23.0,América-MG,Cuiabá,Empate,1,1,sintetica
7063,23.0,Athletico Paranaense,Novorizontino,Athletico Paranaense,2,1,sintetica
7064,23.0,Botafogo-SP,Remo,Empate,2,2,sintetica
7065,23.0,Coritiba,Atlético-GO,Coritiba,2,1,sintetica
7066,23.0,Ferroviária,Chapecoense,Chapecoense,0,1,sintetica
7067,23.0,Goiás,CRB,CRB,1,2,sintetica
7068,23.0,Paysandu,Athletic,Empate,1,1,sintetica
7069,23.0,Vila Nova,Avaí,Empate,2,2,sintetica
7070,23.0,Volta Redonda,Criciúma,Empate,0,0,sintetica
7071,24.0,Amazonas,Vila Nova,Amazonas,2,1,sintetica
7072,24.0,Athletic,Coritiba,Empate,1,1,sintetica
7073,24.0,Atlético-GO,América-MG,Atlético-GO,1,0,sintetica
7074,24.0,CRB,Criciúma,CRB,1,0,sintetica
7075,24.0,Chapecoense,Volta Redonda,Chapecoense,4,2,sintetica
7076,24.0,Ferroviária,Cuiabá,Empate,2,2,sintetica
7077,24.0,Goiás,Novorizontino,Goiás,1,0,sintetica
7078,24.0,Operário Ferroviário,Botafogo-SP,Operário Ferroviário,3,0,sintetica
7079,24.0,Paysandu,Avaí,Avaí,1,2,sintetica
7080,24.0,Remo,Athletico Paranaense,Remo,2,1,sintetica
7081,25.0,Amazonas,Botafogo-SP,Amazonas,3,0,sintetica
7082,25.0,América-MG,Athletic,Athletic,0,1,sintetica
7083,25.0,Athletico Paranaense,Operário Ferroviário,Athletico Paranaense,1,0,sintetica
7084,25.0,Avaí,Coritiba,Coritiba,0,2,sintetica
7085,25.0,CRB,Chapecoense,CRB,1,0,sintetica
7086,25.0,Criciúma,Novorizontino,Criciúma,2,0,sintetica
7087,25.0,Ferroviária,Atlético-GO,Ferroviária,2,0,sintetica
7088,25.0,Goiás,Remo,Empate,1,1,sintetica
7089,25.0,Paysandu,Vila Nova,Vila Nova,0,1,sintetica
7090,25.0,Volta Redonda,Cuiabá,Cuiabá,0,1,sintetica
7091,26.0,América-MG,Avaí,América-MG,2,0,sintetica
7092,26.0,Athletico Paranaense,Amazonas,Athletico Paranaense,2,0,sintetica
7093,26.0,Atlético-GO,Volta Redonda,Atlético-GO,2,0,sintetica
7094,26.0,Cuiabá,CRB,Cuiabá,1,0,sintetica
7095,26.0,Ferroviária,Athletic,Athletic,1,2,sintetica
7096,26.0,Goiás,Operário Ferroviário,Goiás,2,1,sintetica
7097,26.0,Novorizontino,Chapecoense,Novorizontino,1,0,sintetica
7098,26.0,Paysandu,Coritiba,Coritiba,1,2,sintetica
7099,26.0,Remo,Criciúma,Criciúma,0,1,sintetica
7100,26.0,Vila Nova,Botafogo-SP,Vila Nova,2,0,sintetica
7101,27.0,Amazonas,Goiás,Empate,2,2,sintetica
7102,27.0,Athletic,Volta Redonda,Athletic,2,1,sintetica
7103,27.0,Athletico Paranaense,Botafogo-SP,Botafogo-SP,1,4,sintetica
7104,27.0,CRB,Atlético-GO,CRB,2,1,sintetica
7105,27.0,Coritiba,Vila Nova,Coritiba,1,0,sintetica
7106,27.0,Cuiabá,Novorizontino,Novorizontino,0,1,sintetica
7107,27.0,Ferroviária,Avaí,Empate,1,1,sintetica
7108,27.0,Operário Ferroviário,Criciúma,Operário Ferroviário,1,0,sintetica
7109,27.0,Paysandu,América-MG,Empate,0,0,sintetica
7110,27.0,Remo,Chapecoense,Empate,1,1,sintetica
7111,28.0,América-MG,Coritiba,América-MG,1,0,sintetica
7112,28.0,Athletic,CRB,CRB,1,2,sintetica
7113,28.0,Avaí,Volta Redonda,Avaí,3,0,sintetica
7114,28.0,Botafogo-SP,Goiás,Goiás,0,1,sintetica
7115,28.0,Chapecoense,Operário Ferroviário,Chapecoense,2,0,sintetica
7116,28.0,Criciúma,Amazonas,Criciúma,3,2,sintetica
7117,28.0,Cuiabá,Remo,Remo,1,3,sintetica
7118,28.0,Ferroviária,Paysandu,Empate,2,2,sintetica
7119,28.0,Novorizontino,Atlético-GO,Empate,1,1,sintetica
7120,28.0,Vila Nova,Athletico Paranaense,Vila Nova,2,1,sintetica
7121,29.0,Athletic,Novorizontino,Novorizontino,0,2,sintetica
7122,29.0,Atlético-GO,Remo,Empate,1,1,sintetica
7123,29.0,Botafogo-SP,Criciúma,Criciúma,0,2,sintetica
7124,29.0,CRB,Avaí,CRB,1,0,sintetica
7125,29.0,Chapecoense,Amazonas,Chapecoense,4,0,sintetica
7126,29.0,Coritiba,Ferroviária,Coritiba,4,0,sintetica
7127,29.0,Cuiabá,Operário Ferroviário,Operário Ferroviário,2,3,sintetica
7128,29.0,Goiás,Athletico Paranaense,Athletico Paranaense,0,1,sintetica
7129,29.0,Vila Nova,América-MG,América-MG,0,3,sintetica
7130,29.0,Volta Redonda,Paysandu,Volta Redonda,1,0,sintetica
7131,30.0,Amazonas,Cuiabá,Amazonas,2,0,sintetica
7132,30.0,Botafogo-SP,Chapecoense,Botafogo-SP,1,0,sintetica
7133,30.0,Coritiba,Volta Redonda,Coritiba,2,0,sintetica
7134,30.0,Criciúma,Athletico Paranaense,Criciúma,4,2,sintetica
7135,30.0,Ferroviária,América-MG,América-MG,1,3,sintetica
7136,30.0,Novorizontino,Avaí,Empate,1,1,sintetica
7137,30.0,Operário Ferroviário,Atlético-GO,Operário Ferroviário,3,0,sintetica
7138,30.0,Paysandu,CRB,Empate,1,1,sintetica
7139,30.0,Remo,Athletic,Remo,3,1,sintetica
7140,30.0,Vila Nova,Goiás,Vila Nova,2,0,sintetica
7141,31.0,América-MG,Volta Redonda,América-MG,2,1,sintetica
7142,31.0,Athletic,Operário Ferroviário,Athletic,2,1,sintetica
7143,31.0,Athletico Paranaense,Chapecoense,Empate,1,1,sintetica
7144,31.0,Atlético-GO,Amazonas,Atlético-GO,2,0,sintetica
7145,31.0,Avaí,Remo,Avaí,3,1,sintetica
7146,31.0,CRB,Coritiba,Coritiba,0,1,sintetica
7147,31.0,Criciúma,Goiás,Goiás,1,2,sintetica
7148,31.0,Cuiabá,Botafogo-SP,Botafogo-SP,0,1,sintetica
7149,31.0,Ferroviária,Vila Nova,Vila Nova,1,3,sintetica
7150,31.0,Novorizontino,Paysandu,Novorizontino,3,1,sintetica
7151,32.0,América-MG,CRB,Empate,1,1,sintetica
7152,32.0,Athletic,Amazonas,Empate,2,2,sintetica
7153,32.0,Avaí,Operário Ferroviário,Avaí,1,0,sintetica
7154,32.0,Botafogo-SP,Atlético-GO,Empate,1,1,sintetica
7155,32.0,Coritiba,Novorizontino,Empate,0,0,sintetica
7156,32.0,Cuiabá,Athletico Paranaense,Cuiabá,2,1,sintetica
7157,32.0,Goiás,Chapecoense,Chapecoense,1,3,sintetica
7158,32.0,Paysandu,Remo,Remo,2,3,sintetica
7159,32.0,Vila Nova,Criciúma,Empate,1,1,sintetica
7160,32.0,Volta Redonda,Ferroviária,Empate,0,0,sintetica
7161,33.0,Amazonas,Avaí,Avaí,0,2,sintetica
7162,33.0,Athletic,Botafogo-SP,Athletic,2,0,sintetica
7163,33.0,Athletico Paranaense,Atlético-GO,Atlético-GO,0,1,sintetica
7164,33.0,Chapecoense,Criciúma,Chapecoense,2,1,sintetica
7165,33.0,Coritiba,Remo,Empate,0,0,sintetica
7166,33.0,Cuiabá,Goiás,Goiás,0,1,sintetica
7167,33.0,Ferroviária,CRB,Ferroviária,1,0,sintetica
7168,33.0,Novorizontino,América-MG,Novorizontino,3,1,sintetica
7169,33.0,Operário Ferroviário,Paysandu,Empate,0,0,sintetica
7170,33.0,Volta Redonda,Vila Nova,Volta Redonda,2,1,sintetica
7171,34.0,Amazonas,Paysandu,Empate,1,1,sintetica
7172,34.0,América-MG,Remo,Remo,0,1,sintetica
7173,34.0,Athletico Paranaense,Athletic,Athletico Paranaense,1,0,sintetica
7174,34.0,Botafogo-SP,Avaí,Empate,0,0,sintetica
7175,34.0,Cuiabá,Criciúma,Cuiabá,1,0,sintetica
7176,34.0,Goiás,Atlético-GO,Empate,0,0,sintetica
7177,34.0,Novorizontino,Ferroviária,Empate,2,2,sintetica
7178,34.0,Operário Ferroviário,Coritiba,Operário Ferroviário,1,0,sintetica
7179,34.0,Vila Nova,Chapecoense,Vila Nova,1,0,sintetica
7180,34.0,Volta Redonda,CRB,CRB,0,1,sintetica
7181,35.0,Amazonas,Coritiba,Coritiba,1,2,sintetica
7182,35.0,América-MG,Operário Ferroviário,Empate,1,1,sintetica
7183,35.0,Athletic,Goiás,Empate,1,1,sintetica
7184,35.0,Athletico Paranaense,Avaí,Empate,1,1,sintetica
7185,35.0,Atlético-GO,Criciúma,Criciúma,0,1,sintetica
7186,35.0,CRB,Vila Nova,CRB,2,0,sintetica
7187,35.0,Chapecoense,Cuiabá,Chapecoense,2,1,sintetica
7188,35.0,Paysandu,Botafogo-SP,Paysandu,1,0,sintetica
7189,35.0,Remo,Ferroviária,Ferroviária,0,2,sintetica
7190,35.0,Volta Redonda,Novorizontino,Empate,0,0,sintetica
7191,36.0,América-MG,Amazonas,América-MG,3,1,sintetica
7192,36.0,Avaí,Goiás,Avaí,2,1,sintetica
7193,36.0,Botafogo-SP,Coritiba,Empate,0,0,sintetica
7194,36.0,Chapecoense,Atlético-GO,Chapecoense,1,0,sintetica
7195,36.0,Criciúma,Athletic,Criciúma,4,0,sintetica
7196,36.0,Cuiabá,Vila Nova,Cuiabá,1,0,sintetica
7197,36.0,Ferroviária,Operário Ferroviário,Empate,0,0,sintetica
7198,36.0,Novorizontino,CRB,Novorizontino,3,0,sintetica
7199,36.0,Paysandu,Athletico Paranaense,Athletico Paranaense,1,2,sintetica
7200,36.0,Volta Redonda,Remo,Volta Redonda,2,1,sintetica
7201,37.0,América-MG,Botafogo-SP,América-MG,1,0,sintetica
7202,37.0,Athletic,Chapecoense,Chapecoense,0,4,sintetica
7203,37.0,Coritiba,Athletico Paranaense,Empate,0,0,sintetica
7204,37.0,Criciúma,Avaí,Avaí,1,2,sintetica
7205,37.0,Cuiabá,Atlético-GO,Empate,2,2,sintetica
7206,37.0,Ferroviária,Amazonas,Ferroviária,2,1,sintetica
7207,37.0,Novorizontino,Vila Nova,Empate,1,1,sintetica
7208,37.0,Paysandu,Goiás,Empate,0,0,sintetica
7209,37.0,Remo,CRB,Remo,4,2,sintetica
7210,37.0,Volta Redonda,Operário Ferroviário,Volta Redonda,1,0,sintetica
7211,38.0,Amazonas,Volta Redonda,Amazonas,1,0,sintetica
7212,38.0,Athletico Paranaense,América-MG,Athletico Paranaense,1,0,sintetica
7213,38.0,Atlético-GO,Vila Nova,Atlético-GO,1,0,sintetica
7214,38.0,Botafogo-SP,Ferroviária,Ferroviária,1,2,sintetica
7215,38.0,CRB,Operário Ferroviário,Empate,2,2,sintetica
7216,38.0,Chapecoense,Avaí,Avaí,0,1,sintetica
7217,38.0,Criciúma,Paysandu,Paysandu,2,4,sintetica
7218,38.0,Cuiabá,Athletic,Cuiabá,2,1,sintetica
7219,38.0,Goiás,Coritiba,Goiás,1,0,sintetica
7220,38.0,Novorizontino,Remo,Empate,1,1,sintetica
7221,1.0,América-MG,Ceará,Empate,1,1,sintetica
7222,1.0,Athletic,Sport,Sport,1,2,sintetica
7223,1.0,Avaí,Cuiabá,Avaí,1,0,sintetica
7224,1.0,CRB,Juventude,Juventude,0,1,sintetica
7225,1.0,Fortaleza,Ponte Preta,Fortaleza,2,0,sintetica
7226,1.0,Goiás,Operário Ferroviário,Operário Ferroviário,0,3,sintetica
7227,1.0,Londrina,Criciúma,Criciúma,0,2,sintetica
7228,1.0,Novorizontino,Atlético-GO,Novorizontino,3,0,sintetica
7229,1.0,Náutico,São Bernardo,São Bernardo,0,3,sintetica
7230,1.0,Vila Nova,Botafogo-SP,Vila Nova,1,0,sintetica
7231,2.0,Athletic,Goiás,Empate,1,1,sintetica
7232,2.0,Atlético-GO,São Bernardo,São Bernardo,0,1,sintetica
7233,2.0,Botafogo-SP,Avaí,Botafogo-SP,3,1,sintetica
7234,2.0,CRB,Criciúma,CRB,2,1,sintetica
7235,2.0,Cuiabá,Fortaleza,Empate,1,1,sintetica
7236,2.0,Londrina,Ceará,Empate,0,0,sintetica
7237,2.0,Novorizontino,Sport,Novorizontino,2,1,sintetica
7238,2.0,Náutico,Juventude,Empate,0,0,sintetica
7239,2.0,Operário Ferroviário,América-MG,Operário Ferroviário,1,0,sintetica
7240,2.0,Vila Nova,Ponte Preta,Vila Nova,6,0,sintetica
7241,3.0,Botafogo-SP,Cuiabá,Cuiabá,1,2,sintetica
7242,3.0,CRB,Goiás,Empate,2,2,sintetica
7243,3.0,Criciúma,Athletic,Empate,1,1,sintetica
7244,3.0,Novorizontino,Londrina,Londrina,1,3,sintetica
7245,3.0,Náutico,Fortaleza,Fortaleza,0,1,sintetica
7246,3.0,Operário Ferroviário,Atlético-GO,Operário Ferroviário,1,0,sintetica
7247,3.0,Ponte Preta,América-MG,Ponte Preta,1,0,sintetica
7248,3.0,Sport,Ceará,Sport,2,0,sintetica
7249,3.0,São Bernardo,Juventude,Juventude,0,1,sintetica
7250,3.0,Vila Nova,Avaí,Vila Nova,2,0,sintetica
7251,4.0,Athletic,São Bernardo,Athletic,2,1,sintetica
7252,4.0,Avaí,Vila Nova,Empate,1,1,sintetica
7253,4.0,Ceará,Botafogo-SP,Botafogo-SP,0,1,sintetica
7254,4.0,Cuiabá,Atlético-GO,Atlético-GO,0,1,sintetica
7255,4.0,Fortaleza,Sport,Fortaleza,2,1,sintetica
7256,4.0,Juventude,Criciúma,Empate,0,0,sintetica
7257,4.0,Novorizontino,CRB,Empate,1,1,sintetica
7258,4.0,Náutico,América-MG,Náutico,4,0,sintetica
7259,4.0,Operário Ferroviário,Londrina,Operário Ferroviário,3,0,sintetica
7260,4.0,Ponte Preta,Goiás,Goiás,1,2,sintetica
7261,5.0,Botafogo-SP,Vila Nova,Vila Nova,0,1,sintetica
7262,5.0,CRB,Avaí,Avaí,0,1,sintetica
7263,5.0,Ceará,Atlético-GO,Atlético-GO,0,1,sintetica
7264,5.0,Cuiabá,América-MG,Cuiabá,1,0,sintetica
7265,5.0,Fortaleza,Athletic,Empate,2,2,sintetica
7266,5.0,Goiás,Criciúma,Goiás,1,0,sintetica
7267,5.0,Juventude,Ponte Preta,Juventude,3,0,sintetica
7268,5.0,Londrina,Operário Ferroviário,Operário Ferroviário,1,2,sintetica
7269,5.0,Novorizontino,Náutico,Empate,2,2,sintetica
7270,5.0,São Bernardo,Sport,Empate,0,0,sintetica
7271,6.0,América-MG,Botafogo-SP,Botafogo-SP,1,2,sintetica
7272,6.0,Atlético-GO,Ponte Preta,Atlético-GO,2,0,sintetica
7273,6.0,CRB,São Bernardo,São Bernardo,2,3,sintetica
7274,6.0,Ceará,Avaí,Ceará,2,1,sintetica
7275,6.0,Criciúma,Fortaleza,Fortaleza,0,2,sintetica
7276,6.0,Goiás,Londrina,Goiás,1,0,sintetica
7277,6.0,Juventude,Sport,Sport,0,1,sintetica
7278,6.0,Novorizontino,Cuiabá,Empate,1,1,sintetica
7279,6.0,Náutico,Athletic,Náutico,2,1,sintetica
7280,6.0,Operário Ferroviário,Vila Nova,Empate,0,0,sintetica
7281,7.0,Athletic,Cuiabá,Empate,0,0,sintetica
7282,7.0,Botafogo-SP,Atlético-GO,Empate,1,1,sintetica
7283,7.0,CRB,Ponte Preta,CRB,4,2,sintetica
7284,7.0,Fortaleza,Avaí,Fortaleza,1,0,sintetica
7285,7.0,Goiás,Ceará,Goiás,2,0,sintetica
7286,7.0,Juventude,América-MG,Juventude,3,0,sintetica
7287,7.0,Novorizontino,São Bernardo,Empate,0,0,sintetica
7288,7.0,Náutico,Criciúma,Criciúma,0,1,sintetica
7289,7.0,Sport,Operário Ferroviário,Empate,2,2,sintetica
7290,7.0,Vila Nova,Londrina,Vila Nova,2,0,sintetica
7291,8.0,América-MG,Atlético-GO,Atlético-GO,1,2,sintetica
7292,8.0,Athletic,Operário Ferroviário,Operário Ferroviário,0,1,sintetica
7293,8.0,Criciúma,Avaí,Criciúma,3,0,sintetica
7294,8.0,Fortaleza,Ceará,Empate,1,1,sintetica
7295,8.0,Goiás,Cuiabá,Cuiabá,0,2,sintetica
7296,8.0,Juventude,CRB,Juventude,2,1,sintetica
7297,8.0,Náutico,Londrina,Náutico,2,1,sintetica
7298,8.0,Ponte Preta,Botafogo-SP,Empate,0,0,sintetica
7299,8.0,Sport,Vila Nova,Empate,1,1,sintetica
7300,8.0,São Bernardo,Novorizontino,Empate,1,1,sintetica
7301,9.0,América-MG,CRB,CRB,1,2,sintetica
7302,9.0,Botafogo-SP,Náutico,Empate,1,1,sintetica
7303,9.0,Ceará,Londrina,Ceará,2,1,sintetica
7304,9.0,Cuiabá,Operário Ferroviário,Cuiabá,1,0,sintetica
7305,9.0,Fortaleza,São Bernardo,Empate,1,1,sintetica
7306,9.0,Goiás,Atlético-GO,Atlético-GO,0,1,sintetica
7307,9.0,Juventude,Athletic,Athletic,0,2,sintetica
7308,9.0,Novorizontino,Avaí,Novorizontino,3,1,sintetica
7309,9.0,Ponte Preta,Criciúma,Criciúma,1,2,sintetica
7310,9.0,Vila Nova,Sport,Sport,0,1,sintetica
7311,10.0,América-MG,Juventude,Juventude,0,1,sintetica
7312,10.0,Atlético-GO,Athletic,Empate,0,0,sintetica
7313,10.0,Botafogo-SP,Operário Ferroviário,Botafogo-SP,2,1,sintetica
7314,10.0,Criciúma,Goiás,Criciúma,1,0,sintetica
7315,10.0,Fortaleza,Novorizontino,Fortaleza,1,0,sintetica
7316,10.0,Londrina,CRB,Londrina,5,0,sintetica
7317,10.0,Náutico,Ceará,Náutico,1,0,sintetica
7318,10.0,Ponte Preta,Vila Nova,Vila Nova,0,1,sintetica
7319,10.0,Sport,Cuiabá,Empate,1,1,sintetica
7320,10.0,São Bernardo,Avaí,Empate,1,1,sintetica
7321,11.0,América-MG,Vila Nova,Vila Nova,1,2,sintetica
7322,11.0,Avaí,Atlético-GO,Atlético-GO,0,1,sintetica
7323,11.0,Botafogo-SP,Ponte Preta,Botafogo-SP,2,0,sintetica
7324,11.0,CRB,Athletic,Athletic,2,3,sintetica
7325,11.0,Ceará,Fortaleza,Ceará,2,1,sintetica
7326,11.0,Criciúma,Náutico,Empate,0,0,sintetica
7327,11.0,Cuiabá,Londrina,Empate,2,2,sintetica
7328,11.0,Operário Ferroviário,Novorizontino,Operário Ferroviário,2,1,sintetica
7329,11.0,Sport,Juventude,Sport,2,1,sintetica
7330,11.0,São Bernardo,Goiás,São Bernardo,1,0,sintetica
7331,12.0,América-MG,Athletic,Athletic,1,3,sintetica
7332,12.0,Atlético-GO,Operário Ferroviário,Atlético-GO,3,1,sintetica
7333,12.0,Avaí,Criciúma,Criciúma,1,2,sintetica
7334,12.0,Botafogo-SP,Novorizontino,Novorizontino,1,3,sintetica
7335,12.0,CRB,Náutico,CRB,2,1,sintetica
7336,12.0,Goiás,Sport,Empate,1,1,sintetica
7337,12.0,Juventude,Ceará,Juventude,2,0,sintetica
7338,12.0,Londrina,Vila Nova,Vila Nova,0,1,sintetica
7339,12.0,Ponte Preta,Cuiabá,Cuiabá,1,2,sintetica
7340,12.0,São Bernardo,Fortaleza,Fortaleza,0,1,sintetica
7341,13.0,América-MG,Criciúma,Criciúma,0,1,sintetica
7342,13.0,Atlético-GO,CRB,Empate,3,3,sintetica
7343,13.0,Avaí,Juventude,Avaí,2,0,sintetica
7344,13.0,Ceará,Athletic,Empate,0,0,sintetica
7345,13.0,Cuiabá,Vila Nova,Cuiabá,1,0,sintetica
7346,13.0,Fortaleza,Operário Ferroviário,Empate,1,1,sintetica
7347,13.0,Londrina,Sport,Sport,1,2,sintetica
7348,13.0,Náutico,Goiás,Goiás,0,1,sintetica
7349,13.0,Ponte Preta,Novorizontino,Novorizontino,0,2,sintetica
7350,13.0,São Bernardo,Botafogo-SP,Botafogo-SP,0,1,sintetica
7351,14.0,Athletic,Juventude,Empate,1,1,sintetica
7352,14.0,Atlético-GO,América-MG,Atlético-GO,2,0,sintetica
7353,14.0,Avaí,Fortaleza,Empate,0,0,sintetica
7354,14.0,Botafogo-SP,CRB,CRB,0,1,sintetica
7355,14.0,Ceará,Náutico,Ceará,1,0,sintetica
7356,14.0,Criciúma,Sport,Criciúma,1,0,sintetica
7357,14.0,Cuiabá,Ponte Preta,Cuiabá,2,0,sintetica
7358,14.0,Londrina,Novorizontino,Novorizontino,1,4,sintetica
7359,14.0,São Bernardo,Operário Ferroviário,Operário Ferroviário,1,2,sintetica
7360,14.0,Vila Nova,Goiás,Vila Nova,2,0,sintetica
7361,15.0,América-MG,Náutico,América-MG,2,1,sintetica
7362,15.0,Atlético-GO,Goiás,Empate,1,1,sintetica
7363,15.0,Botafogo-SP,Athletic,Athletic,1,2,sintetica
7364,15.0,Cuiabá,Ceará,Ceará,0,2,sintetica
7365,15.0,Fortaleza,Criciúma,Fortaleza,3,2,sintetica
7366,15.0,Juventude,Operário Ferroviário,Juventude,3,0,sintetica
7367,15.0,Londrina,São Bernardo,São Bernardo,1,3,sintetica
7368,15.0,Ponte Preta,Avaí,Avaí,0,2,sintetica
7369,15.0,Sport,Novorizontino,Sport,1,0,sintetica
7370,15.0,Vila Nova,CRB,Empate,2,2,sintetica
7371,16.0,América-MG,Ponte Preta,América-MG,2,0,sintetica
7372,16.0,Athletic,Náutico,Náutico,0,1,sintetica
7373,16.0,Atlético-GO,Botafogo-SP,Atlético-GO,3,0,sintetica
7374,16.0,Ceará,Vila Nova,Empate,3,3,sintetica
7375,16.0,Cuiabá,Novorizontino,Empate,0,0,sintetica
7376,16.0,Goiás,São Bernardo,Goiás,2,1,sintetica
7377,16.0,Juventude,Fortaleza,Empate,0,0,sintetica
7378,16.0,Londrina,Avaí,Londrina,3,2,sintetica
7379,16.0,Operário Ferroviário,Criciúma,Empate,1,1,sintetica
7380,16.0,Sport,CRB,CRB,1,2,sintetica
7381,17.0,Athletic,Avaí,Athletic,1,0,sintetica
7382,17.0,CRB,América-MG,CRB,3,1,sintetica
7383,17.0,Cuiabá,Botafogo-SP,Empate,1,1,sintetica
7384,17.0,Fortaleza,Londrina,Fortaleza,3,0,sintetica
7385,17.0,Juventude,Goiás,Juventude,2,0,sintetica
7386,17.0,Novorizontino,Criciúma,Criciúma,0,1,sintetica
7387,17.0,Operário Ferroviário,Ponte Preta,Operário Ferroviário,3,2,sintetica
7388,17.0,Sport,Atlético-GO,Empate,1,1,sintetica
7389,17.0,São Bernardo,Ceará,Ceará,3,4,sintetica
7390,17.0,Vila Nova,Náutico,Vila Nova,4,3,sintetica
7391,18.0,América-MG,São Bernardo,São Bernardo,0,2,sintetica
7392,18.0,Athletic,Ponte Preta,Athletic,2,1,sintetica
7393,18.0,Atlético-GO,Avaí,Atlético-GO,2,1,sintetica
7394,18.0,Botafogo-SP,Goiás,Goiás,1,3,sintetica
7395,18.0,CRB,Novorizontino,Empate,0,0,sintetica
7396,18.0,Criciúma,Ceará,Empate,1,1,sintetica
7397,18.0,Juventude,Cuiabá,Juventude,2,0,sintetica
7398,18.0,Operário Ferroviário,Náutico,Náutico,2,6,sintetica
7399,18.0,Sport,Londrina,Sport,2,1,sintetica
7400,18.0,Vila Nova,Fortaleza,Vila Nova,2,1,sintetica
7401,19.0,Avaí,Náutico,Avaí,2,0,sintetica
7402,19.0,Criciúma,CRB,Criciúma,3,1,sintetica
7403,19.0,Goiás,América-MG,Goiás,3,1,sintetica
7404,19.0,Juventude,Novorizontino,Empate,0,0,sintetica
7405,19.0,Londrina,Fortaleza,Fortaleza,1,2,sintetica
7406,19.0,Operário Ferroviário,Cuiabá,Empate,0,0,sintetica
7407,19.0,Ponte Preta,Athletic,Empate,1,1,sintetica
7408,19.0,Sport,Botafogo-SP,Empate,3,3,sintetica
7409,19.0,São Bernardo,Atlético-GO,São Bernardo,1,0,sintetica
7410,19.0,Vila Nova,Ceará,Vila Nova,2,0,sintetica
7411,20.0,Atlético-GO,Juventude,Empate,0,0,sintetica
7412,20.0,Avaí,Goiás,Goiás,0,2,sintetica
7413,20.0,Criciúma,Vila Nova,Criciúma,2,0,sintetica
7414,20.0,Cuiabá,Sport,Empate,0,0,sintetica
7415,20.0,Fortaleza,América-MG,América-MG,0,3,sintetica
7416,20.0,Londrina,Botafogo-SP,Empate,0,0,sintetica
7417,20.0,Novorizontino,Athletic,Novorizontino,2,1,sintetica
7418,20.0,Náutico,Operário Ferroviário,Empate,3,3,sintetica
7419,20.0,Ponte Preta,Ceará,Empate,1,1,sintetica
7420,20.0,São Bernardo,CRB,São Bernardo,3,1,sintetica
7421,21.0,América-MG,Novorizontino,Novorizontino,0,3,sintetica
7422,21.0,Atlético-GO,Londrina,Atlético-GO,2,1,sintetica
7423,21.0,Avaí,Ceará,Ceará,0,1,sintetica
7424,21.0,CRB,Cuiabá,CRB,3,0,sintetica
7425,21.0,Criciúma,Operário Ferroviário,Operário Ferroviário,0,2,sintetica
7426,21.0,Fortaleza,Juventude,Fortaleza,2,1,sintetica
7427,21.0,Goiás,Botafogo-SP,Goiás,1,0,sintetica
7428,21.0,Ponte Preta,Sport,Sport,1,3,sintetica
7429,21.0,São Bernardo,Náutico,Empate,1,1,sintetica
7430,21.0,Vila Nova,Athletic,Empate,1,1,sintetica
7431,22.0,Atlético-GO,Criciúma,Atlético-GO,4,0,sintetica
7432,22.0,Avaí,América-MG,Avaí,2,1,sintetica
7433,22.0,CRB,Vila Nova,CRB,2,0,sintetica
7434,22.0,Ceará,Operário Ferroviário,Operário Ferroviário,1,2,sintetica
7435,22.0,Cuiabá,Athletic,Cuiabá,3,0,sintetica
7436,22.0,Goiás,Fortaleza,Fortaleza,0,1,sintetica
7437,22.0,Londrina,Juventude,Empate,0,0,sintetica
7438,22.0,Novorizontino,Botafogo-SP,Novorizontino,1,0,sintetica
7439,22.0,Ponte Preta,São Bernardo,São Bernardo,0,2,sintetica
7440,22.0,Sport,Náutico,Sport,2,0,sintetica
7441,23.0,América-MG,Goiás,América-MG,1,0,sintetica
7442,23.0,Athletic,Botafogo-SP,Empate,1,1,sintetica
7443,23.0,Avaí,Sport,Avaí,2,1,sintetica
7444,23.0,Ceará,Novorizontino,Ceará,2,1,sintetica
7445,23.0,Criciúma,Atlético-GO,Empate,1,1,sintetica
7446,23.0,Fortaleza,Náutico,Empate,1,1,sintetica
7447,23.0,Juventude,Vila Nova,Juventude,1,0,sintetica
7448,23.0,Operário Ferroviário,CRB,Operário Ferroviário,3,0,sintetica
7449,23.0,Ponte Preta,Londrina,Londrina,1,4,sintetica
7450,23.0,São Bernardo,Cuiabá,Empate,2,2,sintetica
7451,24.0,Avaí,Novorizontino,Empate,3,3,sintetica
7452,24.0,CRB,Operário Ferroviário,CRB,3,0,sintetica
7453,24.0,Ceará,Cuiabá,Cuiabá,1,3,sintetica
7454,24.0,Criciúma,São Bernardo,Criciúma,1,0,sintetica
7455,24.0,Fortaleza,Goiás,Fortaleza,4,1,sintetica
7456,24.0,Juventude,Atlético-GO,Empate,2,2,sintetica
7457,24.0,Londrina,Ponte Preta,Londrina,6,0,sintetica
7458,24.0,Náutico,Botafogo-SP,Náutico,1,0,sintetica
7459,24.0,Sport,Athletic,Empate,1,1,sintetica
7460,24.0,Vila Nova,América-MG,Vila Nova,1,0,sintetica
7461,25.0,Athletic,Vila Nova,Athletic,5,0,sintetica
7462,25.0,Atlético-GO,Náutico,Náutico,1,2,sintetica
7463,25.0,Avaí,CRB,CRB,0,1,sintetica
7464,25.0,Botafogo-SP,Juventude,Botafogo-SP,4,2,sintetica
7465,25.0,Ceará,São Bernardo,Empate,1,1,sintetica
7466,25.0,Criciúma,Londrina,Criciúma,1,0,sintetica
7467,25.0,Cuiabá,Goiás,Empate,1,1,sintetica
7468,25.0,Novorizontino,América-MG,Novorizontino,3,0,sintetica
7469,25.0,Operário Ferroviário,Fortaleza,Empate,0,0,sintetica
7470,25.0,Sport,Ponte Preta,Sport,2,0,sintetica
7471,26.0,América-MG,Sport,Empate,0,0,sintetica
7472,26.0,Athletic,CRB,CRB,0,2,sintetica
7473,26.0,Avaí,Operário Ferroviário,Empate,0,0,sintetica
7474,26.0,Botafogo-SP,Fortaleza,Botafogo-SP,4,0,sintetica
7475,26.0,Criciúma,Juventude,Juventude,0,2,sintetica
7476,26.0,Cuiabá,Náutico,Cuiabá,3,0,sintetica
7477,26.0,Goiás,Vila Nova,Goiás,1,0,sintetica
7478,26.0,Londrina,Atlético-GO,Empate,0,0,sintetica
7479,26.0,Novorizontino,Ceará,Novorizontino,2,1,sintetica
7480,26.0,São Bernardo,Ponte Preta,São Bernardo,3,0,sintetica
7481,27.0,Athletic,Criciúma,Athletic,2,0,sintetica
7482,27.0,Atlético-GO,Ceará,Atlético-GO,2,1,sintetica
7483,27.0,Botafogo-SP,América-MG,Botafogo-SP,2,1,sintetica
7484,27.0,CRB,Sport,CRB,2,1,sintetica
7485,27.0,Fortaleza,Cuiabá,Empate,0,0,sintetica
7486,27.0,Juventude,Avaí,Juventude,1,0,sintetica
7487,27.0,Novorizontino,Goiás,Novorizontino,3,0,sintetica
7488,27.0,Náutico,Ponte Preta,Náutico,1,0,sintetica
7489,27.0,São Bernardo,Londrina,Londrina,1,2,sintetica
7490,27.0,Vila Nova,Operário Ferroviário,Vila Nova,2,1,sintetica
7491,28.0,Cuiabá,Criciúma,Empate,1,1,sintetica
7492,28.0,Fortaleza,Botafogo-SP,Fortaleza,1,0,sintetica
7493,28.0,Goiás,Juventude,Juventude,0,1,sintetica
7494,28.0,Londrina,Athletic,Londrina,2,0,sintetica
7495,28.0,Novorizontino,Vila Nova,Novorizontino,2,1,sintetica
7496,28.0,Náutico,Atlético-GO,Empate,1,1,sintetica
7497,28.0,Operário Ferroviário,Ceará,Empate,2,2,sintetica
7498,28.0,Ponte Preta,CRB,Ponte Preta,1,0,sintetica
7499,28.0,Sport,Avaí,Empate,2,2,sintetica
7500,28.0,São Bernardo,América-MG,Empate,1,1,sintetica
7501,29.0,América-MG,Londrina,Empate,1,1,sintetica
7502,29.0,Athletic,Fortaleza,Athletic,1,0,sintetica
7503,29.0,Atlético-GO,Vila Nova,Vila Nova,0,2,sintetica
7504,29.0,Botafogo-SP,Criciúma,Empate,1,1,sintetica
7505,29.0,Ceará,Ponte Preta,Ceará,2,0,sintetica
7506,29.0,Cuiabá,CRB,Cuiabá,2,0,sintetica
7507,29.0,Goiás,Avaí,Goiás,2,1,sintetica
7508,29.0,Novorizontino,Juventude,Juventude,0,1,sintetica
7509,29.0,Náutico,Sport,Náutico,3,1,sintetica
7510,29.0,Operário Ferroviário,São Bernardo,São Bernardo,1,3,sintetica
7511,30.0,Athletic,América-MG,Empate,1,1,sintetica
7512,30.0,Botafogo-SP,São Bernardo,São Bernardo,1,2,sintetica
7513,30.0,Ceará,Sport,Ceará,2,1,sintetica
7514,30.0,Criciúma,Cuiabá,Criciúma,2,0,sintetica
7515,30.0,Fortaleza,CRB,Empate,1,1,sintetica
7516,30.0,Goiás,Novorizontino,Novorizontino,0,4,sintetica
7517,30.0,Juventude,Londrina,Juventude,1,0,sintetica
7518,30.0,Operário Ferroviário,Avaí,Avaí,1,2,sintetica
7519,30.0,Ponte Preta,Náutico,Empate,1,1,sintetica
7520,30.0,Vila Nova,Atlético-GO,Vila Nova,2,1,sintetica
7521,31.0,Athletic,Novorizontino,Novorizontino,1,4,sintetica
7522,31.0,Atlético-GO,Fortaleza,Atlético-GO,1,0,sintetica
7523,31.0,Avaí,Ponte Preta,Ponte Preta,1,2,sintetica
7524,31.0,Ceará,CRB,CRB,0,1,sintetica
7525,31.0,Criciúma,Botafogo-SP,Criciúma,1,0,sintetica
7526,31.0,Londrina,Goiás,Empate,2,2,sintetica
7527,31.0,Náutico,Cuiabá,Náutico,1,0,sintetica
7528,31.0,Operário Ferroviário,Juventude,Operário Ferroviário,2,1,sintetica
7529,31.0,Sport,América-MG,Sport,3,0,sintetica
7530,31.0,Vila Nova,São Bernardo,Vila Nova,2,1,sintetica
7531,32.0,CRB,Fortaleza,Empate,1,1,sintetica
